row_id,column,error_type,error_value,right_value,missing_value,constraint,tuple_pairs,valid_key,table_difference,source_error_matches_dirty,source_right_matches_clean,source_error_value,source_right_value,annotation_orientation_fixed
0,MeasureName,rule_violation,surgery patients who were taking heart drugs caxxed beta bxockers before coming to the hospitax who were kept on the beta bxockers during the period just before and after their surgery,surgery patients who were taking heart drugs called beta blockers before coming to the hospital who were kept on the beta blockers during the period just before and after their surgery,0,"Constraint Violation: The MeasureCode of Row 0 is equal to the MeasureCode of Row 136, and The MeasureName of Row 0 is different from the MeasureName of Row 136.","(0, 136)",True,True,False,False,surgery patients who were taking heart drugs called beta blockers before coming to the hospital who were kept on the beta blockers during the period just before and after their surgery,surgery patients who were taking heart drugs caxxed beta bxockers before coming to the hospitax who were kept on the beta bxockers during the period just before and after their surgery,True
3,City,rule_violation,birminghxm,birmingham,0,"Constraint Violation: The HospitalName of Row 1 is equal to the HospitalName of Row 3, and The City of Row 1 is different from the City of Row 3.","(1, 3)",True,True,False,False,birmingham,birminghxm,True
7,City,rule_violation,birmingxam,birmingham,0,"Constraint Violation: The HospitalName of Row 0 is equal to the HospitalName of Row 7, and The City of Row 0 is different from the City of Row 7.","(0, 7)",True,True,False,False,birmingham,birmingxam,True
10,City,rule_violation,sheffxeld,sheffield,0,"Constraint Violation: The HospitalName of Row 10 is equal to the HospitalName of Row 454, and The City of Row 10 is different from the City of Row 454.","(10, 454)",True,True,False,False,sheffield,sheffxeld,True
13,ProviderNumber,rule_violation,1xx19,10019,0,"Constraint Violation: The HospitalName of Row 13 is equal to the HospitalName of Row 461, and The ProviderNumber of Row 13 is different from the ProviderNumber of Row 461.","(13, 461)",True,True,False,False,10019,1xx19,True
16,HospitalType,pattern_violation,acuxe care hospixals,acute care hospitals,0,,,True,True,False,False,acute care hospitals,acuxe care hospixals,True
17,Sample,pattern_violation,3x patients,37 patients,0,,,True,True,False,False,37 patients,3x patients,True
21,Condition,rule_violation,heart attaxk,heart attack,0,"Constraint Violation: The MeasureCode of Row 21 is equal to the MeasureCode of Row 568, and The Condition of Row 21 is different from the Condition of Row 568.","(21, 568)",True,True,False,False,heart attack,heart attaxk,True
22,HospitalOwner,rule_violation,government - hospxtal dxstrxct or authorxty,government - hospital district or authority,0,"Constraint Violation: The HospitalName of Row 22 is equal to the HospitalName of Row 34, and The HospitalOwner of Row 22 is different from the HospitalOwner of Row 34.","(22, 34)",True,True,False,False,government - hospital district or authority,government - hospxtal dxstrxct or authorxty,True
22,Condition,rule_violation,hearx axxack,heart attack,0,"Constraint Violation: The MeasureCode of Row 22 is equal to the MeasureCode of Row 494, and The Condition of Row 22 is different from the Condition of Row 494.","(22, 494)",True,True,False,False,heart attack,hearx axxack,True
24,PhoneNumber,rule_violation,334793870x,3347938701,0,"Constraint Violation: The HospitalName of Row 24 is equal to the HospitalName of Row 25, and The PhoneNumber of Row 24 is different from the PhoneNumber of Row 25.","(24, 25)",True,True,False,False,3347938701,334793870x,True
24,EmergencyService,rule_violation,yxs,yes,0,"Constraint Violation: The ZipCode of Row 24 is equal to the ZipCode of Row 43, and The EmergencyService of Row 24 is different from the EmergencyService of Row 43.","(24, 43)",True,True,False,False,yes,yxs,True
26,HospitalName,rule_violation,southeast alabama medxcal center,southeast alabama medical center,0,"Constraint Violation: The ProviderNumber of Row 24 is equal to the ProviderNumber of Row 26, and The HospitalName of Row 24 is different from the HospitalName of Row 26.","(24, 26)",True,True,False,False,southeast alabama medical center,southeast alabama medxcal center,True
27,HospitalOwner,rule_violation,government - hospital xistrict or authority,government - hospital district or authority,0,"Constraint Violation: The HospitalName of Row 20 is equal to the HospitalName of Row 27, and The HospitalOwner of Row 20 is different from the HospitalOwner of Row 27.","(20, 27)",True,True,False,False,government - hospital district or authority,government - hospital xistrict or authority,True
31,HospitalOwner,rule_violation,governmenx - hospixal disxricx or auxhorixy,government - hospital district or authority,0,"Constraint Violation: The HospitalName of Row 31 is equal to the HospitalName of Row 32, and The HospitalOwner of Row 31 is different from the HospitalOwner of Row 32.","(31, 32)",True,True,False,False,government - hospital district or authority,governmenx - hospixal disxricx or auxhorixy,True
36,PhoneNumber,rule_violation,xx479x8701,3347938701,0,"Constraint Violation: The HospitalName of Row 36 is equal to the HospitalName of Row 38, and The PhoneNumber of Row 36 is different from the PhoneNumber of Row 38.","(36, 38)",True,True,False,False,3347938701,xx479x8701,True
39,HospitalType,pattern_violation,acxte care hospitals,acute care hospitals,0,,,True,True,False,False,acute care hospitals,acxte care hospitals,True
42,State,pattern_violation,xl,al,0,,,True,True,False,False,al,xl,True
42,HospitalOwner,rule_violation,gxvernment - hxspital district xr authxrity,government - hospital district or authority,0,"Constraint Violation: The HospitalName of Row 39 is equal to the HospitalName of Row 42, and The HospitalOwner of Row 39 is different from the HospitalOwner of Row 42.","(39, 42)",True,True,False,False,government - hospital district or authority,gxvernment - hxspital district xr authxrity,True
43,EmergencyService,rule_violation,yex,yes,0,"Constraint Violation: The ZipCode of Row 30 is equal to the ZipCode of Row 43, and The EmergencyService of Row 30 is different from the EmergencyService of Row 43.","(30, 43)",True,True,False,False,yes,yex,True
44,ZipCode,rule_violation,x5957,35957,0,"Constraint Violation: The HospitalName of Row 44 is equal to the HospitalName of Row 54, and The ZipCode of Row 44 is different from the ZipCode of Row 54.","(44, 54)",True,True,False,False,35957,x5957,True
45,ProviderNumber,rule_violation,x0005,10005,0,"Constraint Violation: The HospitalName of Row 45 is equal to the HospitalName of Row 48, and The ProviderNumber of Row 45 is different from the ProviderNumber of Row 48.","(45, 48)",True,True,False,False,10005,x0005,True
46,State,rule_violation,xl,al,0,"Constraint Violation: The HospitalName of Row 46 is equal to the HospitalName of Row 47, and The PhoneNumber of Row 46 is equal to the PhoneNumber of Row 47, and The HospitalOwner of Row 46 is equal to the HospitalOwner of Row 47, and The State of Row 46 is different from the State of Row 47.","(46, 47)",True,True,False,False,al,xl,True
50,State,rule_violation,xl,al,0,"Constraint Violation: The HospitalName of Row 50 is equal to the HospitalName of Row 64, and The PhoneNumber of Row 50 is equal to the PhoneNumber of Row 64, and The HospitalOwner of Row 50 is equal to the HospitalOwner of Row 64, and The State of Row 50 is different from the State of Row 64.","(50, 64)",True,True,False,False,al,xl,True
51,EmergencyService,rule_violation,yxs,yes,0,"Constraint Violation: The ZipCode of Row 46 is equal to the ZipCode of Row 51, and The EmergencyService of Row 46 is different from the EmergencyService of Row 51.","(46, 51)",True,True,False,False,yes,yxs,True
56,City,rule_violation,boxz,boaz,0,"Constraint Violation: The HospitalName of Row 56 is equal to the HospitalName of Row 60, and The City of Row 56 is different from the City of Row 60.","(56, 60)",True,True,False,False,boaz,boxz,True
56,Stateavg,rule_violation,al_pn-xb,al_pn-3b,0,"Constraint Violation: The MeasureCode of Row 56 is equal to the MeasureCode of Row 528, and The Stateavg of Row 56 is different from the Stateavg of Row 528.","(56, 528)",True,True,False,False,al_pn-3b,al_pn-xb,True
57,Address1,rule_violation,2505xuxsxhighwayx431xnorth,2505 u s highway 431 north,0,"Constraint Violation: The HospitalName of Row 57 is equal to the HospitalName of Row 58, and The Address1 of Row 57 is different from the Address1 of Row 58.","(57, 58)",True,True,False,False,2505 u s highway 431 north,2505xuxsxhighwayx431xnorth,True
57,PhoneNumber,rule_violation,2x6x938310,2565938310,0,"Constraint Violation: The HospitalName of Row 57 is equal to the HospitalName of Row 64, and The PhoneNumber of Row 57 is different from the PhoneNumber of Row 64.","(57, 64)",True,True,False,False,2565938310,2x6x938310,True
60,PhoneNumber,rule_violation,2x6x938310,2565938310,0,"Constraint Violation: The HospitalName of Row 52 is equal to the HospitalName of Row 60, and The PhoneNumber of Row 52 is different from the PhoneNumber of Row 60.","(52, 60)",True,True,False,False,2565938310,2x6x938310,True
63,ZipCode,rule_violation,3595x,35957,0,"Constraint Violation: The HospitalName of Row 54 is equal to the HospitalName of Row 63, and The ZipCode of Row 54 is different from the ZipCode of Row 63.","(54, 63)",True,True,False,False,35957,3595x,True
65,PhoneNumber,rule_violation,2565x38310,2565938310,0,"Constraint Violation: The HospitalName of Row 61 is equal to the HospitalName of Row 65, and The PhoneNumber of Row 61 is different from the PhoneNumber of Row 65.","(61, 65)",True,True,False,False,2565938310,2565x38310,True
67,CountyName,rule_violation,mxrshxll,marshall,0,"Constraint Violation: The City of Row 64 is equal to the City of Row 67, and The CountyName of Row 64 is different from the CountyName of Row 67.","(64, 67)",True,True,False,False,marshall,mxrshxll,True
69,Stateavg,rule_violation,al_amx-1,al_ami-1,0,"Constraint Violation: The MeasureCode of Row 69 is equal to the MeasureCode of Row 119, and The Stateavg of Row 69 is different from the Stateavg of Row 119.","(69, 119)",True,True,False,False,al_ami-1,al_amx-1,True
70,ZipCode,rule_violation,3563x,35631,0,"Constraint Violation: The HospitalName of Row 70 is equal to the HospitalName of Row 85, and The ZipCode of Row 70 is different from the ZipCode of Row 85.","(70, 85)",True,True,False,False,35631,3563x,True
72,CountyName,rule_violation,laudxrdalx,lauderdale,0,"Constraint Violation: The City of Row 72 is equal to the City of Row 89, and The CountyName of Row 72 is different from the CountyName of Row 89.","(72, 89)",True,True,False,False,lauderdale,laudxrdalx,True
73,Condition,rule_violation,hearx axxack,heart attack,0,"Constraint Violation: The MeasureCode of Row 73 is equal to the MeasureCode of Row 595, and The Condition of Row 73 is different from the Condition of Row 595.","(73, 595)",True,True,False,False,heart attack,hearx axxack,True
77,CountyName,rule_violation,laudexdale,lauderdale,0,"Constraint Violation: The City of Row 71 is equal to the City of Row 77, and The CountyName of Row 71 is different from the CountyName of Row 77.","(71, 77)",True,True,False,False,lauderdale,laudexdale,True
79,City,rule_violation,fxorence,florence,0,"Constraint Violation: The HospitalName of Row 72 is equal to the HospitalName of Row 79, and The City of Row 72 is different from the City of Row 79.","(72, 79)",True,True,False,False,florence,fxorence,True
81,ProviderNumber,rule_violation,1000x,10006,0,"Constraint Violation: The HospitalName of Row 72 is equal to the HospitalName of Row 81, and The ProviderNumber of Row 72 is different from the ProviderNumber of Row 81.","(72, 81)",True,True,False,False,10006,1000x,True
83,State,rule_violation,xl,al,0,"Constraint Violation: The HospitalName of Row 77 is equal to the HospitalName of Row 83, and The PhoneNumber of Row 77 is equal to the PhoneNumber of Row 83, and The HospitalOwner of Row 77 is equal to the HospitalOwner of Row 83, and The State of Row 77 is different from the State of Row 83.","(77, 83)",True,True,False,False,al,xl,True
88,City,rule_violation,florxncx,florence,0,"Constraint Violation: The HospitalName of Row 79 is equal to the HospitalName of Row 88, and The City of Row 79 is different from the City of Row 88.","(79, 88)",True,True,False,False,florence,florxncx,True
91,Sample,pattern_violation,619 paxienxs,619 patients,0,,,True,True,False,False,619 patients,619 paxienxs,True
93,City,rule_violation,flxrence,florence,0,"Constraint Violation: The HospitalName of Row 85 is equal to the HospitalName of Row 93, and The City of Row 85 is different from the City of Row 93.","(85, 93)",True,True,False,False,florence,flxrence,True
93,ZipCode,rule_violation,3563x,35631,0,"Constraint Violation: The HospitalName of Row 88 is equal to the HospitalName of Row 93, and The ZipCode of Row 88 is different from the ZipCode of Row 93.","(88, 93)",True,True,False,False,35631,3563x,True
94,Address1,rule_violation,702xnxmainxst,702 n main st,0,"Constraint Violation: The HospitalName of Row 94 is equal to the HospitalName of Row 98, and The Address1 of Row 94 is different from the Address1 of Row 98.","(94, 98)",True,True,False,False,702 n main st,702xnxmainxst,True
94,MeasureName,rule_violation,xeart attack patients given aspirin at arrival,heart attack patients given aspirin at arrival,0,"Constraint Violation: The MeasureCode of Row 94 is equal to the MeasureCode of Row 379, and The MeasureName of Row 94 is different from the MeasureName of Row 379.","(94, 379)",True,True,False,False,heart attack patients given aspirin at arrival,xeart attack patients given aspirin at arrival,True
97,MeasureCode,rule_violation,axi-4,ami-4,0,"Constraint Violation: The MeasureName of Row 97 is equal to the MeasureName of Row 147, and The MeasureCode of Row 97 is different from the MeasureCode of Row 147.","(97, 147)",True,True,False,False,ami-4,axi-4,True
98,State,rule_violation,xl,al,0,"Constraint Violation: The HospitalName of Row 95 is equal to the HospitalName of Row 98, and The PhoneNumber of Row 95 is equal to the PhoneNumber of Row 98, and The HospitalOwner of Row 95 is equal to the HospitalOwner of Row 98, and The State of Row 95 is different from the State of Row 98.","(95, 98)",True,True,False,False,al,xl,True
98,HospitalType,pattern_violation,acute care hosxitals,acute care hospitals,0,,,True,True,False,False,acute care hospitals,acute care hosxitals,True
101,PhoneNumber,rule_violation,3344x33541,3344933541,0,"Constraint Violation: The HospitalName of Row 101 is equal to the HospitalName of Row 118, and The PhoneNumber of Row 101 is different from the PhoneNumber of Row 118.","(101, 118)",True,True,False,False,3344933541,3344x33541,True
101,MeasureCode,rule_violation,hfx1,hf-1,0,"Constraint Violation: The MeasureName of Row 101 is equal to the MeasureName of Row 361, and The MeasureCode of Row 101 is different from the MeasureCode of Row 361.","(101, 361)",True,True,False,False,hf-1,hfx1,True
106,Address1,rule_violation,702 x maix st,702 n main st,0,"Constraint Violation: The HospitalName of Row 106 is equal to the HospitalName of Row 109, and The Address1 of Row 106 is different from the Address1 of Row 109.","(106, 109)",True,True,False,False,702 n main st,702 x maix st,True
108,MeasureCode,rule_violation,pnx5c,pn-5c,0,"Constraint Violation: The MeasureName of Row 108 is equal to the MeasureName of Row 944, and The MeasureCode of Row 108 is different from the MeasureCode of Row 944.","(108, 944)",True,True,False,False,pn-5c,pnx5c,True
111,MeasureName,rule_violation,surgery patiexts who were takixg heart drugs called beta blockers before comixg to the hospital who were kept ox the beta blockers durixg the period just before axd after their surgery,surgery patients who were taking heart drugs called beta blockers before coming to the hospital who were kept on the beta blockers during the period just before and after their surgery,0,"Constraint Violation: The MeasureCode of Row 111 is equal to the MeasureCode of Row 844, and The MeasureName of Row 111 is different from the MeasureName of Row 844.","(111, 844)",True,True,False,False,surgery patients who were taking heart drugs called beta blockers before coming to the hospital who were kept on the beta blockers during the period just before and after their surgery,surgery patiexts who were takixg heart drugs called beta blockers before comixg to the hospital who were kept ox the beta blockers durixg the period just before axd after their surgery,True
113,HospitalOwner,rule_violation,volunxary non-profix - privaxe,voluntary non-profit - private,0,"Constraint Violation: The HospitalName of Row 98 is equal to the HospitalName of Row 113, and The HospitalOwner of Row 98 is different from the HospitalOwner of Row 113.","(98, 113)",True,True,False,False,voluntary non-profit - private,volunxary non-profix - privaxe,True
115,Sample,pattern_violation,0 patixnts,0 patients,0,,,True,True,False,False,0 patients,0 patixnts,True
119,State,rule_violation,ax,al,0,"Constraint Violation: The HospitalName of Row 119 is equal to the HospitalName of Row 122, and The PhoneNumber of Row 119 is equal to the PhoneNumber of Row 122, and The HospitalOwner of Row 119 is equal to the HospitalOwner of Row 122, and The State of Row 119 is different from the State of Row 122.","(119, 122)",True,True,False,False,al,ax,True
119,MeasureName,rule_violation,heart attack patients given aspirin at arrivax,heart attack patients given aspirin at arrival,0,"Constraint Violation: The MeasureCode of Row 119 is equal to the MeasureCode of Row 169, and The MeasureName of Row 119 is different from the MeasureName of Row 169.","(119, 169)",True,True,False,False,heart attack patients given aspirin at arrival,heart attack patients given aspirin at arrivax,True
120,MeasureCode,rule_violation,axi-2,ami-2,0,"Constraint Violation: The MeasureName of Row 120 is equal to the MeasureName of Row 981, and The MeasureCode of Row 120 is different from the MeasureCode of Row 981.","(120, 981)",True,True,False,False,ami-2,axi-2,True
120,Score,pattern_violation,x00%,100%,0,,,True,True,False,False,100%,x00%,True
127,Condition,rule_violation,heaxt failuxe,heart failure,0,"Constraint Violation: The MeasureCode of Row 127 is equal to the MeasureCode of Row 474, and The Condition of Row 127 is different from the Condition of Row 474.","(127, 474)",True,True,False,False,heart failure,heaxt failuxe,True
131,HospitalName,rule_violation,crenshaw cxmmunity hxspital,crenshaw community hospital,0,"Constraint Violation: The ProviderNumber of Row 123 is equal to the ProviderNumber of Row 131, and The HospitalName of Row 123 is different from the HospitalName of Row 131.","(123, 131)",True,True,False,False,crenshaw community hospital,crenshaw cxmmunity hxspital,True
133,Sample,pattern_violation,21 pxtients,21 patients,0,,,True,True,False,False,21 patients,21 pxtients,True
136,CountyName,rule_violation,crxnshaw,crenshaw,0,"Constraint Violation: The City of Row 136 is equal to the City of Row 141, and The CountyName of Row 136 is different from the CountyName of Row 141.","(136, 141)",True,True,False,False,crenshaw,crxnshaw,True
137,ZipCode,rule_violation,36x49,36049,0,"Constraint Violation: The HospitalName of Row 124 is equal to the HospitalName of Row 137, and The ZipCode of Row 124 is different from the ZipCode of Row 137.","(124, 137)",True,True,False,False,36049,36x49,True
139,ZipCode,rule_violation,360x9,36049,0,"Constraint Violation: The HospitalName of Row 125 is equal to the HospitalName of Row 139, and The ZipCode of Row 125 is different from the ZipCode of Row 139.","(125, 139)",True,True,False,False,36049,360x9,True
140,State,rule_violation,ax,al,0,"Constraint Violation: The HospitalName of Row 122 is equal to the HospitalName of Row 140, and The PhoneNumber of Row 122 is equal to the PhoneNumber of Row 140, and The HospitalOwner of Row 122 is equal to the HospitalOwner of Row 140, and The State of Row 122 is different from the State of Row 140.","(122, 140)",True,True,False,False,al,ax,True
145,MeasureName,rule_violation,heart attaxk patients given aspirin at disxharge,heart attack patients given aspirin at discharge,0,"Constraint Violation: The MeasureCode of Row 145 is equal to the MeasureCode of Row 692, and The MeasureName of Row 145 is different from the MeasureName of Row 692.","(145, 692)",True,True,False,False,heart attack patients given aspirin at discharge,heart attaxk patients given aspirin at disxharge,True
149,ZipCode,rule_violation,3x640,35640,0,"Constraint Violation: The HospitalName of Row 149 is equal to the HospitalName of Row 163, and The ZipCode of Row 149 is different from the ZipCode of Row 163.","(149, 163)",True,True,False,False,35640,3x640,True
157,ZipCode,rule_violation,3x640,35640,0,"Constraint Violation: The HospitalName of Row 145 is equal to the HospitalName of Row 157, and The ZipCode of Row 145 is different from the ZipCode of Row 157.","(145, 157)",True,True,False,False,35640,3x640,True
157,HospitalOwner,rule_violation,pxopxietaxy,proprietary,0,"Constraint Violation: The HospitalName of Row 150 is equal to the HospitalName of Row 157, and The HospitalOwner of Row 150 is different from the HospitalOwner of Row 157.","(150, 157)",True,True,False,False,proprietary,pxopxietaxy,True
157,EmergencyService,rule_violation,yxs,yes,0,"Constraint Violation: The ZipCode of Row 149 is equal to the ZipCode of Row 157, and The EmergencyService of Row 149 is different from the EmergencyService of Row 157.","(149, 157)",True,True,False,False,yes,yxs,True
158,Score,pattern_violation,9x%,98%,0,,,True,True,False,False,98%,9x%,True
159,HospitalOwner,rule_violation,proxrietary,proprietary,0,"Constraint Violation: The HospitalName of Row 148 is equal to the HospitalName of Row 159, and The HospitalOwner of Row 148 is different from the HospitalOwner of Row 159.","(148, 159)",True,True,False,False,proprietary,proxrietary,True
161,Address1,rule_violation,201 pine sxreex norxhwesx,201 pine street northwest,0,"Constraint Violation: The HospitalName of Row 161 is equal to the HospitalName of Row 168, and The Address1 of Row 161 is different from the Address1 of Row 168.","(161, 168)",True,True,False,False,201 pine street northwest,201 pine sxreex norxhwesx,True
162,HospitalOwner,rule_violation,xroprietary,proprietary,0,"Constraint Violation: The HospitalName of Row 161 is equal to the HospitalName of Row 162, and The HospitalOwner of Row 161 is different from the HospitalOwner of Row 162.","(161, 162)",True,True,False,False,proprietary,xroprietary,True
163,Score,pattern_violation,x7%,57%,0,,,True,True,False,False,57%,x7%,True
164,HospitalOwner,rule_violation,pxopxietaxy,proprietary,0,"Constraint Violation: The HospitalName of Row 145 is equal to the HospitalName of Row 164, and The HospitalOwner of Row 145 is different from the HospitalOwner of Row 164.","(145, 164)",True,True,False,False,proprietary,pxopxietaxy,True
165,State,rule_violation,ax,al,0,"Constraint Violation: The HospitalName of Row 165 is equal to the HospitalName of Row 168, and The PhoneNumber of Row 165 is equal to the PhoneNumber of Row 168, and The HospitalOwner of Row 165 is equal to the HospitalOwner of Row 168, and The State of Row 165 is different from the State of Row 168.","(165, 168)",True,True,False,False,al,ax,True
166,Sample,pattern_violation,xx patients,11 patients,0,,,True,True,False,False,11 patients,xx patients,True
170,Sample,pattern_violation,6xpatients,6 patients,0,,,True,True,False,False,6 patients,6xpatients,True
171,HospitalName,rule_violation,marshall medical cenxer norxh,marshall medical center north,0,"Constraint Violation: The ProviderNumber of Row 171 is equal to the ProviderNumber of Row 184, and The HospitalName of Row 171 is different from the HospitalName of Row 184.","(171, 184)",True,True,False,False,marshall medical center north,marshall medical cenxer norxh,True
175,Address1,rule_violation,8000 alabama xigxway 69,8000 alabama highway 69,0,"Constraint Violation: The HospitalName of Row 175 is equal to the HospitalName of Row 176, and The Address1 of Row 175 is different from the Address1 of Row 176.","(175, 176)",True,True,False,False,8000 alabama highway 69,8000 alabama xigxway 69,True
177,MeasureCode,rule_violation,hf-x,hf-2,0,"Constraint Violation: The MeasureName of Row 27 is equal to the MeasureName of Row 177, and The MeasureCode of Row 27 is different from the MeasureCode of Row 177.","(27, 177)",True,True,False,False,hf-2,hf-x,True
180,City,rule_violation,guntxrsvillx,guntersville,0,"Constraint Violation: The HospitalName of Row 178 is equal to the HospitalName of Row 180, and The City of Row 178 is different from the City of Row 180.","(178, 180)",True,True,False,False,guntersville,guntxrsvillx,True
182,State,rule_violation,xl,al,0,"Constraint Violation: The HospitalName of Row 169 is equal to the HospitalName of Row 182, and The PhoneNumber of Row 169 is equal to the PhoneNumber of Row 182, and The HospitalOwner of Row 169 is equal to the HospitalOwner of Row 182, and The State of Row 169 is different from the State of Row 182.","(169, 182)",True,True,False,False,al,xl,True
187,Score,pattern_violation,95x,95%,0,,,True,True,False,False,95%,95x,True
190,MeasureCode,rule_violation,scip-inx-4,scip-inf-4,0,"Constraint Violation: The MeasureName of Row 190 is equal to the MeasureName of Row 687, and The MeasureCode of Row 190 is different from the MeasureCode of Row 687.","(190, 687)",True,True,False,False,scip-inf-4,scip-inx-4,True
193,Stateavg,rule_violation,al_scix-vte-2,al_scip-vte-2,0,"Constraint Violation: The MeasureCode of Row 193 is equal to the MeasureCode of Row 901, and The Stateavg of Row 193 is different from the Stateavg of Row 901.","(193, 901)",True,True,False,False,al_scip-vte-2,al_scix-vte-2,True
196,ZipCode,rule_violation,3x23x,35235,0,"Constraint Violation: The HospitalName of Row 196 is equal to the HospitalName of Row 213, and The ZipCode of Row 196 is different from the ZipCode of Row 213.","(196, 213)",True,True,False,False,35235,3x23x,True
199,HospitalType,pattern_violation,acute care hosxitals,acute care hospitals,0,,,True,True,False,False,acute care hospitals,acute care hosxitals,True
199,Condition,rule_violation,heaxt attack,heart attack,0,"Constraint Violation: The MeasureCode of Row 199 is equal to the MeasureCode of Row 359, and The Condition of Row 199 is different from the Condition of Row 359.","(199, 359)",True,True,False,False,heart attack,heaxt attack,True
207,City,rule_violation,birmixgham,birmingham,0,"Constraint Violation: The HospitalName of Row 207 is equal to the HospitalName of Row 211, and The City of Row 207 is different from the City of Row 211.","(207, 211)",True,True,False,False,birmingham,birmixgham,True
208,Score,pattern_violation,x5%,95%,0,,,True,True,False,False,95%,x5%,True
210,MeasureName,rule_violation,pneumoniaxpatientsxassessedxandxgivenxinfluenzaxvaccination,pneumonia patients assessed and given influenza vaccination,0,"Constraint Violation: The MeasureCode of Row 185 is equal to the MeasureCode of Row 210, and The MeasureName of Row 185 is different from the MeasureName of Row 210.","(185, 210)",True,True,False,False,pneumonia patients assessed and given influenza vaccination,pneumoniaxpatientsxassessedxandxgivenxinfluenzaxvaccination,True
212,City,rule_violation,bxrmxngham,birmingham,0,"Constraint Violation: The HospitalName of Row 212 is equal to the HospitalName of Row 217, and The City of Row 212 is different from the City of Row 217.","(212, 217)",True,True,False,False,birmingham,bxrmxngham,True
213,ProviderNumber,rule_violation,x00xx,10011,0,"Constraint Violation: The HospitalName of Row 194 is equal to the HospitalName of Row 213, and The ProviderNumber of Row 194 is different from the ProviderNumber of Row 213.","(194, 213)",True,True,False,False,10011,x00xx,True
213,HospitalType,pattern_violation,acutx carx hospitals,acute care hospitals,0,,,True,True,False,False,acute care hospitals,acutx carx hospitals,True
213,Stateavg,rule_violation,al_sxip-inf-2,al_scip-inf-2,0,"Constraint Violation: The MeasureCode of Row 213 is equal to the MeasureCode of Row 760, and The Stateavg of Row 213 is different from the Stateavg of Row 760.","(213, 760)",True,True,False,False,al_scip-inf-2,al_sxip-inf-2,True
216,CountyName,rule_violation,jeffersxn,jefferson,0,"Constraint Violation: The City of Row 216 is equal to the City of Row 672, and The CountyName of Row 216 is different from the CountyName of Row 672.","(216, 672)",True,True,False,False,jefferson,jeffersxn,True
216,HospitalOwner,rule_violation,volunxary non-profix - privaxe,voluntary non-profit - private,0,"Constraint Violation: The HospitalName of Row 194 is equal to the HospitalName of Row 216, and The HospitalOwner of Row 194 is different from the HospitalOwner of Row 216.","(194, 216)",True,True,False,False,voluntary non-profit - private,volunxary non-profix - privaxe,True
217,PhoneNumber,rule_violation,2058x8x122,2058383122,0,"Constraint Violation: The HospitalName of Row 207 is equal to the HospitalName of Row 217, and The PhoneNumber of Row 207 is different from the PhoneNumber of Row 217.","(207, 217)",True,True,False,False,2058383122,2058x8x122,True
218,HospitalOwner,rule_violation,voluntary nonxprofit x private,voluntary non-profit - private,0,"Constraint Violation: The HospitalName of Row 214 is equal to the HospitalName of Row 218, and The HospitalOwner of Row 214 is different from the HospitalOwner of Row 218.","(214, 218)",True,True,False,False,voluntary non-profit - private,voluntary nonxprofit x private,True
219,MeasureName,rule_violation,heartxattackxpatientsxgivenxaspirinxatxarrival,heart attack patients given aspirin at arrival,0,"Constraint Violation: The MeasureCode of Row 44 is equal to the MeasureCode of Row 219, and The MeasureName of Row 44 is different from the MeasureName of Row 219.","(44, 219)",True,True,False,False,heart attack patients given aspirin at arrival,heartxattackxpatientsxgivenxaspirinxatxarrival,True
221,CountyName,rule_violation,dx kalb,de kalb,0,"Constraint Violation: The City of Row 221 is equal to the City of Row 233, and The CountyName of Row 221 is different from the CountyName of Row 233.","(221, 233)",True,True,False,False,de kalb,dx kalb,True
221,HospitalOwner,rule_violation,voluntaryxnon-profitx-xchurch,voluntary non-profit - church,0,"Constraint Violation: The HospitalName of Row 221 is equal to the HospitalName of Row 241, and The HospitalOwner of Row 221 is different from the HospitalOwner of Row 241.","(221, 241)",True,True,False,False,voluntary non-profit - church,voluntaryxnon-profitx-xchurch,True
223,CountyName,rule_violation,xe kalb,de kalb,0,"Constraint Violation: The City of Row 223 is equal to the City of Row 226, and The CountyName of Row 223 is different from the CountyName of Row 226.","(223, 226)",True,True,False,False,de kalb,xe kalb,True
224,Sample,pattern_violation,1 patiexts,1 patients,0,,,True,True,False,False,1 patients,1 patiexts,True
225,Condition,rule_violation,hexrt attxck,heart attack,0,"Constraint Violation: The MeasureCode of Row 25 is equal to the MeasureCode of Row 225, and The Condition of Row 25 is different from the Condition of Row 225.","(25, 225)",True,True,False,False,heart attack,hexrt attxck,True
227,CountyName,rule_violation,dx kalb,de kalb,0,"Constraint Violation: The City of Row 227 is equal to the City of Row 243, and The CountyName of Row 227 is different from the CountyName of Row 243.","(227, 243)",True,True,False,False,de kalb,dx kalb,True
228,City,rule_violation,fort payxe,fort payne,0,"Constraint Violation: The HospitalName of Row 228 is equal to the HospitalName of Row 232, and The City of Row 228 is different from the City of Row 232.","(228, 232)",True,True,False,False,fort payne,fort payxe,True
228,State,pattern_violation,ax,al,0,,,True,True,False,False,al,ax,True
228,PhoneNumber,rule_violation,2568453x50,2568453150,0,"Constraint Violation: The HospitalName of Row 221 is equal to the HospitalName of Row 228, and The PhoneNumber of Row 221 is different from the PhoneNumber of Row 228.","(221, 228)",True,True,False,False,2568453150,2568453x50,True
229,Condition,rule_violation,heart faxlure,heart failure,0,"Constraint Violation: The MeasureCode of Row 229 is equal to the MeasureCode of Row 323, and The Condition of Row 229 is different from the Condition of Row 323.","(229, 323)",True,True,False,False,heart failure,heart faxlure,True
232,ZipCode,rule_violation,359x8,35968,0,"Constraint Violation: The HospitalName of Row 232 is equal to the HospitalName of Row 238, and The ZipCode of Row 232 is different from the ZipCode of Row 238.","(232, 238)",True,True,False,False,35968,359x8,True
234,Sample,pattern_violation,82 patientx,82 patients,0,,,True,True,False,False,82 patients,82 patientx,True
236,Condition,rule_violation,suxgical infection pxevention,surgical infection prevention,0,"Constraint Violation: The MeasureCode of Row 236 is equal to the MeasureCode of Row 371, and The Condition of Row 236 is different from the Condition of Row 371.","(236, 371)",True,True,False,False,surgical infection prevention,suxgical infection pxevention,True
237,Score,pattern_violation,9x%,97%,0,,,True,True,False,False,97%,9x%,True
238,CountyName,rule_violation,xe kalb,de kalb,0,"Constraint Violation: The City of Row 238 is equal to the City of Row 242, and The CountyName of Row 238 is different from the CountyName of Row 242.","(238, 242)",True,True,False,False,de kalb,xe kalb,True
238,HospitalOwner,rule_violation,voxuntary non-profit - church,voluntary non-profit - church,0,"Constraint Violation: The HospitalName of Row 233 is equal to the HospitalName of Row 238, and The HospitalOwner of Row 233 is different from the HospitalOwner of Row 238.","(233, 238)",True,True,False,False,voluntary non-profit - church,voxuntary non-profit - church,True
238,Score,pattern_violation,xx%,99%,0,,,True,True,False,False,99%,xx%,True
239,Condition,rule_violation,surgxcal infectxon preventxon,surgical infection prevention,0,"Constraint Violation: The MeasureCode of Row 189 is equal to the MeasureCode of Row 239, and The Condition of Row 189 is different from the Condition of Row 239.","(189, 239)",True,True,False,False,surgical infection prevention,surgxcal infectxon preventxon,True
243,HospitalName,rule_violation,dexalb regional medical center,dekalb regional medical center,0,"Constraint Violation: The ProviderNumber of Row 235 is equal to the ProviderNumber of Row 243, and The HospitalName of Row 235 is different from the HospitalName of Row 243.","(235, 243)",True,True,False,False,dekalb regional medical center,dexalb regional medical center,True
244,ProviderNumber,rule_violation,x00x5,10015,0,"Constraint Violation: The HospitalName of Row 244 is equal to the HospitalName of Row 262, and The ProviderNumber of Row 244 is different from the ProviderNumber of Row 262.","(244, 262)",True,True,False,False,10015,x00x5,True
244,Stateavg,rule_violation,ax_ami-1,al_ami-1,0,"Constraint Violation: The MeasureCode of Row 244 is equal to the MeasureCode of Row 313, and The Stateavg of Row 244 is different from the Stateavg of Row 313.","(244, 313)",True,True,False,False,al_ami-1,ax_ami-1,True
247,PhoneNumber,rule_violation,xx46x66221,3346366221,0,"Constraint Violation: The HospitalName of Row 247 is equal to the HospitalName of Row 252, and The PhoneNumber of Row 247 is different from the PhoneNumber of Row 252.","(247, 252)",True,True,False,False,3346366221,xx46x66221,True
247,HospitalOwner,rule_violation,governxent - federal,government - federal,0,"Constraint Violation: The HospitalName of Row 247 is equal to the HospitalName of Row 256, and The HospitalOwner of Row 247 is different from the HospitalOwner of Row 256.","(247, 256)",True,True,False,False,government - federal,governxent - federal,True
248,Stateavg,rule_violation,xl_xmi-5,al_ami-5,0,"Constraint Violation: The MeasureCode of Row 48 is equal to the MeasureCode of Row 248, and The Stateavg of Row 48 is different from the Stateavg of Row 248.","(48, 248)",True,True,False,False,al_ami-5,xl_xmi-5,True
252,CountyName,rule_violation,xlarke,clarke,0,"Constraint Violation: The City of Row 252 is equal to the City of Row 262, and The CountyName of Row 252 is different from the CountyName of Row 262.","(252, 262)",True,True,False,False,clarke,xlarke,True
252,Score,pattern_violation,89x,89%,0,,,True,True,False,False,89%,89x,True
253,ProviderNumber,rule_violation,1xx15,10015,0,"Constraint Violation: The HospitalName of Row 253 is equal to the HospitalName of Row 254, and The ProviderNumber of Row 253 is different from the ProviderNumber of Row 254.","(253, 254)",True,True,False,False,10015,1xx15,True
256,Condition,rule_violation,xneumonia,pneumonia,0,"Constraint Violation: The MeasureCode of Row 256 is equal to the MeasureCode of Row 889, and The Condition of Row 256 is different from the Condition of Row 889.","(256, 889)",True,True,False,False,pneumonia,xneumonia,True
256,MeasureName,rule_violation,pneumonxa patxents whose inxtxal emergency room blood culture was performed prxor to the admxnxstratxon of the fxrst hospxtal dose of antxbxotxcs,pneumonia patients whose initial emergency room blood culture was performed prior to the administration of the first hospital dose of antibiotics,0,"Constraint Violation: The MeasureCode of Row 256 is equal to the MeasureCode of Row 553, and The MeasureName of Row 256 is different from the MeasureName of Row 553.","(256, 553)",True,True,False,False,pneumonia patients whose initial emergency room blood culture was performed prior to the administration of the first hospital dose of antibiotics,pneumonxa patxents whose inxtxal emergency room blood culture was performed prxor to the admxnxstratxon of the fxrst hospxtal dose of antxbxotxcs,True
256,Score,pattern_violation,x6%,96%,0,,,True,True,False,False,96%,x6%,True
260,Address1,rule_violation,33700 hxghway 43,33700 highway 43,0,"Constraint Violation: The HospitalName of Row 247 is equal to the HospitalName of Row 260, and The Address1 of Row 247 is different from the Address1 of Row 260.","(247, 260)",True,True,False,False,33700 highway 43,33700 hxghway 43,True
261,PhoneNumber,rule_violation,334x3xx221,3346366221,0,"Constraint Violation: The HospitalName of Row 258 is equal to the HospitalName of Row 261, and The PhoneNumber of Row 258 is different from the PhoneNumber of Row 261.","(258, 261)",True,True,False,False,3346366221,334x3xx221,True
264,Address1,rule_violation,33700 highway x3,33700 highway 43,0,"Constraint Violation: The HospitalName of Row 260 is equal to the HospitalName of Row 264, and The Address1 of Row 260 is different from the Address1 of Row 264.","(260, 264)",True,True,False,False,33700 highway 43,33700 highway x3,True
264,MeasureCode,rule_violation,scxp-xnf-3,scip-inf-3,0,"Constraint Violation: The MeasureName of Row 264 is equal to the MeasureName of Row 636, and The MeasureCode of Row 264 is different from the MeasureCode of Row 636.","(264, 636)",True,True,False,False,scip-inf-3,scxp-xnf-3,True
266,HospitalType,pattern_violation,acuxe care hospixals,acute care hospitals,0,,,True,True,False,False,acute care hospitals,acuxe care hospixals,True
267,ZipCode,rule_violation,x6784,36784,0,"Constraint Violation: The HospitalName of Row 245 is equal to the HospitalName of Row 267, and The ZipCode of Row 245 is different from the ZipCode of Row 267.","(245, 267)",True,True,False,False,36784,x6784,True
269,Stateavg,rule_violation,al_axi-1,al_ami-1,0,"Constraint Violation: The MeasureCode of Row 169 is equal to the MeasureCode of Row 269, and The Stateavg of Row 169 is different from the Stateavg of Row 269.","(169, 269)",True,True,False,False,al_ami-1,al_axi-1,True
273,ProviderNumber,rule_violation,1xx16,10016,0,"Constraint Violation: The HospitalName of Row 273 is equal to the HospitalName of Row 293, and The ProviderNumber of Row 273 is different from the ProviderNumber of Row 293.","(273, 293)",True,True,False,False,10016,1xx16,True
275,Address1,rule_violation,1000 fixst stxeet noxth,1000 first street north,0,"Constraint Violation: The HospitalName of Row 275 is equal to the HospitalName of Row 293, and The Address1 of Row 275 is different from the Address1 of Row 293.","(275, 293)",True,True,False,False,1000 first street north,1000 fixst stxeet noxth,True
278,State,rule_violation,xl,al,0,"Constraint Violation: The HospitalName of Row 278 is equal to the HospitalName of Row 280, and The PhoneNumber of Row 278 is equal to the PhoneNumber of Row 280, and The HospitalOwner of Row 278 is equal to the HospitalOwner of Row 280, and The State of Row 278 is different from the State of Row 280.","(278, 280)",True,True,False,False,al,xl,True
279,Condition,rule_violation,xeart failure,heart failure,0,"Constraint Violation: The MeasureCode of Row 279 is equal to the MeasureCode of Row 323, and The Condition of Row 279 is different from the Condition of Row 323.","(279, 323)",True,True,False,False,heart failure,xeart failure,True
280,HospitalType,pattern_violation,acutexcarexhospitals,acute care hospitals,0,,,True,True,False,False,acute care hospitals,acutexcarexhospitals,True
281,MeasureName,rule_violation,pnxumonia patixnts whosx initial emxrgxncy room blood culturx was pxrformxd prior to thx administration of thx first hospital dosx of antibiotics,pneumonia patients whose initial emergency room blood culture was performed prior to the administration of the first hospital dose of antibiotics,0,"Constraint Violation: The MeasureCode of Row 281 is equal to the MeasureCode of Row 753, and The MeasureName of Row 281 is different from the MeasureName of Row 753.","(281, 753)",True,True,False,False,pneumonia patients whose initial emergency room blood culture was performed prior to the administration of the first hospital dose of antibiotics,pnxumonia patixnts whosx initial emxrgxncy room blood culturx was pxrformxd prior to thx administration of thx first hospital dosx of antibiotics,True
283,ZipCode,rule_violation,3x007,35007,0,"Constraint Violation: The HospitalName of Row 283 is equal to the HospitalName of Row 287, and The ZipCode of Row 283 is different from the ZipCode of Row 287.","(283, 287)",True,True,False,False,35007,3x007,True
290,ZipCode,rule_violation,x5007,35007,0,"Constraint Violation: The HospitalName of Row 290 is equal to the HospitalName of Row 292, and The ZipCode of Row 290 is different from the ZipCode of Row 292.","(290, 292)",True,True,False,False,35007,x5007,True
290,MeasureName,rule_violation,all heart surgerx patients whose blood sugar (blood glucose) is kept under good control in the daxs right after surgerx,all heart surgery patients whose blood sugar (blood glucose) is kept under good control in the days right after surgery,0,"Constraint Violation: The MeasureCode of Row 290 is equal to the MeasureCode of Row 344, and The MeasureName of Row 290 is different from the MeasureName of Row 344.","(290, 344)",True,True,False,False,all heart surgery patients whose blood sugar (blood glucose) is kept under good control in the days right after surgery,all heart surgerx patients whose blood sugar (blood glucose) is kept under good control in the daxs right after surgerx,True
293,HospitalType,pattern_violation,acuxe care hospixals,acute care hospitals,0,,,True,True,False,False,acute care hospitals,acuxe care hospixals,True
295,Address1,rule_violation,1720 univxrsity blvd,1720 university blvd,0,"Constraint Violation: The HospitalName of Row 295 is equal to the HospitalName of Row 299, and The Address1 of Row 295 is different from the Address1 of Row 299.","(295, 299)",True,True,False,False,1720 university blvd,1720 univxrsity blvd,True
311,City,rule_violation,axxistox,anniston,0,"Constraint Violation: The HospitalName of Row 311 is equal to the HospitalName of Row 320, and The City of Row 311 is different from the City of Row 320.","(311, 320)",True,True,False,False,anniston,axxistox,True
312,CountyName,rule_violation,calhoxn,calhoun,0,"Constraint Violation: The City of Row 312 is equal to the City of Row 313, and The CountyName of Row 312 is different from the CountyName of Row 313.","(312, 313)",True,True,False,False,calhoun,calhoxn,True
313,HospitalOwner,rule_violation,prxprietary,proprietary,0,"Constraint Violation: The HospitalName of Row 313 is equal to the HospitalName of Row 315, and The HospitalOwner of Row 313 is different from the HospitalOwner of Row 315.","(313, 315)",True,True,False,False,proprietary,prxprietary,True
314,ProviderNumber,rule_violation,100x8,10038,0,"Constraint Violation: The HospitalName of Row 314 is equal to the HospitalName of Row 326, and The ProviderNumber of Row 314 is different from the ProviderNumber of Row 326.","(314, 326)",True,True,False,False,10038,100x8,True
316,Address1,rule_violation,301xeastx18thxst,301 east 18th st,0,"Constraint Violation: The HospitalName of Row 316 is equal to the HospitalName of Row 329, and The Address1 of Row 316 is different from the Address1 of Row 329.","(316, 329)",True,True,False,False,301 east 18th st,301xeastx18thxst,True
316,Sample,pattern_violation,29 xatients,29 patients,0,,,True,True,False,False,29 patients,29 xatients,True
318,EmergencyService,rule_violation,xes,yes,0,"Constraint Violation: The ZipCode of Row 318 is equal to the ZipCode of Row 772, and The EmergencyService of Row 318 is different from the EmergencyService of Row 772.","(318, 772)",True,True,False,False,yes,xes,True
321,PhoneNumber,rule_violation,256235x900,2562358900,0,"Constraint Violation: The HospitalName of Row 321 is equal to the HospitalName of Row 768, and The PhoneNumber of Row 321 is different from the PhoneNumber of Row 768.","(321, 768)",True,True,False,False,2562358900,256235x900,True
324,CountyName,rule_violation,caxhoun,calhoun,0,"Constraint Violation: The City of Row 324 is equal to the City of Row 768, and The CountyName of Row 324 is different from the CountyName of Row 768.","(324, 768)",True,True,False,False,calhoun,caxhoun,True
325,ZipCode,rule_violation,36x01,36201,0,"Constraint Violation: The HospitalName of Row 325 is equal to the HospitalName of Row 327, and The ZipCode of Row 325 is different from the ZipCode of Row 327.","(325, 327)",True,True,False,False,36201,36x01,True
327,EmergencyService,rule_violation,yex,yes,0,"Constraint Violation: The ZipCode of Row 327 is equal to the ZipCode of Row 766, and The EmergencyService of Row 327 is different from the EmergencyService of Row 766.","(327, 766)",True,True,False,False,yes,yex,True
332,ZipCode,rule_violation,3x305,36305,0,"Constraint Violation: The HospitalName of Row 332 is equal to the HospitalName of Row 346, and The ZipCode of Row 332 is different from the ZipCode of Row 346.","(332, 346)",True,True,False,False,36305,3x305,True
332,HospitalOwner,rule_violation,proxrietary,proprietary,0,"Constraint Violation: The HospitalName of Row 332 is equal to the HospitalName of Row 342, and The HospitalOwner of Row 332 is different from the HospitalOwner of Row 342.","(332, 342)",True,True,False,False,proprietary,proxrietary,True
332,EmergencyService,pattern_violation,yex,yes,0,,,True,True,False,False,yes,yex,True
334,Address1,rule_violation,4370xwestxmainxstreet,4370 west main street,0,"Constraint Violation: The HospitalName of Row 334 is equal to the HospitalName of Row 345, and The Address1 of Row 334 is different from the Address1 of Row 345.","(334, 345)",True,True,False,False,4370 west main street,4370xwestxmainxstreet,True
334,Stateavg,rule_violation,al_pnx2,al_pn-2,0,"Constraint Violation: The MeasureCode of Row 334 is equal to the MeasureCode of Row 941, and The Stateavg of Row 334 is different from the Stateavg of Row 941.","(334, 941)",True,True,False,False,al_pn-2,al_pnx2,True
336,Score,pattern_violation,x00%,100%,0,,,True,True,False,False,100%,x00%,True
337,HospitalName,rule_violation,floxers hospital,flowers hospital,0,"Constraint Violation: The ProviderNumber of Row 337 is equal to the ProviderNumber of Row 344, and The HospitalName of Row 337 is different from the HospitalName of Row 344.","(337, 344)",True,True,False,False,flowers hospital,floxers hospital,True
340,ZipCode,rule_violation,x6x05,36305,0,"Constraint Violation: The HospitalName of Row 340 is equal to the HospitalName of Row 344, and The ZipCode of Row 340 is different from the ZipCode of Row 344.","(340, 344)",True,True,False,False,36305,x6x05,True
342,PhoneNumber,rule_violation,xx479x5000,3347935000,0,"Constraint Violation: The HospitalName of Row 339 is equal to the HospitalName of Row 342, and The PhoneNumber of Row 339 is different from the PhoneNumber of Row 342.","(339, 342)",True,True,False,False,3347935000,xx479x5000,True
346,CountyName,rule_violation,housxon,houston,0,"Constraint Violation: The City of Row 333 is equal to the City of Row 346, and The CountyName of Row 333 is different from the CountyName of Row 346.","(333, 346)",True,True,False,False,houston,housxon,True
346,MeasureName,rule_violation,surgery pxtients whose doctors ordered trextments to prevent blood clots xfter certxin types of surgeries,surgery patients whose doctors ordered treatments to prevent blood clots after certain types of surgeries,0,"Constraint Violation: The MeasureCode of Row 292 is equal to the MeasureCode of Row 346, and The MeasureName of Row 292 is different from the MeasureName of Row 346.","(292, 346)",True,True,False,False,surgery patients whose doctors ordered treatments to prevent blood clots after certain types of surgeries,surgery pxtients whose doctors ordered trextments to prevent blood clots xfter certxin types of surgeries,True
347,Stateavg,rule_violation,al_scipxvtex2,al_scip-vte-2,0,"Constraint Violation: The MeasureCode of Row 347 is equal to the MeasureCode of Row 876, and The Stateavg of Row 347 is different from the Stateavg of Row 876.","(347, 876)",True,True,False,False,al_scip-vte-2,al_scipxvtex2,True
349,MeasureCode,rule_violation,amix2,ami-2,0,"Constraint Violation: The MeasureName of Row 349 is equal to the MeasureName of Row 906, and The MeasureCode of Row 349 is different from the MeasureCode of Row 906.","(349, 906)",True,True,False,False,ami-2,amix2,True
350,Address1,rule_violation,810 st vxncents drxve,810 st vincents drive,0,"Constraint Violation: The HospitalName of Row 348 is equal to the HospitalName of Row 350, and The Address1 of Row 348 is different from the Address1 of Row 350.","(348, 350)",True,True,False,False,810 st vincents drive,810 st vxncents drxve,True
350,EmergencyService,rule_violation,yxs,yes,0,"Constraint Violation: The ZipCode of Row 350 is equal to the ZipCode of Row 352, and The EmergencyService of Row 350 is different from the EmergencyService of Row 352.","(350, 352)",True,True,False,False,yes,yxs,True
354,Sample,pattern_violation,1x patients,10 patients,0,,,True,True,False,False,10 patients,1x patients,True
356,State,pattern_violation,ax,al,0,,,True,True,False,False,al,ax,True
356,HospitalOwner,rule_violation,prxprietary,proprietary,0,"Constraint Violation: The HospitalName of Row 356 is equal to the HospitalName of Row 367, and The HospitalOwner of Row 356 is different from the HospitalOwner of Row 367.","(356, 367)",True,True,False,False,proprietary,prxprietary,True
360,ProviderNumber,rule_violation,100x6,10086,0,"Constraint Violation: The HospitalName of Row 356 is equal to the HospitalName of Row 360, and The ProviderNumber of Row 356 is different from the ProviderNumber of Row 360.","(356, 360)",True,True,False,False,10086,100x6,True
363,Address1,rule_violation,1530xuxsxhighwayx43,1530 u s highway 43,0,"Constraint Violation: The HospitalName of Row 363 is equal to the HospitalName of Row 369, and The Address1 of Row 363 is different from the Address1 of Row 369.","(363, 369)",True,True,False,False,1530 u s highway 43,1530xuxsxhighwayx43,True
366,ZipCode,rule_violation,3xx94,35594,0,"Constraint Violation: The HospitalName of Row 355 is equal to the HospitalName of Row 366, and The ZipCode of Row 355 is different from the ZipCode of Row 366.","(355, 366)",True,True,False,False,35594,3xx94,True
366,Condition,rule_violation,pnxumonia,pneumonia,0,"Constraint Violation: The MeasureCode of Row 366 is equal to the MeasureCode of Row 753, and The Condition of Row 366 is different from the Condition of Row 753.","(366, 753)",True,True,False,False,pneumonia,pnxumonia,True
367,City,rule_violation,winfielx,winfield,0,"Constraint Violation: The HospitalName of Row 356 is equal to the HospitalName of Row 367, and The City of Row 356 is different from the City of Row 367.","(356, 367)",True,True,False,False,winfield,winfielx,True
369,Condition,rule_violation,pnexmonia,pneumonia,0,"Constraint Violation: The MeasureCode of Row 59 is equal to the MeasureCode of Row 369, and The Condition of Row 59 is different from the Condition of Row 369.","(59, 369)",True,True,False,False,pneumonia,pnexmonia,True
370,Stateavg,rule_violation,alxpn-7,al_pn-7,0,"Constraint Violation: The MeasureCode of Row 370 is equal to the MeasureCode of Row 657, and The Stateavg of Row 370 is different from the Stateavg of Row 657.","(370, 657)",True,True,False,False,al_pn-7,alxpn-7,True
373,Stateavg,rule_violation,al_sxip-inf-2,al_scip-inf-2,0,"Constraint Violation: The MeasureCode of Row 373 is equal to the MeasureCode of Row 949, and The Stateavg of Row 373 is different from the Stateavg of Row 949.","(373, 949)",True,True,False,False,al_scip-inf-2,al_sxip-inf-2,True
374,EmergencyService,rule_violation,yex,yes,0,"Constraint Violation: The ZipCode of Row 355 is equal to the ZipCode of Row 374, and The EmergencyService of Row 355 is different from the EmergencyService of Row 374.","(355, 374)",True,True,False,False,yes,yex,True
375,ZipCode,rule_violation,3xx94,35594,0,"Constraint Violation: The HospitalName of Row 358 is equal to the HospitalName of Row 375, and The ZipCode of Row 358 is different from the ZipCode of Row 375.","(358, 375)",True,True,False,False,35594,3xx94,True
378,Score,pattern_violation,x5%,95%,0,,,True,True,False,False,95%,x5%,True
380,MeasureName,rule_violation,heaxt attack patients given aspixin at dischaxge,heart attack patients given aspirin at discharge,0,"Constraint Violation: The MeasureCode of Row 380 is equal to the MeasureCode of Row 592, and The MeasureName of Row 380 is different from the MeasureName of Row 592.","(380, 592)",True,True,False,False,heart attack patients given aspirin at discharge,heaxt attack patients given aspixin at dischaxge,True
381,PhoneNumber,rule_violation,25x47x7xx0,2514717110,0,"Constraint Violation: The HospitalName of Row 381 is equal to the HospitalName of Row 389, and The PhoneNumber of Row 381 is different from the PhoneNumber of Row 389.","(381, 389)",True,True,False,False,2514717110,25x47x7xx0,True
384,HospitalName,rule_violation,univ ox south alabama medical center,univ of south alabama medical center,0,"Constraint Violation: The ProviderNumber of Row 379 is equal to the ProviderNumber of Row 384, and The HospitalName of Row 379 is different from the HospitalName of Row 384.","(379, 384)",True,True,False,False,univ of south alabama medical center,univ ox south alabama medical center,True
384,PhoneNumber,pattern_violation,25x47x7xx0,2514717110,0,,,True,True,False,False,2514717110,25x47x7xx0,True
385,HospitalName,rule_violation,xniv of soxth alabama medical center,univ of south alabama medical center,0,"Constraint Violation: The ProviderNumber of Row 385 is equal to the ProviderNumber of Row 388, and The HospitalName of Row 385 is different from the HospitalName of Row 388.","(385, 388)",True,True,False,False,univ of south alabama medical center,xniv of soxth alabama medical center,True
386,State,rule_violation,xl,al,0,"Constraint Violation: The HospitalName of Row 381 is equal to the HospitalName of Row 386, and The PhoneNumber of Row 381 is equal to the PhoneNumber of Row 386, and The HospitalOwner of Row 381 is equal to the HospitalOwner of Row 386, and The State of Row 381 is different from the State of Row 386.","(381, 386)",True,True,False,False,al,xl,True
386,PhoneNumber,rule_violation,25x47x7xx0,2514717110,0,"Constraint Violation: The HospitalName of Row 386 is equal to the HospitalName of Row 388, and The PhoneNumber of Row 386 is different from the PhoneNumber of Row 388.","(386, 388)",True,True,False,False,2514717110,25x47x7xx0,True
386,Condition,rule_violation,hxart failurx,heart failure,0,"Constraint Violation: The MeasureCode of Row 126 is equal to the MeasureCode of Row 386, and The Condition of Row 126 is different from the Condition of Row 386.","(126, 386)",True,True,False,False,heart failure,hxart failurx,True
387,Stateavg,rule_violation,al_hx-2,al_hf-2,0,"Constraint Violation: The MeasureCode of Row 387 is equal to the MeasureCode of Row 785, and The Stateavg of Row 387 is different from the Stateavg of Row 785.","(387, 785)",True,True,False,False,al_hf-2,al_hx-2,True
389,EmergencyService,rule_violation,yxs,yes,0,"Constraint Violation: The ZipCode of Row 384 is equal to the ZipCode of Row 389, and The EmergencyService of Row 384 is different from the EmergencyService of Row 389.","(384, 389)",True,True,False,False,yes,yxs,True
389,MeasureName,rule_violation,heart xailure patients given smoking cessation advice/counseling,heart failure patients given smoking cessation advice/counseling,0,"Constraint Violation: The MeasureCode of Row 389 is equal to the MeasureCode of Row 940, and The MeasureName of Row 389 is different from the MeasureName of Row 940.","(389, 940)",True,True,False,False,heart failure patients given smoking cessation advice/counseling,heart xailure patients given smoking cessation advice/counseling,True
391,MeasureCode,rule_violation,pn-xb,pn-3b,0,"Constraint Violation: The MeasureName of Row 391 is equal to the MeasureName of Row 753, and The MeasureCode of Row 391 is different from the MeasureCode of Row 753.","(391, 753)",True,True,False,False,pn-3b,pn-xb,True
393,Address1,rule_violation,124xsxmemorialxdr,124 s memorial dr,0,"Constraint Violation: The HospitalName of Row 393 is equal to the HospitalName of Row 400, and The Address1 of Row 393 is different from the Address1 of Row 400.","(393, 400)",True,True,False,False,124 s memorial dr,124xsxmemorialxdr,True
393,PhoneNumber,rule_violation,33x361x267,3343614267,0,"Constraint Violation: The HospitalName of Row 393 is equal to the HospitalName of Row 411, and The PhoneNumber of Row 393 is different from the PhoneNumber of Row 411.","(393, 411)",True,True,False,False,3343614267,33x361x267,True
398,MeasureCode,rule_violation,hx-1,hf-1,0,"Constraint Violation: The MeasureName of Row 398 is equal to the MeasureName of Row 859, and The MeasureCode of Row 398 is different from the MeasureCode of Row 859.","(398, 859)",True,True,False,False,hf-1,hx-1,True
400,Condition,rule_violation,hxart failurx,heart failure,0,"Constraint Violation: The MeasureCode of Row 78 is equal to the MeasureCode of Row 400, and The Condition of Row 78 is different from the Condition of Row 400.","(78, 400)",True,True,False,False,heart failure,hxart failurx,True
402,State,rule_violation,ax,al,0,"Constraint Violation: The HospitalName of Row 401 is equal to the HospitalName of Row 402, and The PhoneNumber of Row 401 is equal to the PhoneNumber of Row 402, and The HospitalOwner of Row 401 is equal to the HospitalOwner of Row 402, and The State of Row 401 is different from the State of Row 402.","(401, 402)",True,True,False,False,al,ax,True
405,Score,pattern_violation,x4%,94%,0,,,True,True,False,False,94%,x4%,True
406,ZipCode,rule_violation,3x0x7,36067,0,"Constraint Violation: The HospitalName of Row 400 is equal to the HospitalName of Row 406, and The ZipCode of Row 400 is different from the ZipCode of Row 406.","(400, 406)",True,True,False,False,36067,3x0x7,True
408,ProviderNumber,rule_violation,x0x08,10108,0,"Constraint Violation: The HospitalName of Row 392 is equal to the HospitalName of Row 408, and The ProviderNumber of Row 392 is different from the ProviderNumber of Row 408.","(392, 408)",True,True,False,False,10108,x0x08,True
409,MeasureCode,rule_violation,scipxinfx1,scip-inf-1,0,"Constraint Violation: The MeasureName of Row 237 is equal to the MeasureName of Row 409, and The MeasureCode of Row 237 is different from the MeasureCode of Row 409.","(237, 409)",True,True,False,False,scip-inf-1,scipxinfx1,True
410,EmergencyService,rule_violation,yxs,yes,0,"Constraint Violation: The ZipCode of Row 393 is equal to the ZipCode of Row 410, and The EmergencyService of Row 393 is different from the EmergencyService of Row 410.","(393, 410)",True,True,False,False,yes,yxs,True
411,Address1,rule_violation,124 s mxmorial dr,124 s memorial dr,0,"Constraint Violation: The HospitalName of Row 393 is equal to the HospitalName of Row 411, and The Address1 of Row 393 is different from the Address1 of Row 411.","(393, 411)",True,True,False,False,124 s memorial dr,124 s mxmorial dr,True
411,HospitalType,pattern_violation,acute care hosxitals,acute care hospitals,0,,,True,True,False,False,acute care hospitals,acute care hosxitals,True
411,Score,pattern_violation,1xx%,100%,0,,,True,True,False,False,100%,1xx%,True
413,HospitalType,pattern_violation,acuxe care hospixals,acute care hospitals,0,,,True,True,False,False,acute care hospitals,acuxe care hospixals,True
413,Sample,pattern_violation,125 patixnts,125 patients,0,,,True,True,False,False,125 patients,125 patixnts,True
415,Address1,rule_violation,315 w hickxry st,315 w hickory st,0,"Constraint Violation: The HospitalName of Row 414 is equal to the HospitalName of Row 415, and The Address1 of Row 414 is different from the Address1 of Row 415.","(414, 415)",True,True,False,False,315 w hickory st,315 w hickxry st,True
415,CountyName,rule_violation,tallaxega,talladega,0,"Constraint Violation: The City of Row 414 is equal to the City of Row 415, and The CountyName of Row 414 is different from the CountyName of Row 415.","(414, 415)",True,True,False,False,talladega,tallaxega,True
418,EmergencyService,rule_violation,xo,no,0,"Constraint Violation: The ZipCode of Row 414 is equal to the ZipCode of Row 418, and The EmergencyService of Row 414 is different from the EmergencyService of Row 418.","(414, 418)",True,True,False,False,no,xo,True
418,Sample,pattern_violation,4 xatients,4 patients,0,,,True,True,False,False,4 patients,4 xatients,True
420,ZipCode,rule_violation,x5150,35150,0,"Constraint Violation: The HospitalName of Row 420 is equal to the HospitalName of Row 430, and The ZipCode of Row 420 is different from the ZipCode of Row 430.","(420, 430)",True,True,False,False,35150,x5150,True
426,Score,pattern_violation,x7%,97%,0,,,True,True,False,False,97%,x7%,True
428,ZipCode,rule_violation,3x1x0,35150,0,"Constraint Violation: The HospitalName of Row 428 is equal to the HospitalName of Row 430, and The ZipCode of Row 428 is different from the ZipCode of Row 430.","(428, 430)",True,True,False,False,35150,3x1x0,True
431,Address1,rule_violation,315xwxhickoryxst,315 w hickory st,0,"Constraint Violation: The HospitalName of Row 418 is equal to the HospitalName of Row 431, and The Address1 of Row 418 is different from the Address1 of Row 431.","(418, 431)",True,True,False,False,315 w hickory st,315xwxhickoryxst,True
434,MeasureName,rule_violation,heart faxlure patxents gxven ace inhxbxtor or arb for left ventrxcular systolxc dysfunctxon (lvsd),heart failure patients given ace inhibitor or arb for left ventricular systolic dysfunction (lvsd),0,"Constraint Violation: The MeasureCode of Row 434 is equal to the MeasureCode of Row 725, and The MeasureName of Row 434 is different from the MeasureName of Row 725.","(434, 725)",True,True,False,False,heart failure patients given ace inhibitor or arb for left ventricular systolic dysfunction (lvsd),heart faxlure patxents gxven ace inhxbxtor or arb for left ventrxcular systolxc dysfunctxon (lvsd),True
437,City,rule_violation,anchoraxe,anchorage,0,"Constraint Violation: The HospitalName of Row 434 is equal to the HospitalName of Row 437, and The City of Row 434 is different from the City of Row 437.","(434, 437)",True,True,False,False,anchorage,anchoraxe,True
444,Sample,pattern_violation,521 patiexts,521 patients,0,,,True,True,False,False,521 patients,521 patiexts,True
447,MeasureName,pattern_violation,surgeryxpatientsxneedingxhairxremovedxfromxthexsurgicalxareaxbeforexsurgery& xwhoxhadxhairxremovedxusingxaxsaferxmethodx(electricxclippersxorxhairxremovalxcreamx茂驴陆cxnotxaxrazor),surgery patients needing hair removed from the surgical area before surgery who had hair removed using a safer method (electric clippers or hair removal cream c not a razor),0,,,True,True,False,False,surgery patients needing hair removed from the surgical area before surgery who had hair removed using a safer method (electric clippers or hair removal cream c not a razor),surgeryxpatientsxneedingxhairxremovedxfromxthexsurgicalxareaxbeforexsurgery& xwhoxhadxhairxremovedxusingxaxsaferxmethodx(electricxclippersxorxhairxremovalxcreamx茂驴陆cxnotxaxrazor),True
448,HospitalName,rule_violation,xlxskx regionxl hospitxl,alaska regional hospital,0,"Constraint Violation: The ProviderNumber of Row 436 is equal to the ProviderNumber of Row 448, and The HospitalName of Row 436 is different from the HospitalName of Row 448.","(436, 448)",True,True,False,False,alaska regional hospital,xlxskx regionxl hospitxl,True
449,HospitalOwner,rule_violation,proxrietary,proprietary,0,"Constraint Violation: The HospitalName of Row 434 is equal to the HospitalName of Row 449, and The HospitalOwner of Row 434 is different from the HospitalOwner of Row 449.","(434, 449)",True,True,False,False,proprietary,proxrietary,True
451,Address1,rule_violation,poxboxx287,po box 287,0,"Constraint Violation: The HospitalName of Row 450 is equal to the HospitalName of Row 451, and The Address1 of Row 450 is different from the Address1 of Row 451.","(450, 451)",True,True,False,False,po box 287,poxboxx287,True
453,HospitalType,pattern_violation,acute care hospitaxs,acute care hospitals,0,,,True,True,False,False,acute care hospitals,acute care hospitaxs,True
456,CountyName,rule_violation,jxffxrson,jefferson,0,"Constraint Violation: The City of Row 453 is equal to the City of Row 456, and The CountyName of Row 453 is different from the CountyName of Row 456.","(453, 456)",True,True,False,False,jefferson,jxffxrson,True
456,HospitalOwner,rule_violation,gxvernment - hxspital district xr authxrity,government - hospital district or authority,0,"Constraint Violation: The HospitalName of Row 11 is equal to the HospitalName of Row 456, and The HospitalOwner of Row 11 is different from the HospitalOwner of Row 456.","(11, 456)",True,True,False,False,government - hospital district or authority,gxvernment - hxspital district xr authxrity,True
457,CountyName,rule_violation,xefferson,jefferson,0,"Constraint Violation: The City of Row 14 is equal to the City of Row 457, and The CountyName of Row 14 is different from the CountyName of Row 457.","(14, 457)",True,True,False,False,jefferson,xefferson,True
462,Sample,pattern_violation,x patients,0 patients,0,,,True,True,False,False,0 patients,x patients,True
464,MeasureCode,rule_violation,sxip-vte-1,scip-vte-1,0,"Constraint Violation: The MeasureName of Row 464 is equal to the MeasureName of Row 800, and The MeasureCode of Row 464 is different from the MeasureCode of Row 800.","(464, 800)",True,True,False,False,scip-vte-1,sxip-vte-1,True
465,CountyName,rule_violation,jexxerson,jefferson,0,"Constraint Violation: The City of Row 457 is equal to the City of Row 465, and The CountyName of Row 457 is different from the CountyName of Row 465.","(457, 465)",True,True,False,False,jefferson,jexxerson,True
467,Condition,rule_violation,hexrt attxck,heart attack,0,"Constraint Violation: The MeasureCode of Row 467 is equal to the MeasureCode of Row 981, and The Condition of Row 467 is different from the Condition of Row 981.","(467, 981)",True,True,False,False,heart attack,hexrt attxck,True
471,PhoneNumber,rule_violation,334774x601,3347742601,0,"Constraint Violation: The HospitalName of Row 471 is equal to the HospitalName of Row 487, and The PhoneNumber of Row 471 is different from the PhoneNumber of Row 487.","(471, 487)",True,True,False,False,3347742601,334774x601,True
472,Address1,rule_violation,126xhospitalxave,126 hospital ave,0,"Constraint Violation: The HospitalName of Row 472 is equal to the HospitalName of Row 484, and The Address1 of Row 472 is different from the Address1 of Row 484.","(472, 484)",True,True,False,False,126 hospital ave,126xhospitalxave,True
473,MeasureName,rule_violation,heaxt failuxe patients given dischaxge instxuctions,heart failure patients given discharge instructions,0,"Constraint Violation: The MeasureCode of Row 473 is equal to the MeasureCode of Row 498, and The MeasureName of Row 473 is different from the MeasureName of Row 498.","(473, 498)",True,True,False,False,heart failure patients given discharge instructions,heaxt failuxe patients given dischaxge instxuctions,True
474,City,rule_violation,ozarx,ozark,0,"Constraint Violation: The HospitalName of Row 469 is equal to the HospitalName of Row 474, and The City of Row 469 is different from the City of Row 474.","(469, 474)",True,True,False,False,ozark,ozarx,True
477,State,rule_violation,xl,al,0,"Constraint Violation: The HospitalName of Row 468 is equal to the HospitalName of Row 477, and The PhoneNumber of Row 468 is equal to the PhoneNumber of Row 477, and The HospitalOwner of Row 468 is equal to the HospitalOwner of Row 477, and The State of Row 468 is different from the State of Row 477.","(468, 477)",True,True,False,False,al,xl,True
477,Stateavg,rule_violation,ax_pn-2,al_pn-2,0,"Constraint Violation: The MeasureCode of Row 255 is equal to the MeasureCode of Row 477, and The Stateavg of Row 255 is different from the Stateavg of Row 477.","(255, 477)",True,True,False,False,al_pn-2,ax_pn-2,True
482,Sample,pattern_violation,62 patientx,62 patients,0,,,True,True,False,False,62 patients,62 patientx,True
483,State,rule_violation,xl,al,0,"Constraint Violation: The HospitalName of Row 480 is equal to the HospitalName of Row 483, and The PhoneNumber of Row 480 is equal to the PhoneNumber of Row 483, and The HospitalOwner of Row 480 is equal to the HospitalOwner of Row 483, and The State of Row 480 is different from the State of Row 483.","(480, 483)",True,True,False,False,al,xl,True
484,Address1,rule_violation,1x6 hospital ave,126 hospital ave,0,"Constraint Violation: The HospitalName of Row 484 is equal to the HospitalName of Row 487, and The Address1 of Row 484 is different from the Address1 of Row 487.","(484, 487)",True,True,False,False,126 hospital ave,1x6 hospital ave,True
485,City,rule_violation,xzark,ozark,0,"Constraint Violation: The HospitalName of Row 485 is equal to the HospitalName of Row 489, and The City of Row 485 is different from the City of Row 489.","(485, 489)",True,True,False,False,ozark,xzark,True
488,Score,pattern_violation,1xx%,100%,0,,,True,True,False,False,100%,1xx%,True
490,ZipCode,rule_violation,x6x60,36360,0,"Constraint Violation: The HospitalName of Row 480 is equal to the HospitalName of Row 490, and The ZipCode of Row 480 is different from the ZipCode of Row 490.","(480, 490)",True,True,False,False,36360,x6x60,True
490,HospitalType,pattern_violation,acute caxe hospitals,acute care hospitals,0,,,True,True,False,False,acute care hospitals,acute caxe hospitals,True
492,EmergencyService,rule_violation,yxs,yes,0,"Constraint Violation: The ZipCode of Row 492 is equal to the ZipCode of Row 498, and The EmergencyService of Row 492 is different from the EmergencyService of Row 498.","(492, 498)",True,True,False,False,yes,yxs,True
493,HospitalType,pattern_violation,acute care hxspitals,acute care hospitals,0,,,True,True,False,False,acute care hospitals,acute care hxspitals,True
493,HospitalOwner,rule_violation,voluntaryxnon-profitx-xprivate,voluntary non-profit - private,0,"Constraint Violation: The HospitalName of Row 493 is equal to the HospitalName of Row 497, and The HospitalOwner of Row 493 is different from the HospitalOwner of Row 497.","(493, 497)",True,True,False,False,voluntary non-profit - private,voluntaryxnon-profitx-xprivate,True
493,MeasureName,rule_violation,hxart attack patixnts givxn ace inhibitor or arb for lxft vxntricular systolic dysfunction (lvsd),heart attack patients given ace inhibitor or arb for left ventricular systolic dysfunction (lvsd),0,"Constraint Violation: The MeasureCode of Row 356 is equal to the MeasureCode of Row 493, and The MeasureName of Row 356 is different from the MeasureName of Row 493.","(356, 493)",True,True,False,False,heart attack patients given ace inhibitor or arb for left ventricular systolic dysfunction (lvsd),hxart attack patixnts givxn ace inhibitor or arb for lxft vxntricular systolic dysfunction (lvsd),True
495,MeasureCode,rule_violation,ami-x,ami-5,0,"Constraint Violation: The MeasureName of Row 495 is equal to the MeasureName of Row 720, and The MeasureCode of Row 495 is different from the MeasureCode of Row 720.","(495, 720)",True,True,False,False,ami-5,ami-x,True
496,Sample,pattern_violation,0 patxents,0 patients,0,,,True,True,False,False,0 patients,0 patxents,True
497,HospitalType,pattern_violation,acutx carx hospitals,acute care hospitals,0,,,True,True,False,False,acute care hospitals,acutx carx hospitals,True
499,ZipCode,rule_violation,x5960,35960,0,"Constraint Violation: The HospitalName of Row 499 is equal to the HospitalName of Row 508, and The ZipCode of Row 499 is different from the ZipCode of Row 508.","(499, 508)",True,True,False,False,35960,x5960,True
502,CountyName,rule_violation,chxrokxx,cherokee,0,"Constraint Violation: The City of Row 497 is equal to the City of Row 502, and The CountyName of Row 497 is different from the CountyName of Row 502.","(497, 502)",True,True,False,False,cherokee,chxrokxx,True
502,Sample,pattern_violation,44 paxienxs,44 patients,0,,,True,True,False,False,44 patients,44 paxienxs,True
504,State,rule_violation,ax,al,0,"Constraint Violation: The HospitalName of Row 504 is equal to the HospitalName of Row 515, and The PhoneNumber of Row 504 is equal to the PhoneNumber of Row 515, and The HospitalOwner of Row 504 is equal to the HospitalOwner of Row 515, and The State of Row 504 is different from the State of Row 515.","(504, 515)",True,True,False,False,al,ax,True
506,Condition,rule_violation,pneumonix,pneumonia,0,"Constraint Violation: The MeasureCode of Row 506 is equal to the MeasureCode of Row 817, and The Condition of Row 506 is different from the Condition of Row 817.","(506, 817)",True,True,False,False,pneumonia,pneumonix,True
506,Score,pattern_violation,93x,93%,0,,,True,True,False,False,93%,93x,True
507,MeasureName,rule_violation,pneumonix pxtients assessed xnd given influenzx vxccinxtion,pneumonia patients assessed and given influenza vaccination,0,"Constraint Violation: The MeasureCode of Row 507 is equal to the MeasureCode of Row 818, and The MeasureName of Row 507 is different from the MeasureName of Row 818.","(507, 818)",True,True,False,False,pneumonia patients assessed and given influenza vaccination,pneumonix pxtients assessed xnd given influenzx vxccinxtion,True
511,HospitalType,pattern_violation,acuxe care hospixals,acute care hospitals,0,,,True,True,False,False,acute care hospitals,acuxe care hospixals,True
513,CountyName,rule_violation,chxrokxx,cherokee,0,"Constraint Violation: The City of Row 500 is equal to the City of Row 513, and The CountyName of Row 500 is different from the CountyName of Row 513.","(500, 513)",True,True,False,False,cherokee,chxrokxx,True
514,Score,pattern_violation,1xx%,100%,0,,,True,True,False,False,100%,1xx%,True
516,PhoneNumber,rule_violation,3342xx2100,3342882100,0,"Constraint Violation: The HospitalName of Row 516 is equal to the HospitalName of Row 519, and The PhoneNumber of Row 516 is different from the PhoneNumber of Row 519.","(516, 519)",True,True,False,False,3342882100,3342xx2100,True
517,City,rule_violation,montxomery,montgomery,0,"Constraint Violation: The HospitalName of Row 517 is equal to the HospitalName of Row 520, and The City of Row 517 is different from the City of Row 520.","(517, 520)",True,True,False,False,montgomery,montxomery,True
521,EmergencyService,rule_violation,yxs,yes,0,"Constraint Violation: The ZipCode of Row 521 is equal to the ZipCode of Row 531, and The EmergencyService of Row 521 is different from the EmergencyService of Row 531.","(521, 531)",True,True,False,False,yes,yxs,True
523,Sample,pattern_violation,25x patients,257 patients,0,,,True,True,False,False,257 patients,25x patients,True
526,HospitalOwner,rule_violation,volxntary non-profit - chxrch,voluntary non-profit - church,0,"Constraint Violation: The HospitalName of Row 520 is equal to the HospitalName of Row 526, and The HospitalOwner of Row 520 is different from the HospitalOwner of Row 526.","(520, 526)",True,True,False,False,voluntary non-profit - church,volxntary non-profit - chxrch,True
527,CountyName,rule_violation,monxgomery,montgomery,0,"Constraint Violation: The City of Row 527 is equal to the City of Row 547, and The CountyName of Row 527 is different from the CountyName of Row 547.","(527, 547)",True,True,False,False,montgomery,monxgomery,True
532,HospitalName,rule_violation,baptist medical cexter south,baptist medical center south,0,"Constraint Violation: The ProviderNumber of Row 532 is equal to the ProviderNumber of Row 533, and The HospitalName of Row 532 is different from the HospitalName of Row 533.","(532, 533)",True,True,False,False,baptist medical center south,baptist medical cexter south,True
532,HospitalType,pattern_violation,acute care hosxitals,acute care hospitals,0,,,True,True,False,False,acute care hospitals,acute care hosxitals,True
532,MeasureName,rule_violation,pxeumoxia patiexts assessed axd givex ixfluexza vaccixatiox,pneumonia patients assessed and given influenza vaccination,0,"Constraint Violation: The MeasureCode of Row 235 is equal to the MeasureCode of Row 532, and The MeasureName of Row 235 is different from the MeasureName of Row 532.","(235, 532)",True,True,False,False,pneumonia patients assessed and given influenza vaccination,pxeumoxia patiexts assessed axd givex ixfluexza vaccixatiox,True
532,Sample,pattern_violation,87 patientx,87 patients,0,,,True,True,False,False,87 patients,87 patientx,True
536,EmergencyService,rule_violation,yex,yes,0,"Constraint Violation: The ZipCode of Row 521 is equal to the ZipCode of Row 536, and The EmergencyService of Row 521 is different from the EmergencyService of Row 536.","(521, 536)",True,True,False,False,yes,yex,True
540,CountyName,rule_violation,montgomexy,montgomery,0,"Constraint Violation: The City of Row 524 is equal to the City of Row 540, and The CountyName of Row 524 is different from the CountyName of Row 540.","(524, 540)",True,True,False,False,montgomery,montgomexy,True
541,MeasureName,rule_violation,hexrt attxck pxtients given aspirin xt arrivxl,heart attack patients given aspirin at arrival,0,"Constraint Violation: The MeasureCode of Row 354 is equal to the MeasureCode of Row 541, and The MeasureName of Row 354 is different from the MeasureName of Row 541.","(354, 541)",True,True,False,False,heart attack patients given aspirin at arrival,hexrt attxck pxtients given aspirin xt arrivxl,True
544,ZipCode,rule_violation,3x10x,36106,0,"Constraint Violation: The HospitalName of Row 544 is equal to the HospitalName of Row 565, and The ZipCode of Row 544 is different from the ZipCode of Row 565.","(544, 565)",True,True,False,False,36106,3x10x,True
545,MeasureName,rule_violation,heaxt attack patients given beta blockex at dischaxge,heart attack patients given beta blocker at discharge,0,"Constraint Violation: The MeasureCode of Row 545 is equal to the MeasureCode of Row 695, and The MeasureName of Row 545 is different from the MeasureName of Row 695.","(545, 695)",True,True,False,False,heart attack patients given beta blocker at discharge,heaxt attack patients given beta blockex at dischaxge,True
546,Sample,pattern_violation,x patients,0 patients,0,,,True,True,False,False,0 patients,x patients,True
548,PhoneNumber,rule_violation,3342938xxx,3342938000,0,"Constraint Violation: The HospitalName of Row 548 is equal to the HospitalName of Row 559, and The PhoneNumber of Row 548 is different from the PhoneNumber of Row 559.","(548, 559)",True,True,False,False,3342938000,3342938xxx,True
551,CountyName,rule_violation,monxgomery,montgomery,0,"Constraint Violation: The City of Row 530 is equal to the City of Row 551, and The CountyName of Row 530 is different from the CountyName of Row 551.","(530, 551)",True,True,False,False,montgomery,monxgomery,True
554,Sample,pattern_violation,74 patxents,74 patients,0,,,True,True,False,False,74 patients,74 patxents,True
555,Condition,rule_violation,pxeumoxia,pneumonia,0,"Constraint Violation: The MeasureCode of Row 33 is equal to the MeasureCode of Row 555, and The Condition of Row 33 is different from the Condition of Row 555.","(33, 555)",True,True,False,False,pneumonia,pxeumoxia,True
555,Stateavg,rule_violation,al_pn-5x,al_pn-5c,0,"Constraint Violation: The MeasureCode of Row 83 is equal to the MeasureCode of Row 555, and The Stateavg of Row 83 is different from the Stateavg of Row 555.","(83, 555)",True,True,False,False,al_pn-5c,al_pn-5x,True
559,ProviderNumber,rule_violation,1xx24,10024,0,"Constraint Violation: The HospitalName of Row 555 is equal to the HospitalName of Row 559, and The ProviderNumber of Row 555 is different from the ProviderNumber of Row 559.","(555, 559)",True,True,False,False,10024,1xx24,True
559,State,rule_violation,xl,al,0,"Constraint Violation: The HospitalName of Row 558 is equal to the HospitalName of Row 559, and The PhoneNumber of Row 558 is equal to the PhoneNumber of Row 559, and The HospitalOwner of Row 558 is equal to the HospitalOwner of Row 559, and The State of Row 558 is different from the State of Row 559.","(558, 559)",True,True,False,False,al,xl,True
560,HospitalName,rule_violation,jaxkson hospital & xlinix inx,jackson hospital & clinic inc,0,"Constraint Violation: The ProviderNumber of Row 552 is equal to the ProviderNumber of Row 560, and The HospitalName of Row 552 is different from the HospitalName of Row 560.","(552, 560)",True,True,False,False,jackson hospital & clinic inc,jaxkson hospital & xlinix inx,True
561,PhoneNumber,rule_violation,33x2938000,3342938000,0,"Constraint Violation: The HospitalName of Row 549 is equal to the HospitalName of Row 561, and The PhoneNumber of Row 549 is different from the PhoneNumber of Row 561.","(549, 561)",True,True,False,False,3342938000,33x2938000,True
562,PhoneNumber,rule_violation,3342938xxx,3342938000,0,"Constraint Violation: The HospitalName of Row 561 is equal to the HospitalName of Row 562, and The PhoneNumber of Row 561 is different from the PhoneNumber of Row 562.","(561, 562)",True,True,False,False,3342938000,3342938xxx,True
562,MeasureName,rule_violation,allxheartxsurgeryxpatientsxwhosexbloodxsugarx(bloodxglucose)xisxkeptxunderxgoodxcontrolxinxthexdaysxrightxafterxsurgery,all heart surgery patients whose blood sugar (blood glucose) is kept under good control in the days right after surgery,0,"Constraint Violation: The MeasureCode of Row 344 is equal to the MeasureCode of Row 562, and The MeasureName of Row 344 is different from the MeasureName of Row 562.","(344, 562)",True,True,False,False,all heart surgery patients whose blood sugar (blood glucose) is kept under good control in the days right after surgery,allxheartxsurgeryxpatientsxwhosexbloodxsugarx(bloodxglucose)xisxkeptxunderxgoodxcontrolxinxthexdaysxrightxafterxsurgery,True
564,EmergencyService,rule_violation,xes,yes,0,"Constraint Violation: The ZipCode of Row 548 is equal to the ZipCode of Row 564, and The EmergencyService of Row 548 is different from the EmergencyService of Row 564.","(548, 564)",True,True,False,False,yes,xes,True
564,Stateavg,rule_violation,al_scipxvtex1,al_scip-vte-1,0,"Constraint Violation: The MeasureCode of Row 564 is equal to the MeasureCode of Row 928, and The Stateavg of Row 564 is different from the Stateavg of Row 928.","(564, 928)",True,True,False,False,al_scip-vte-1,al_scipxvtex1,True
567,Stateavg,rule_violation,xl_xmi-2,al_ami-2,0,"Constraint Violation: The MeasureCode of Row 567 is equal to the MeasureCode of Row 981, and The Stateavg of Row 567 is different from the Stateavg of Row 981.","(567, 981)",True,True,False,False,al_ami-2,xl_xmi-2,True
572,State,pattern_violation,ax,al,0,,,True,True,False,False,al,ax,True
572,PhoneNumber,rule_violation,334x561400,3347561400,0,"Constraint Violation: The HospitalName of Row 572 is equal to the HospitalName of Row 585, and The PhoneNumber of Row 572 is different from the PhoneNumber of Row 585.","(572, 585)",True,True,False,False,3347561400,334x561400,True
572,HospitalOwner,rule_violation,voluntary non-profit - otxer,voluntary non-profit - other,0,"Constraint Violation: The HospitalName of Row 572 is equal to the HospitalName of Row 579, and The HospitalOwner of Row 572 is different from the HospitalOwner of Row 579.","(572, 579)",True,True,False,False,voluntary non-profit - other,voluntary non-profit - otxer,True
578,City,rule_violation,vallex,valley,0,"Constraint Violation: The HospitalName of Row 569 is equal to the HospitalName of Row 578, and The City of Row 569 is different from the City of Row 578.","(569, 578)",True,True,False,False,valley,vallex,True
578,CountyName,pattern_violation,xhambers,chambers,0,,,True,True,False,False,chambers,xhambers,True
579,EmergencyService,rule_violation,xes,yes,0,"Constraint Violation: The ZipCode of Row 566 is equal to the ZipCode of Row 579, and The EmergencyService of Row 566 is different from the EmergencyService of Row 579.","(566, 579)",True,True,False,False,yes,xes,True
580,MeasureCode,rule_violation,px-5c,pn-5c,0,"Constraint Violation: The MeasureName of Row 455 is equal to the MeasureName of Row 580, and The MeasureCode of Row 455 is different from the MeasureCode of Row 580.","(455, 580)",True,True,False,False,pn-5c,px-5c,True
580,Sample,pattern_violation,50 pxtients,50 patients,0,,,True,True,False,False,50 patients,50 pxtients,True
587,EmergencyService,rule_violation,xes,yes,0,"Constraint Violation: The ZipCode of Row 570 is equal to the ZipCode of Row 587, and The EmergencyService of Row 570 is different from the EmergencyService of Row 587.","(570, 587)",True,True,False,False,yes,xes,True
588,HospitalType,pattern_violation,acuxe care hospixals,acute care hospitals,0,,,True,True,False,False,acute care hospitals,acuxe care hospixals,True
588,Sample,pattern_violation,172 patxents,172 patients,0,,,True,True,False,False,172 patients,172 patxents,True
590,City,rule_violation,vxlley,valley,0,"Constraint Violation: The HospitalName of Row 574 is equal to the HospitalName of Row 590, and The City of Row 574 is different from the City of Row 590.","(574, 590)",True,True,False,False,valley,vxlley,True
590,CountyName,pattern_violation,chaxbers,chambers,0,,,True,True,False,False,chambers,chaxbers,True
592,State,rule_violation,ax,al,0,"Constraint Violation: The HospitalName of Row 592 is equal to the HospitalName of Row 597, and The PhoneNumber of Row 592 is equal to the PhoneNumber of Row 597, and The HospitalOwner of Row 592 is equal to the HospitalOwner of Row 597, and The State of Row 592 is different from the State of Row 597.","(592, 597)",True,True,False,False,al,ax,True
593,PhoneNumber,rule_violation,33x8972257,3348972257,0,"Constraint Violation: The HospitalName of Row 593 is equal to the HospitalName of Row 598, and The PhoneNumber of Row 593 is different from the PhoneNumber of Row 598.","(593, 598)",True,True,False,False,3348972257,33x8972257,True
599,Condition,rule_violation,heart faixure,heart failure,0,"Constraint Violation: The MeasureCode of Row 599 is equal to the MeasureCode of Row 885, and The Condition of Row 599 is different from the Condition of Row 885.","(599, 885)",True,True,False,False,heart failure,heart faixure,True
601,City,rule_violation,exba,elba,0,"Constraint Violation: The HospitalName of Row 601 is equal to the HospitalName of Row 603, and The City of Row 601 is different from the City of Row 603.","(601, 603)",True,True,False,False,elba,exba,True
602,CountyName,rule_violation,coffxx,coffee,0,"Constraint Violation: The City of Row 602 is equal to the City of Row 603, and The CountyName of Row 602 is different from the CountyName of Row 603.","(602, 603)",True,True,False,False,coffee,coffxx,True
608,ProviderNumber,rule_violation,x0027,10027,0,"Constraint Violation: The HospitalName of Row 604 is equal to the HospitalName of Row 608, and The ProviderNumber of Row 604 is different from the ProviderNumber of Row 608.","(604, 608)",True,True,False,False,10027,x0027,True
608,Condition,rule_violation,surgical ixfectiox prevextiox,surgical infection prevention,0,"Constraint Violation: The MeasureCode of Row 508 is equal to the MeasureCode of Row 608, and The Condition of Row 508 is different from the Condition of Row 608.","(508, 608)",True,True,False,False,surgical infection prevention,surgical ixfectiox prevextiox,True
612,MeasureName,rule_violation,all heaxt suxgexy patients whose blood sugax (blood glucose) is kept undex good contxol in the days xight aftex suxgexy,all heart surgery patients whose blood sugar (blood glucose) is kept under good control in the days right after surgery,0,"Constraint Violation: The MeasureCode of Row 612 is equal to the MeasureCode of Row 798, and The MeasureName of Row 612 is different from the MeasureName of Row 798.","(612, 798)",True,True,False,False,all heart surgery patients whose blood sugar (blood glucose) is kept under good control in the days right after surgery,all heaxt suxgexy patients whose blood sugax (blood glucose) is kept undex good contxol in the days xight aftex suxgexy,True
622,Stateavg,rule_violation,al_amix8a,al_ami-8a,0,"Constraint Violation: The MeasureCode of Row 200 is equal to the MeasureCode of Row 622, and The Stateavg of Row 200 is different from the Stateavg of Row 622.","(200, 622)",True,True,False,False,al_ami-8a,al_amix8a,True
627,ProviderNumber,rule_violation,x0029,10029,0,"Constraint Violation: The HospitalName of Row 627 is equal to the HospitalName of Row 635, and The ProviderNumber of Row 627 is different from the ProviderNumber of Row 635.","(627, 635)",True,True,False,False,10029,x0029,True
628,EmergencyService,rule_violation,yex,yes,0,"Constraint Violation: The ZipCode of Row 628 is equal to the ZipCode of Row 638, and The EmergencyService of Row 628 is different from the EmergencyService of Row 638.","(628, 638)",True,True,False,False,yes,yex,True
631,Condition,rule_violation,pneumonxa,pneumonia,0,"Constraint Violation: The MeasureCode of Row 531 is equal to the MeasureCode of Row 631, and The Condition of Row 531 is different from the Condition of Row 631.","(531, 631)",True,True,False,False,pneumonia,pneumonxa,True
633,CountyName,rule_violation,xee,lee,0,"Constraint Violation: The City of Row 624 is equal to the City of Row 633, and The CountyName of Row 624 is different from the CountyName of Row 633.","(624, 633)",True,True,False,False,lee,xee,True
634,HospitalType,pattern_violation,acuxe care hospixals,acute care hospitals,0,,,True,True,False,False,acute care hospitals,acuxe care hospixals,True
639,ProviderNumber,rule_violation,1xx29,10029,0,"Constraint Violation: The HospitalName of Row 628 is equal to the HospitalName of Row 639, and The ProviderNumber of Row 628 is different from the ProviderNumber of Row 639.","(628, 639)",True,True,False,False,10029,1xx29,True
639,MeasureCode,rule_violation,scip-vtx-1,scip-vte-1,0,"Constraint Violation: The MeasureName of Row 639 is equal to the MeasureName of Row 800, and The MeasureCode of Row 639 is different from the MeasureCode of Row 800.","(639, 800)",True,True,False,False,scip-vte-1,scip-vtx-1,True
645,ProviderNumber,rule_violation,1xx32,10032,0,"Constraint Violation: The HospitalName of Row 645 is equal to the HospitalName of Row 662, and The ProviderNumber of Row 645 is different from the ProviderNumber of Row 662.","(645, 662)",True,True,False,False,10032,1xx32,True
646,Stateavg,rule_violation,alxami-7a,al_ami-7a,0,"Constraint Violation: The MeasureCode of Row 646 is equal to the MeasureCode of Row 671, and The Stateavg of Row 646 is different from the Stateavg of Row 671.","(646, 671)",True,True,False,False,al_ami-7a,alxami-7a,True
648,MeasureCode,rule_violation,hfx1,hf-1,0,"Constraint Violation: The MeasureName of Row 648 is equal to the MeasureName of Row 884, and The MeasureCode of Row 648 is different from the MeasureCode of Row 884.","(648, 884)",True,True,False,False,hf-1,hfx1,True
650,MeasureName,rule_violation,heart failure patients given ace inhibitor or arb for left xentricular systolic dysfunction (lxsd),heart failure patients given ace inhibitor or arb for left ventricular systolic dysfunction (lvsd),0,"Constraint Violation: The MeasureCode of Row 475 is equal to the MeasureCode of Row 650, and The MeasureName of Row 475 is different from the MeasureName of Row 650.","(475, 650)",True,True,False,False,heart failure patients given ace inhibitor or arb for left ventricular systolic dysfunction (lvsd),heart failure patients given ace inhibitor or arb for left xentricular systolic dysfunction (lxsd),True
651,MeasureName,rule_violation,heart faxlure patxents gxven smokxng cessatxon advxce/counselxng,heart failure patients given smoking cessation advice/counseling,0,"Constraint Violation: The MeasureCode of Row 323 is equal to the MeasureCode of Row 651, and The MeasureName of Row 323 is different from the MeasureName of Row 651.","(323, 651)",True,True,False,False,heart failure patients given smoking cessation advice/counseling,heart faxlure patxents gxven smokxng cessatxon advxce/counselxng,True
652,Address1,rule_violation,209 xorth maix street,209 north main street,0,"Constraint Violation: The HospitalName of Row 649 is equal to the HospitalName of Row 652, and The Address1 of Row 649 is different from the Address1 of Row 652.","(649, 652)",True,True,False,False,209 north main street,209 xorth maix street,True
653,EmergencyService,rule_violation,xo,no,0,"Constraint Violation: The ZipCode of Row 653 is equal to the ZipCode of Row 658, and The EmergencyService of Row 653 is different from the EmergencyService of Row 658.","(653, 658)",True,True,False,False,no,xo,True
654,HospitalName,rule_violation,wedowee hosxital,wedowee hospital,0,"Constraint Violation: The ProviderNumber of Row 646 is equal to the ProviderNumber of Row 654, and The HospitalName of Row 646 is different from the HospitalName of Row 654.","(646, 654)",True,True,False,False,wedowee hospital,wedowee hosxital,True
654,City,pattern_violation,wxdowxx,wedowee,0,,,True,True,False,False,wedowee,wxdowxx,True
655,ProviderNumber,rule_violation,1xx32,10032,0,"Constraint Violation: The HospitalName of Row 655 is equal to the HospitalName of Row 660, and The ProviderNumber of Row 655 is different from the ProviderNumber of Row 660.","(655, 660)",True,True,False,False,10032,1xx32,True
666,PhoneNumber,rule_violation,20593xx011,2059344011,0,"Constraint Violation: The HospitalName of Row 666 is equal to the HospitalName of Row 671, and The PhoneNumber of Row 666 is different from the PhoneNumber of Row 671.","(666, 671)",True,True,False,False,2059344011,20593xx011,True
668,Sample,pattern_violation,87 paxienxs,87 patients,0,,,True,True,False,False,87 patients,87 paxienxs,True
672,CountyName,rule_violation,jxffxrson,jefferson,0,"Constraint Violation: The City of Row 217 is equal to the City of Row 672, and The CountyName of Row 217 is different from the CountyName of Row 672.","(217, 672)",True,True,False,False,jefferson,jxffxrson,True
672,MeasureName,rule_violation,heartxattackxpatientsxgivenxpcixwithinx90xminutesxofxarrival,heart attack patients given pci within 90 minutes of arrival,0,"Constraint Violation: The MeasureCode of Row 175 is equal to the MeasureCode of Row 672, and The MeasureName of Row 175 is different from the MeasureName of Row 672.","(175, 672)",True,True,False,False,heart attack patients given pci within 90 minutes of arrival,heartxattackxpatientsxgivenxpcixwithinx90xminutesxofxarrival,True
673,MeasureCode,rule_violation,xf-1,hf-1,0,"Constraint Violation: The MeasureName of Row 386 is equal to the MeasureName of Row 673, and The MeasureCode of Row 386 is different from the MeasureCode of Row 673.","(386, 673)",True,True,False,False,hf-1,xf-1,True
673,Sample,pattern_violation,618 xatients,618 patients,0,,,True,True,False,False,618 patients,618 xatients,True
674,EmergencyService,rule_violation,yex,yes,0,"Constraint Violation: The ZipCode of Row 670 is equal to the ZipCode of Row 674, and The EmergencyService of Row 670 is different from the EmergencyService of Row 674.","(670, 674)",True,True,False,False,yes,yex,True
676,MeasureCode,rule_violation,hfx4,hf-4,0,"Constraint Violation: The MeasureName of Row 179 is equal to the MeasureName of Row 676, and The MeasureCode of Row 179 is different from the MeasureCode of Row 676.","(179, 676)",True,True,False,False,hf-4,hfx4,True
678,Stateavg,rule_violation,alxpn-3b,al_pn-3b,0,"Constraint Violation: The MeasureCode of Row 678 is equal to the MeasureCode of Row 992, and The Stateavg of Row 678 is different from the Stateavg of Row 992.","(678, 992)",True,True,False,False,al_pn-3b,alxpn-3b,True
679,ZipCode,rule_violation,3x233,35233,0,"Constraint Violation: The HospitalName of Row 674 is equal to the HospitalName of Row 679, and The ZipCode of Row 674 is different from the ZipCode of Row 679.","(674, 679)",True,True,False,False,35233,3x233,True
679,Condition,rule_violation,xneumonia,pneumonia,0,"Constraint Violation: The MeasureCode of Row 504 is equal to the MeasureCode of Row 679, and The Condition of Row 504 is different from the Condition of Row 679.","(504, 679)",True,True,False,False,pneumonia,xneumonia,True
685,ZipCode,rule_violation,x52xx,35233,0,"Constraint Violation: The HospitalName of Row 685 is equal to the HospitalName of Row 686, and The ZipCode of Row 685 is different from the ZipCode of Row 686.","(685, 686)",True,True,False,False,35233,x52xx,True
689,CountyName,rule_violation,jexxerson,jefferson,0,"Constraint Violation: The City of Row 300 is equal to the City of Row 689, and The CountyName of Row 300 is different from the CountyName of Row 689.","(300, 689)",True,True,False,False,jefferson,jexxerson,True
690,City,rule_violation,birminxham,birmingham,0,"Constraint Violation: The HospitalName of Row 679 is equal to the HospitalName of Row 690, and The City of Row 679 is different from the City of Row 690.","(679, 690)",True,True,False,False,birmingham,birminxham,True
691,MeasureCode,rule_violation,amix1,ami-1,0,"Constraint Violation: The MeasureName of Row 44 is equal to the MeasureName of Row 691, and The MeasureCode of Row 44 is different from the MeasureCode of Row 691.","(44, 691)",True,True,False,False,ami-1,amix1,True
692,CountyName,rule_violation,elmoxe,elmore,0,"Constraint Violation: The City of Row 692 is equal to the City of Row 712, and The CountyName of Row 692 is different from the CountyName of Row 712.","(692, 712)",True,True,False,False,elmore,elmoxe,True
694,MeasureCode,rule_violation,amx-4,ami-4,0,"Constraint Violation: The MeasureName of Row 147 is equal to the MeasureName of Row 694, and The MeasureCode of Row 147 is different from the MeasureCode of Row 694.","(147, 694)",True,True,False,False,ami-4,amx-4,True
695,HospitalType,pattern_violation,acute cxre hospitxls,acute care hospitals,0,,,True,True,False,False,acute care hospitals,acute cxre hospitxls,True
695,Condition,rule_violation,heart attaxk,heart attack,0,"Constraint Violation: The MeasureCode of Row 645 is equal to the MeasureCode of Row 695, and The Condition of Row 645 is different from the Condition of Row 695.","(645, 695)",True,True,False,False,heart attack,heart attaxk,True
696,City,rule_violation,tallaxxee,tallassee,0,"Constraint Violation: The HospitalName of Row 696 is equal to the HospitalName of Row 702, and The City of Row 696 is different from the City of Row 702.","(696, 702)",True,True,False,False,tallassee,tallaxxee,True
697,HospitalName,rule_violation,communitx hospital inc,community hospital inc,0,"Constraint Violation: The ProviderNumber of Row 697 is equal to the ProviderNumber of Row 710, and The HospitalName of Row 697 is different from the HospitalName of Row 710.","(697, 710)",True,True,False,False,community hospital inc,communitx hospital inc,True
698,CountyName,rule_violation,elxore,elmore,0,"Constraint Violation: The City of Row 698 is equal to the City of Row 704, and The CountyName of Row 698 is different from the CountyName of Row 704.","(698, 704)",True,True,False,False,elmore,elxore,True
698,Condition,rule_violation,hexrt fxilure,heart failure,0,"Constraint Violation: The MeasureCode of Row 176 is equal to the MeasureCode of Row 698, and The Condition of Row 176 is different from the Condition of Row 698.","(176, 698)",True,True,False,False,heart failure,hexrt fxilure,True
698,Score,pattern_violation,xx%,88%,0,,,True,True,False,False,88%,xx%,True
699,PhoneNumber,rule_violation,334x836541,3342836541,0,"Constraint Violation: The HospitalName of Row 699 is equal to the HospitalName of Row 700, and The PhoneNumber of Row 699 is different from the PhoneNumber of Row 700.","(699, 700)",True,True,False,False,3342836541,334x836541,True
701,State,rule_violation,xl,al,0,"Constraint Violation: The HospitalName of Row 701 is equal to the HospitalName of Row 714, and The PhoneNumber of Row 701 is equal to the PhoneNumber of Row 714, and The HospitalOwner of Row 701 is equal to the HospitalOwner of Row 714, and The State of Row 701 is different from the State of Row 714.","(701, 714)",True,True,False,False,al,xl,True
704,ProviderNumber,rule_violation,100x4,10034,0,"Constraint Violation: The HospitalName of Row 703 is equal to the HospitalName of Row 704, and The ProviderNumber of Row 703 is different from the ProviderNumber of Row 704.","(703, 704)",True,True,False,False,10034,100x4,True
705,HospitalType,pattern_violation,acutexcarexhospitals,acute care hospitals,0,,,True,True,False,False,acute care hospitals,acutexcarexhospitals,True
705,MeasureName,rule_violation,pxeumoxia patiexts givex ixitial axtibiotic(s) withix 6 hours after arrival,pneumonia patients given initial antibiotic(s) within 6 hours after arrival,0,"Constraint Violation: The MeasureCode of Row 705 is equal to the MeasureCode of Row 791, and The MeasureName of Row 705 is different from the MeasureName of Row 791.","(705, 791)",True,True,False,False,pneumonia patients given initial antibiotic(s) within 6 hours after arrival,pxeumoxia patiexts givex ixitial axtibiotic(s) withix 6 hours after arrival,True
706,MeasureName,rule_violation,pxeumoxia patiexts givex the most appropriate ixitial axtibiotic(s),pneumonia patients given the most appropriate initial antibiotic(s),0,"Constraint Violation: The MeasureCode of Row 656 is equal to the MeasureCode of Row 706, and The MeasureName of Row 656 is different from the MeasureName of Row 706.","(656, 706)",True,True,False,False,pneumonia patients given the most appropriate initial antibiotic(s),pxeumoxia patiexts givex the most appropriate ixitial axtibiotic(s),True
710,HospitalName,rule_violation,communixy hospixal inc,community hospital inc,0,"Constraint Violation: The ProviderNumber of Row 699 is equal to the ProviderNumber of Row 710, and The HospitalName of Row 699 is different from the HospitalName of Row 710.","(699, 710)",True,True,False,False,community hospital inc,communixy hospixal inc,True
710,ZipCode,pattern_violation,36x78,36078,0,,,True,True,False,False,36078,36x78,True
711,Score,pattern_violation,1xx%,100%,0,,,True,True,False,False,100%,1xx%,True
712,Condition,rule_violation,surgical infection xrevention,surgical infection prevention,0,"Constraint Violation: The MeasureCode of Row 375 is equal to the MeasureCode of Row 712, and The Condition of Row 375 is different from the Condition of Row 712.","(375, 712)",True,True,False,False,surgical infection prevention,surgical infection xrevention,True
713,PhoneNumber,rule_violation,33x28365x1,3342836541,0,"Constraint Violation: The HospitalName of Row 705 is equal to the HospitalName of Row 713, and The PhoneNumber of Row 705 is different from the PhoneNumber of Row 713.","(705, 713)",True,True,False,False,3342836541,33x28365x1,True
713,MeasureName,rule_violation,surgery paxienxs needing hair removed from xhe surgical area before surgery who had hair removed using a safer mexhod (elecxric clippers or hair removal cream c nox a razor),surgery patients needing hair removed from the surgical area before surgery who had hair removed using a safer method (electric clippers or hair removal cream c not a razor),0,"Constraint Violation: The MeasureCode of Row 266 is equal to the MeasureCode of Row 713, and The MeasureName of Row 266 is different from the MeasureName of Row 713.","(266, 713)",True,True,False,False,surgery patients needing hair removed from the surgical area before surgery who had hair removed using a safer method (electric clippers or hair removal cream c not a razor),surgery paxienxs needing hair removed from xhe surgical area before surgery who had hair removed using a safer mexhod (elecxric clippers or hair removal cream c nox a razor),True
716,Condition,rule_violation,heartxattack,heart attack,0,"Constraint Violation: The MeasureCode of Row 716 is equal to the MeasureCode of Row 877, and The Condition of Row 716 is different from the Condition of Row 877.","(716, 877)",True,True,False,False,heart attack,heartxattack,True
718,MeasureCode,rule_violation,amx-3,ami-3,0,"Constraint Violation: The MeasureName of Row 718 is equal to the MeasureName of Row 879, and The MeasureCode of Row 718 is different from the MeasureCode of Row 879.","(718, 879)",True,True,False,False,ami-3,amx-3,True
718,Score,pattern_violation,x7%,67%,0,,,True,True,False,False,67%,x7%,True
721,ProviderNumber,rule_violation,100x5,10035,0,"Constraint Violation: The HospitalName of Row 721 is equal to the HospitalName of Row 729, and The ProviderNumber of Row 721 is different from the ProviderNumber of Row 729.","(721, 729)",True,True,False,False,10035,100x5,True
721,Stateavg,rule_violation,al_amx-7a,al_ami-7a,0,"Constraint Violation: The MeasureCode of Row 49 is equal to the MeasureCode of Row 721, and The Stateavg of Row 49 is different from the Stateavg of Row 721.","(49, 721)",True,True,False,False,al_ami-7a,al_amx-7a,True
722,CountyName,rule_violation,cxllman,cullman,0,"Constraint Violation: The City of Row 716 is equal to the City of Row 722, and The CountyName of Row 716 is different from the CountyName of Row 722.","(716, 722)",True,True,False,False,cullman,cxllman,True
724,ProviderNumber,rule_violation,1xx35,10035,0,"Constraint Violation: The HospitalName of Row 724 is equal to the HospitalName of Row 737, and The ProviderNumber of Row 724 is different from the ProviderNumber of Row 737.","(724, 737)",True,True,False,False,10035,1xx35,True
729,HospitalType,pattern_violation,acutexcarexhospitals,acute care hospitals,0,,,True,True,False,False,acute care hospitals,acutexcarexhospitals,True
729,MeasureCode,rule_violation,px-4,pn-4,0,"Constraint Violation: The MeasureName of Row 454 is equal to the MeasureName of Row 729, and The MeasureCode of Row 454 is different from the MeasureCode of Row 729.","(454, 729)",True,True,False,False,pn-4,px-4,True
730,HospitalName,rule_violation,cullmxn regionxl medicxl center,cullman regional medical center,0,"Constraint Violation: The ProviderNumber of Row 727 is equal to the ProviderNumber of Row 730, and The HospitalName of Row 727 is different from the HospitalName of Row 730.","(727, 730)",True,True,False,False,cullman regional medical center,cullmxn regionxl medicxl center,True
730,CountyName,rule_violation,cxllman,cullman,0,"Constraint Violation: The City of Row 717 is equal to the City of Row 730, and The CountyName of Row 717 is different from the CountyName of Row 730.","(717, 730)",True,True,False,False,cullman,cxllman,True
733,Condition,rule_violation,suxgical infection pxevention,surgical infection prevention,0,"Constraint Violation: The MeasureCode of Row 186 is equal to the MeasureCode of Row 733, and The Condition of Row 186 is different from the Condition of Row 733.","(186, 733)",True,True,False,False,surgical infection prevention,suxgical infection pxevention,True
735,MeasureCode,rule_violation,scix-inf-2,scip-inf-2,0,"Constraint Violation: The MeasureName of Row 444 is equal to the MeasureName of Row 735, and The MeasureCode of Row 444 is different from the MeasureCode of Row 735.","(444, 735)",True,True,False,False,scip-inf-2,scix-inf-2,True
736,Address1,rule_violation,1912xalabamaxhighwayx157,1912 alabama highway 157,0,"Constraint Violation: The HospitalName of Row 735 is equal to the HospitalName of Row 736, and The Address1 of Row 735 is different from the Address1 of Row 736.","(735, 736)",True,True,False,False,1912 alabama highway 157,1912xalabamaxhighwayx157,True
736,City,rule_violation,cuxxman,cullman,0,"Constraint Violation: The HospitalName of Row 725 is equal to the HospitalName of Row 736, and The City of Row 725 is different from the City of Row 736.","(725, 736)",True,True,False,False,cullman,cuxxman,True
744,HospitalOwner,rule_violation,prxprietary,proprietary,0,"Constraint Violation: The HospitalName of Row 744 is equal to the HospitalName of Row 761, and The HospitalOwner of Row 744 is different from the HospitalOwner of Row 761.","(744, 761)",True,True,False,False,proprietary,prxprietary,True
749,MeasureCode,rule_violation,hx-2,hf-2,0,"Constraint Violation: The MeasureName of Row 724 is equal to the MeasureName of Row 749, and The MeasureCode of Row 724 is different from the MeasureCode of Row 749.","(724, 749)",True,True,False,False,hf-2,hx-2,True
750,ZipCode,rule_violation,3642x,36420,0,"Constraint Violation: The HospitalName of Row 743 is equal to the HospitalName of Row 750, and The ZipCode of Row 743 is different from the ZipCode of Row 750.","(743, 750)",True,True,False,False,36420,3642x,True
751,PhoneNumber,rule_violation,334xxx8466,3342228466,0,"Constraint Violation: The HospitalName of Row 742 is equal to the HospitalName of Row 751, and The PhoneNumber of Row 742 is different from the PhoneNumber of Row 751.","(742, 751)",True,True,False,False,3342228466,334xxx8466,True
752,CountyName,rule_violation,coxington,covington,0,"Constraint Violation: The City of Row 752 is equal to the City of Row 763, and The CountyName of Row 752 is different from the CountyName of Row 763.","(752, 763)",True,True,False,False,covington,coxington,True
755,ProviderNumber,rule_violation,1xx36,10036,0,"Constraint Violation: The HospitalName of Row 755 is equal to the HospitalName of Row 761, and The ProviderNumber of Row 755 is different from the ProviderNumber of Row 761.","(755, 761)",True,True,False,False,10036,1xx36,True
756,City,rule_violation,andaluxia,andalusia,0,"Constraint Violation: The HospitalName of Row 750 is equal to the HospitalName of Row 756, and The City of Row 750 is different from the City of Row 756.","(750, 756)",True,True,False,False,andalusia,andaluxia,True
758,HospitalName,rule_violation,andaxusia regionax hospitax,andalusia regional hospital,0,"Constraint Violation: The ProviderNumber of Row 758 is equal to the ProviderNumber of Row 765, and The HospitalName of Row 758 is different from the HospitalName of Row 765.","(758, 765)",True,True,False,False,andalusia regional hospital,andaxusia regionax hospitax,True
760,Stateavg,rule_violation,al_scipxinfx2,al_scip-inf-2,0,"Constraint Violation: The MeasureCode of Row 288 is equal to the MeasureCode of Row 760, and The Stateavg of Row 288 is different from the Stateavg of Row 760.","(288, 760)",True,True,False,False,al_scip-inf-2,al_scipxinfx2,True
763,PhoneNumber,rule_violation,33422284xx,3342228466,0,"Constraint Violation: The HospitalName of Row 743 is equal to the HospitalName of Row 763, and The PhoneNumber of Row 743 is different from the PhoneNumber of Row 763.","(743, 763)",True,True,False,False,3342228466,33422284xx,True
764,State,rule_violation,xl,al,0,"Constraint Violation: The HospitalName of Row 743 is equal to the HospitalName of Row 764, and The PhoneNumber of Row 743 is equal to the PhoneNumber of Row 764, and The HospitalOwner of Row 743 is equal to the HospitalOwner of Row 764, and The State of Row 743 is different from the State of Row 764.","(743, 764)",True,True,False,False,al,xl,True
764,Stateavg,rule_violation,al_scix-vte-1,al_scip-vte-1,0,"Constraint Violation: The MeasureCode of Row 142 is equal to the MeasureCode of Row 764, and The Stateavg of Row 142 is different from the Stateavg of Row 764.","(142, 764)",True,True,False,False,al_scip-vte-1,al_scix-vte-1,True
765,HospitalName,rule_violation,andaluxia regional hoxpital,andalusia regional hospital,0,"Constraint Violation: The ProviderNumber of Row 757 is equal to the ProviderNumber of Row 765, and The HospitalName of Row 757 is different from the HospitalName of Row 765.","(757, 765)",True,True,False,False,andalusia regional hospital,andaluxia regional hoxpital,True
767,Address1,rule_violation,301 east 1xth st,301 east 18th st,0,"Constraint Violation: The HospitalName of Row 324 is equal to the HospitalName of Row 767, and The Address1 of Row 324 is different from the Address1 of Row 767.","(324, 767)",True,True,False,False,301 east 18th st,301 east 1xth st,True
769,Score,pattern_violation,x3%,93%,0,,,True,True,False,False,93%,x3%,True
772,City,rule_violation,annxston,anniston,0,"Constraint Violation: The HospitalName of Row 772 is equal to the HospitalName of Row 773, and The City of Row 772 is different from the City of Row 773.","(772, 773)",True,True,False,False,anniston,annxston,True
774,MeasureCode,rule_violation,xax-1,cac-1,0,"Constraint Violation: The MeasureName of Row 766 is equal to the MeasureName of Row 774, and The MeasureCode of Row 766 is different from the MeasureCode of Row 774.","(766, 774)",True,True,False,False,cac-1,xax-1,True
776,Sample,pattern_violation,193 paxienxs,193 patients,0,,,True,True,False,False,193 patients,193 paxienxs,True
777,HospitalName,rule_violation,huntsvxlle hospxtal,huntsville hospital,0,"Constraint Violation: The ProviderNumber of Row 777 is equal to the ProviderNumber of Row 784, and The HospitalName of Row 777 is different from the HospitalName of Row 784.","(777, 784)",True,True,False,False,huntsville hospital,huntsvxlle hospxtal,True
779,HospitalType,pattern_violation,acutexcarexhospitals,acute care hospitals,0,,,True,True,False,False,acute care hospitals,acutexcarexhospitals,True
780,ProviderNumber,rule_violation,1003x,10039,0,"Constraint Violation: The HospitalName of Row 779 is equal to the HospitalName of Row 780, and The ProviderNumber of Row 779 is different from the ProviderNumber of Row 780.","(779, 780)",True,True,False,False,10039,1003x,True
780,Condition,rule_violation,heart attaxk,heart attack,0,"Constraint Violation: The MeasureCode of Row 197 is equal to the MeasureCode of Row 780, and The Condition of Row 197 is different from the Condition of Row 780.","(197, 780)",True,True,False,False,heart attack,heart attaxk,True
782,HospitalType,pattern_violation,acute care hospitaxs,acute care hospitals,0,,,True,True,False,False,acute care hospitals,acute care hospitaxs,True
784,HospitalOwner,rule_violation,goverxmext - hospital district or authority,government - hospital district or authority,0,"Constraint Violation: The HospitalName of Row 781 is equal to the HospitalName of Row 784, and The HospitalOwner of Row 781 is different from the HospitalOwner of Row 784.","(781, 784)",True,True,False,False,government - hospital district or authority,goverxmext - hospital district or authority,True
785,CountyName,rule_violation,madisxn,madison,0,"Constraint Violation: The City of Row 785 is equal to the City of Row 786, and The CountyName of Row 785 is different from the CountyName of Row 786.","(785, 786)",True,True,False,False,madison,madisxn,True
785,MeasureName,rule_violation,heaxt failuxe patients given an evaluation of left ventxiculax systolic (lvs) function,heart failure patients given an evaluation of left ventricular systolic (lvs) function,0,"Constraint Violation: The MeasureCode of Row 102 is equal to the MeasureCode of Row 785, and The MeasureName of Row 102 is different from the MeasureName of Row 785.","(102, 785)",True,True,False,False,heart failure patients given an evaluation of left ventricular systolic (lvs) function,heaxt failuxe patients given an evaluation of left ventxiculax systolic (lvs) function,True
787,Stateavg,rule_violation,al_hf-x,al_hf-4,0,"Constraint Violation: The MeasureCode of Row 364 is equal to the MeasureCode of Row 787, and The Stateavg of Row 364 is different from the Stateavg of Row 787.","(364, 787)",True,True,False,False,al_hf-4,al_hf-x,True
788,MeasureCode,rule_violation,pn-x,pn-2,0,"Constraint Violation: The MeasureName of Row 788 is equal to the MeasureName of Row 941, and The MeasureCode of Row 788 is different from the MeasureCode of Row 941.","(788, 941)",True,True,False,False,pn-2,pn-x,True
789,ProviderNumber,rule_violation,1xx39,10039,0,"Constraint Violation: The HospitalName of Row 776 is equal to the HospitalName of Row 789, and The ProviderNumber of Row 776 is different from the ProviderNumber of Row 789.","(776, 789)",True,True,False,False,10039,1xx39,True
791,State,rule_violation,xl,al,0,"Constraint Violation: The HospitalName of Row 774 is equal to the HospitalName of Row 791, and The PhoneNumber of Row 774 is equal to the PhoneNumber of Row 791, and The HospitalOwner of Row 774 is equal to the HospitalOwner of Row 791, and The State of Row 774 is different from the State of Row 791.","(774, 791)",True,True,False,False,al,xl,True
793,ProviderNumber,rule_violation,100x9,10039,0,"Constraint Violation: The HospitalName of Row 791 is equal to the HospitalName of Row 793, and The ProviderNumber of Row 791 is different from the ProviderNumber of Row 793.","(791, 793)",True,True,False,False,10039,100x9,True
796,Stateavg,rule_violation,xl_scip-inf-2,al_scip-inf-2,0,"Constraint Violation: The MeasureCode of Row 444 is equal to the MeasureCode of Row 796, and The Stateavg of Row 444 is different from the Stateavg of Row 796.","(444, 796)",True,True,False,False,al_scip-inf-2,xl_scip-inf-2,True
797,EmergencyService,rule_violation,yxs,yes,0,"Constraint Violation: The ZipCode of Row 779 is equal to the ZipCode of Row 797, and The EmergencyService of Row 779 is different from the EmergencyService of Row 797.","(779, 797)",True,True,False,False,yes,yxs,True
798,CountyName,rule_violation,madisox,madison,0,"Constraint Violation: The City of Row 794 is equal to the City of Row 798, and The CountyName of Row 794 is different from the CountyName of Row 798.","(794, 798)",True,True,False,False,madison,madisox,True
802,MeasureName,rule_violation,heart attack patxents gxven aspxrxn at arrxval,heart attack patients given aspirin at arrival,0,"Constraint Violation: The MeasureCode of Row 244 is equal to the MeasureCode of Row 802, and The MeasureName of Row 244 is different from the MeasureName of Row 802.","(244, 802)",True,True,False,False,heart attack patients given aspirin at arrival,heart attack patxents gxven aspxrxn at arrxval,True
809,EmergencyService,rule_violation,xes,yes,0,"Constraint Violation: The ZipCode of Row 809 is equal to the ZipCode of Row 820, and The EmergencyService of Row 809 is different from the EmergencyService of Row 820.","(809, 820)",True,True,False,False,yes,xes,True
814,HospitalType,pattern_violation,axute care hospitals,acute care hospitals,0,,,True,True,False,False,acute care hospitals,axute care hospitals,True
815,ZipCode,rule_violation,x590x,35903,0,"Constraint Violation: The HospitalName of Row 815 is equal to the HospitalName of Row 824, and The ZipCode of Row 815 is different from the ZipCode of Row 824.","(815, 824)",True,True,False,False,35903,x590x,True
816,MeasureName,rule_violation,pneumonix pxtients given initixl antibiotic(s) within 6 hours after arrivxl,pneumonia patients given initial antibiotic(s) within 6 hours after arrival,0,"Constraint Violation: The MeasureCode of Row 368 is equal to the MeasureCode of Row 816, and The MeasureName of Row 368 is different from the MeasureName of Row 816.","(368, 816)",True,True,False,False,pneumonia patients given initial antibiotic(s) within 6 hours after arrival,pneumonix pxtients given initixl antibiotic(s) within 6 hours after arrivxl,True
821,City,rule_violation,gxdsden,gadsden,0,"Constraint Violation: The HospitalName of Row 814 is equal to the HospitalName of Row 821, and The City of Row 814 is different from the City of Row 821.","(814, 821)",True,True,False,False,gadsden,gxdsden,True
824,PhoneNumber,rule_violation,2564944xxx,2564944000,0,"Constraint Violation: The HospitalName of Row 812 is equal to the HospitalName of Row 824, and The PhoneNumber of Row 812 is different from the PhoneNumber of Row 824.","(812, 824)",True,True,False,False,2564944000,2564944xxx,True
827,Stateavg,rule_violation,xl_xmi-1,al_ami-1,0,"Constraint Violation: The MeasureCode of Row 354 is equal to the MeasureCode of Row 827, and The Stateavg of Row 354 is different from the Stateavg of Row 827.","(354, 827)",True,True,False,False,al_ami-1,xl_xmi-1,True
842,MeasureCode,rule_violation,pnx6,pn-6,0,"Constraint Violation: The MeasureName of Row 842 is equal to the MeasureName of Row 867, and The MeasureCode of Row 842 is different from the MeasureCode of Row 867.","(842, 867)",True,True,False,False,pn-6,pnx6,True
842,Stateavg,pattern_violation,al_pnx6,al_pn-6,0,,,True,True,False,False,al_pn-6,al_pnx6,True
845,Sample,pattern_violation,4 patiexts,4 patients,0,,,True,True,False,False,4 patients,4 patiexts,True
846,HospitalOwner,rule_violation,voluntaxy non-pxofit - pxivate,voluntary non-profit - private,0,"Constraint Violation: The HospitalName of Row 840 is equal to the HospitalName of Row 846, and The HospitalOwner of Row 840 is different from the HospitalOwner of Row 846.","(840, 846)",True,True,False,False,voluntary non-profit - private,voluntaxy non-pxofit - pxivate,True
848,HospitalType,pattern_violation,acute caxe hospitals,acute care hospitals,0,,,True,True,False,False,acute care hospitals,acute caxe hospitals,True
849,Address1,rule_violation,x0x0 lay dam road,1010 lay dam road,0,"Constraint Violation: The HospitalName of Row 832 is equal to the HospitalName of Row 849, and The Address1 of Row 832 is different from the Address1 of Row 849.","(832, 849)",True,True,False,False,1010 lay dam road,x0x0 lay dam road,True
851,Condition,rule_violation,surgical infxction prxvxntion,surgical infection prevention,0,"Constraint Violation: The MeasureCode of Row 43 is equal to the MeasureCode of Row 851, and The Condition of Row 43 is different from the Condition of Row 851.","(43, 851)",True,True,False,False,surgical infection prevention,surgical infxction prxvxntion,True
855,City,rule_violation,hamilxon,hamilton,0,"Constraint Violation: The HospitalName of Row 855 is equal to the HospitalName of Row 864, and The City of Row 855 is different from the City of Row 864.","(855, 864)",True,True,False,False,hamilton,hamilxon,True
855,PhoneNumber,rule_violation,x059x16x00,2059216200,0,"Constraint Violation: The HospitalName of Row 855 is equal to the HospitalName of Row 865, and The PhoneNumber of Row 855 is different from the PhoneNumber of Row 865.","(855, 865)",True,True,False,False,2059216200,x059x16x00,True
857,Address1,rule_violation,1256 military street sxuth,1256 military street south,0,"Constraint Violation: The HospitalName of Row 857 is equal to the HospitalName of Row 858, and The Address1 of Row 857 is different from the Address1 of Row 858.","(857, 858)",True,True,False,False,1256 military street south,1256 military street sxuth,True
859,ProviderNumber,rule_violation,1xx44,10044,0,"Constraint Violation: The HospitalName of Row 858 is equal to the HospitalName of Row 859, and The ProviderNumber of Row 858 is different from the ProviderNumber of Row 859.","(858, 859)",True,True,False,False,10044,1xx44,True
860,Score,pattern_violation,80x,80%,0,,,True,True,False,False,80%,80x,True
865,PhoneNumber,rule_violation,20x9216200,2059216200,0,"Constraint Violation: The HospitalName of Row 865 is equal to the HospitalName of Row 870, and The PhoneNumber of Row 865 is different from the PhoneNumber of Row 870.","(865, 870)",True,True,False,False,2059216200,20x9216200,True
865,MeasureCode,rule_violation,px-4,pn-4,0,"Constraint Violation: The MeasureName of Row 815 is equal to the MeasureName of Row 865, and The MeasureCode of Row 815 is different from the MeasureCode of Row 865.","(815, 865)",True,True,False,False,pn-4,px-4,True
866,EmergencyService,rule_violation,yxs,yes,0,"Constraint Violation: The ZipCode of Row 861 is equal to the ZipCode of Row 866, and The EmergencyService of Row 861 is different from the EmergencyService of Row 866.","(861, 866)",True,True,False,False,yes,yxs,True
866,Sample,pattern_violation,121 patiexts,121 patients,0,,,True,True,False,False,121 patients,121 patiexts,True
868,HospitalOwner,rule_violation,voluxtary xox-profit - private,voluntary non-profit - private,0,"Constraint Violation: The HospitalName of Row 858 is equal to the HospitalName of Row 868, and The HospitalOwner of Row 858 is different from the HospitalOwner of Row 868.","(858, 868)",True,True,False,False,voluntary non-profit - private,voluxtary xox-profit - private,True
869,Condition,rule_violation,surgical ixfectiox prevextiox,surgical infection prevention,0,"Constraint Violation: The MeasureCode of Row 844 is equal to the MeasureCode of Row 869, and The Condition of Row 844 is different from the Condition of Row 869.","(844, 869)",True,True,False,False,surgical infection prevention,surgical ixfectiox prevextiox,True
872,HospitalOwner,rule_violation,voluntaxy non-pxofit - pxivate,voluntary non-profit - private,0,"Constraint Violation: The HospitalName of Row 858 is equal to the HospitalName of Row 872, and The HospitalOwner of Row 858 is different from the HospitalOwner of Row 872.","(858, 872)",True,True,False,False,voluntary non-profit - private,voluntaxy non-pxofit - pxivate,True
872,Sample,pattern_violation,15 patiexts,15 patients,0,,,True,True,False,False,15 patients,15 patiexts,True
877,HospitalType,pattern_violation,acute care hoxpitalx,acute care hospitals,0,,,True,True,False,False,acute care hospitals,acute care hoxpitalx,True
878,ProviderNumber,rule_violation,1xx45,10045,0,"Constraint Violation: The HospitalName of Row 878 is equal to the HospitalName of Row 887, and The ProviderNumber of Row 878 is different from the ProviderNumber of Row 887.","(878, 887)",True,True,False,False,10045,1xx45,True
881,PhoneNumber,rule_violation,x0593x5966,2059325966,0,"Constraint Violation: The HospitalName of Row 878 is equal to the HospitalName of Row 881, and The PhoneNumber of Row 878 is different from the PhoneNumber of Row 881.","(878, 881)",True,True,False,False,2059325966,x0593x5966,True
883,PhoneNumber,rule_violation,x0593x5966,2059325966,0,"Constraint Violation: The HospitalName of Row 883 is equal to the HospitalName of Row 901, and The PhoneNumber of Row 883 is different from the PhoneNumber of Row 901.","(883, 901)",True,True,False,False,2059325966,x0593x5966,True
884,State,rule_violation,xl,al,0,"Constraint Violation: The HospitalName of Row 882 is equal to the HospitalName of Row 884, and The PhoneNumber of Row 882 is equal to the PhoneNumber of Row 884, and The HospitalOwner of Row 882 is equal to the HospitalOwner of Row 884, and The State of Row 882 is different from the State of Row 884.","(882, 884)",True,True,False,False,al,xl,True
886,State,rule_violation,xl,al,0,"Constraint Violation: The HospitalName of Row 886 is equal to the HospitalName of Row 898, and The PhoneNumber of Row 886 is equal to the PhoneNumber of Row 898, and The HospitalOwner of Row 886 is equal to the HospitalOwner of Row 898, and The State of Row 886 is different from the State of Row 898.","(886, 898)",True,True,False,False,al,xl,True
888,ProviderNumber,rule_violation,x0045,10045,0,"Constraint Violation: The HospitalName of Row 888 is equal to the HospitalName of Row 899, and The ProviderNumber of Row 888 is different from the ProviderNumber of Row 899.","(888, 899)",True,True,False,False,10045,x0045,True
888,Score,pattern_violation,x5%,85%,0,,,True,True,False,False,85%,x5%,True
889,EmergencyService,rule_violation,yex,yes,0,"Constraint Violation: The ZipCode of Row 879 is equal to the ZipCode of Row 889, and The EmergencyService of Row 879 is different from the EmergencyService of Row 889.","(879, 889)",True,True,False,False,yes,yex,True
893,MeasureName,rule_violation,pneumonia patients assessed and given influenza vaxxination,pneumonia patients assessed and given influenza vaccination,0,"Constraint Violation: The MeasureCode of Row 260 is equal to the MeasureCode of Row 893, and The MeasureName of Row 260 is different from the MeasureName of Row 893.","(260, 893)",True,True,False,False,pneumonia patients assessed and given influenza vaccination,pneumonia patients assessed and given influenza vaxxination,True
895,City,rule_violation,faxette,fayette,0,"Constraint Violation: The HospitalName of Row 895 is equal to the HospitalName of Row 896, and The City of Row 895 is different from the City of Row 896.","(895, 896)",True,True,False,False,fayette,faxette,True
895,CountyName,pattern_violation,fayexxe,fayette,0,,,True,True,False,False,fayette,fayexxe,True
902,HospitalType,pattern_violation,acutexcarexhospitals,acute care hospitals,0,,,True,True,False,False,acute care hospitals,acutexcarexhospitals,True
902,MeasureName,rule_violation,childrenxwhoxreceivedxrelieverxmedicationxwhilexhospitalizedxforxasthma,children who received reliever medication while hospitalized for asthma,0,"Constraint Violation: The MeasureCode of Row 766 is equal to the MeasureCode of Row 902, and The MeasureName of Row 766 is different from the MeasureName of Row 902.","(766, 902)",True,True,False,False,children who received reliever medication while hospitalized for asthma,childrenxwhoxreceivedxrelieverxmedicationxwhilexhospitalizedxforxasthma,True
903,HospitalName,rule_violation,rivxrvixw rxgional mxdical cxntxr,riverview regional medical center,0,"Constraint Violation: The ProviderNumber of Row 903 is equal to the ProviderNumber of Row 918, and The HospitalName of Row 903 is different from the HospitalName of Row 918.","(903, 918)",True,True,False,False,riverview regional medical center,rivxrvixw rxgional mxdical cxntxr,True
905,Sample,pattern_violation,126 patxents,126 patients,0,,,True,True,False,False,126 patients,126 patxents,True
915,Address1,rule_violation,600 souxh xhird sxreex,600 south third street,0,"Constraint Violation: The HospitalName of Row 915 is equal to the HospitalName of Row 923, and The Address1 of Row 915 is different from the Address1 of Row 923.","(915, 923)",True,True,False,False,600 south third street,600 souxh xhird sxreex,True
915,MeasureName,rule_violation,hearx failure paxienxs given smoking cessaxion advice/counseling,heart failure patients given smoking cessation advice/counseling,0,"Constraint Violation: The MeasureCode of Row 229 is equal to the MeasureCode of Row 915, and The MeasureName of Row 229 is different from the MeasureName of Row 915.","(229, 915)",True,True,False,False,heart failure patients given smoking cessation advice/counseling,hearx failure paxienxs given smoking cessaxion advice/counseling,True
916,PhoneNumber,rule_violation,x565435x00,2565435200,0,"Constraint Violation: The HospitalName of Row 913 is equal to the HospitalName of Row 916, and The PhoneNumber of Row 913 is different from the PhoneNumber of Row 916.","(913, 916)",True,True,False,False,2565435200,x565435x00,True
917,CountyName,rule_violation,etowxh,etowah,0,"Constraint Violation: The City of Row 816 is equal to the City of Row 917, and The CountyName of Row 816 is different from the CountyName of Row 917.","(816, 917)",True,True,False,False,etowah,etowxh,True
919,EmergencyService,rule_violation,yex,yes,0,"Constraint Violation: The ZipCode of Row 919 is equal to the ZipCode of Row 925, and The EmergencyService of Row 919 is different from the EmergencyService of Row 925.","(919, 925)",True,True,False,False,yes,yex,True
920,Stateavg,rule_violation,alxpn-6,al_pn-6,0,"Constraint Violation: The MeasureCode of Row 920 is equal to the MeasureCode of Row 970, and The Stateavg of Row 920 is different from the Stateavg of Row 970.","(920, 970)",True,True,False,False,al_pn-6,alxpn-6,True
921,HospitalName,rule_violation,xivexview xegional medical centex,riverview regional medical center,0,"Constraint Violation: The ProviderNumber of Row 909 is equal to the ProviderNumber of Row 921, and The HospitalName of Row 909 is different from the HospitalName of Row 921.","(909, 921)",True,True,False,False,riverview regional medical center,xivexview xegional medical centex,True
921,EmergencyService,rule_violation,yxs,yes,0,"Constraint Violation: The ZipCode of Row 909 is equal to the ZipCode of Row 921, and The EmergencyService of Row 909 is different from the EmergencyService of Row 921.","(909, 921)",True,True,False,False,yes,yxs,True
922,HospitalName,rule_violation,riverview rexional medical center,riverview regional medical center,0,"Constraint Violation: The ProviderNumber of Row 922 is equal to the ProviderNumber of Row 924, and The HospitalName of Row 922 is different from the HospitalName of Row 924.","(922, 924)",True,True,False,False,riverview regional medical center,riverview rexional medical center,True
922,State,pattern_violation,ax,al,0,,,True,True,False,False,al,ax,True
923,ZipCode,rule_violation,3590x,35901,0,"Constraint Violation: The HospitalName of Row 916 is equal to the HospitalName of Row 923, and The ZipCode of Row 916 is different from the ZipCode of Row 923.","(916, 923)",True,True,False,False,35901,3590x,True
926,HospitalType,pattern_violation,acuxe care hospixals,acute care hospitals,0,,,True,True,False,False,acute care hospitals,acuxe care hospixals,True
930,MeasureCode,rule_violation,amix1,ami-1,0,"Constraint Violation: The MeasureName of Row 466 is equal to the MeasureName of Row 930, and The MeasureCode of Row 466 is different from the MeasureCode of Row 930.","(466, 930)",True,True,False,False,ami-1,amix1,True
933,ProviderNumber,rule_violation,1xx47,10047,0,"Constraint Violation: The HospitalName of Row 933 is equal to the HospitalName of Row 951, and The ProviderNumber of Row 933 is different from the ProviderNumber of Row 951.","(933, 951)",True,True,False,False,10047,1xx47,True
934,Address1,rule_violation,515 miranda sx,515 miranda st,0,"Constraint Violation: The HospitalName of Row 934 is equal to the HospitalName of Row 954, and The Address1 of Row 934 is different from the Address1 of Row 954.","(934, 954)",True,True,False,False,515 miranda st,515 miranda sx,True
935,Address1,rule_violation,515 miranxa st,515 miranda st,0,"Constraint Violation: The HospitalName of Row 935 is equal to the HospitalName of Row 944, and The Address1 of Row 935 is different from the Address1 of Row 944.","(935, 944)",True,True,False,False,515 miranda st,515 miranxa st,True
938,HospitalName,rule_violation,georgiaxa hospital,georgiana hospital,0,"Constraint Violation: The ProviderNumber of Row 938 is equal to the ProviderNumber of Row 943, and The HospitalName of Row 938 is different from the HospitalName of Row 943.","(938, 943)",True,True,False,False,georgiana hospital,georgiaxa hospital,True
943,CountyName,rule_violation,butxer,butler,0,"Constraint Violation: The City of Row 942 is equal to the City of Row 943, and The CountyName of Row 942 is different from the CountyName of Row 943.","(942, 943)",True,True,False,False,butler,butxer,True
945,Address1,rule_violation,515 mirxndx st,515 miranda st,0,"Constraint Violation: The HospitalName of Row 945 is equal to the HospitalName of Row 948, and The Address1 of Row 945 is different from the Address1 of Row 948.","(945, 948)",True,True,False,False,515 miranda st,515 mirxndx st,True
949,City,rule_violation,geoxgiana,georgiana,0,"Constraint Violation: The HospitalName of Row 949 is equal to the HospitalName of Row 952, and The City of Row 949 is different from the City of Row 952.","(949, 952)",True,True,False,False,georgiana,geoxgiana,True
949,HospitalType,pattern_violation,acute care hosxitals,acute care hospitals,0,,,True,True,False,False,acute care hospitals,acute care hosxitals,True
955,ProviderNumber,rule_violation,1004x,10049,0,"Constraint Violation: The HospitalName of Row 955 is equal to the HospitalName of Row 970, and The ProviderNumber of Row 955 is different from the ProviderNumber of Row 970.","(955, 970)",True,True,False,False,10049,1004x,True
955,Condition,rule_violation,hexrt attxck,heart attack,0,"Constraint Violation: The MeasureCode of Row 379 is equal to the MeasureCode of Row 955, and The Condition of Row 379 is different from the Condition of Row 955.","(379, 955)",True,True,False,False,heart attack,hexrt attxck,True
956,HospitalName,rule_violation,medixal xenter enterprise,medical center enterprise,0,"Constraint Violation: The ProviderNumber of Row 956 is equal to the ProviderNumber of Row 976, and The HospitalName of Row 956 is different from the HospitalName of Row 976.","(956, 976)",True,True,False,False,medical center enterprise,medixal xenter enterprise,True
956,Address1,pattern_violation,400xnxedwardsxstreet,400 n edwards street,0,,,True,True,False,False,400 n edwards street,400xnxedwardsxstreet,True
956,HospitalType,pattern_violation,acute xare hospitals,acute care hospitals,0,,,True,True,False,False,acute care hospitals,acute xare hospitals,True
960,City,rule_violation,enterprxse,enterprise,0,"Constraint Violation: The HospitalName of Row 960 is equal to the HospitalName of Row 967, and The City of Row 960 is different from the City of Row 967.","(960, 967)",True,True,False,False,enterprise,enterprxse,True
962,HospitalName,rule_violation,medxcal center enterprxse,medical center enterprise,0,"Constraint Violation: The ProviderNumber of Row 962 is equal to the ProviderNumber of Row 977, and The HospitalName of Row 962 is different from the HospitalName of Row 977.","(962, 977)",True,True,False,False,medical center enterprise,medxcal center enterprxse,True
964,HospitalType,pattern_violation,acutexcarexhospitals,acute care hospitals,0,,,True,True,False,False,acute care hospitals,acutexcarexhospitals,True
966,CountyName,rule_violation,cxffee,coffee,0,"Constraint Violation: The City of Row 959 is equal to the City of Row 966, and The CountyName of Row 959 is different from the CountyName of Row 966.","(959, 966)",True,True,False,False,coffee,cxffee,True
968,City,rule_violation,xntxrprisx,enterprise,0,"Constraint Violation: The HospitalName of Row 968 is equal to the HospitalName of Row 978, and The City of Row 968 is different from the City of Row 978.","(968, 978)",True,True,False,False,enterprise,xntxrprisx,True
972,Sample,pattern_violation,27 paxienxs,27 patients,0,,,True,True,False,False,27 patients,27 paxienxs,True
974,Condition,rule_violation,surgical xnfection prevention,surgical infection prevention,0,"Constraint Violation: The MeasureCode of Row 63 is equal to the MeasureCode of Row 974, and The Condition of Row 63 is different from the Condition of Row 974.","(63, 974)",True,True,False,False,surgical infection prevention,surgical xnfection prevention,True
976,HospitalType,pattern_violation,acutexcarexhospitals,acute care hospitals,0,,,True,True,False,False,acute care hospitals,acutexcarexhospitals,True
985,City,rule_violation,onxonta,oneonta,0,"Constraint Violation: The HospitalName of Row 985 is equal to the HospitalName of Row 989, and The City of Row 985 is different from the City of Row 989.","(985, 989)",True,True,False,False,oneonta,onxonta,True
986,Address1,rule_violation,150 gilxreath drive,150 gilbreath drive,0,"Constraint Violation: The HospitalName of Row 986 is equal to the HospitalName of Row 989, and The Address1 of Row 986 is different from the Address1 of Row 989.","(986, 989)",True,True,False,False,150 gilbreath drive,150 gilxreath drive,True
987,HospitalName,rule_violation,st vincents bxount,st vincents blount,0,"Constraint Violation: The ProviderNumber of Row 987 is equal to the ProviderNumber of Row 993, and The HospitalName of Row 987 is different from the HospitalName of Row 993.","(987, 993)",True,True,False,False,st vincents blount,st vincents bxount,True
997,MeasureName,rule_violation,surgery pxtients who were txking hexrt drugs cxlled betx blockers before coming to the hospitxl who were kept on the betx blockers during the period just before xnd xfter their surgery,surgery patients who were taking heart drugs called beta blockers before coming to the hospital who were kept on the beta blockers during the period just before and after their surgery,0,"Constraint Violation: The MeasureCode of Row 633 is equal to the MeasureCode of Row 997, and The MeasureName of Row 633 is different from the MeasureName of Row 997.","(633, 997)",True,True,False,False,surgery patients who were taking heart drugs called beta blockers before coming to the hospital who were kept on the beta blockers during the period just before and after their surgery,surgery pxtients who were txking hexrt drugs cxlled betx blockers before coming to the hospitxl who were kept on the betx blockers during the period just before xnd xfter their surgery,True
