row_id,column,error_type,error_value,right_value,missing_value,constraint,tuple_pairs,valid_key,table_difference,source_error_matches_dirty,source_right_matches_clean,annotation_orientation_fixed
20,city,rule_violation,San Francisco CA,San Francisco,0,"Constraint Violation: The brewery_id of Row 19 is equal to the brewery_id of Row 20, and The city of Row 19 is different from the city of Row 20.","(19, 20)",True,True,True,True,False
40,ounces,rule_violation,12.0 oz.,12,0,"Constraint Violation: The beer_name of Row 40 is equal to the beer_name of Row 530, and The ounces of Row 40 is different from the ounces of Row 530, and The abv of Row 40 is different from the abv of Row 530, and The ibu of Row 40 is different from the ibu of Row 530, and The id of Row 40 is different from the id of Row 530.","(40, 530)",True,True,True,True,False
46,ounces,rule_violation,12.0 oz.,12,0,"Constraint Violation: The beer_name of Row 46 is equal to the beer_name of Row 1913, and The ounces of Row 46 is different from the ounces of Row 1913, and The abv of Row 46 is different from the abv of Row 1913, and The ibu of Row 46 is different from the ibu of Row 1913, and The id of Row 46 is different from the id of Row 1913.","(46, 1913)",True,True,True,True,False
47,city,rule_violation,Saint Louis MO,Saint Louis,0,"Constraint Violation: The brewery_id of Row 43 is equal to the brewery_id of Row 47, and The city of Row 43 is different from the city of Row 47.","(43, 47)",True,True,True,True,False
121,city,rule_violation,Hayward WI,Hayward,0,"Constraint Violation: The brewery_id of Row 120 is equal to the brewery_id of Row 121, and The city of Row 120 is different from the city of Row 121.","(120, 121)",True,True,True,True,False
134,city,rule_violation,Denton TX,Denton,0,"Constraint Violation: The brewery_id of Row 134 is equal to the brewery_id of Row 135, and The city of Row 134 is different from the city of Row 135.","(134, 135)",True,True,True,True,False
139,city,rule_violation,Asheville NC,Asheville,0,"Constraint Violation: The brewery_id of Row 139 is equal to the brewery_id of Row 140, and The city of Row 139 is different from the city of Row 140.","(139, 140)",True,True,True,True,False
155,city,rule_violation,Detroit MI,Detroit,0,"Constraint Violation: The brewery_id of Row 152 is equal to the brewery_id of Row 155, and The city of Row 152 is different from the city of Row 155.","(152, 155)",True,True,True,True,False
183,city,rule_violation,San Diego CA,San Diego,0,"Constraint Violation: The brewery_id of Row 182 is equal to the brewery_id of Row 183, and The city of Row 182 is different from the city of Row 183.","(182, 183)",True,True,True,True,False
213,ounces,rule_violation,12.0 OZ.,12,0,"Constraint Violation: The beer_name of Row 213 is equal to the beer_name of Row 2173, and The ounces of Row 213 is different from the ounces of Row 2173, and The abv of Row 213 is different from the abv of Row 2173, and The ibu of Row 213 is different from the ibu of Row 2173, and The id of Row 213 is different from the id of Row 2173.","(213, 2173)",True,True,True,True,False
230,city,rule_violation,Duluth MN,Duluth,0,"Constraint Violation: The brewery_id of Row 230 is equal to the brewery_id of Row 231, and The city of Row 230 is different from the city of Row 231.","(230, 231)",True,True,True,True,False
310,city,rule_violation,Afton VA,Afton,0,"Constraint Violation: The brewery_id of Row 310 is equal to the brewery_id of Row 311, and The city of Row 310 is different from the city of Row 311.","(310, 311)",True,True,True,True,False
352,city,rule_violation,Eagle CO,Eagle,0,"Constraint Violation: The brewery_id of Row 351 is equal to the brewery_id of Row 352, and The city of Row 351 is different from the city of Row 352.","(351, 352)",True,True,True,True,False
381,city,rule_violation,Denver CO,Denver,0,"Constraint Violation: The brewery_id of Row 380 is equal to the brewery_id of Row 381, and The city of Row 380 is different from the city of Row 381.","(380, 381)",True,True,True,True,False
410,city,rule_violation,Grand Rapids MI,Grand Rapids,0,"Constraint Violation: The brewery_id of Row 410 is equal to the brewery_id of Row 442, and The city of Row 410 is different from the city of Row 442.","(410, 442)",True,True,True,True,False
451,city,rule_violation,Tampa Bay FL,Tampa Bay,0,"Constraint Violation: The brewery_id of Row 450 is equal to the brewery_id of Row 451, and The city of Row 450 is different from the city of Row 451.","(450, 451)",True,True,True,True,False
461,city,rule_violation,Brooklyn NY,Brooklyn,0,"Constraint Violation: The brewery_id of Row 459 is equal to the brewery_id of Row 461, and The city of Row 459 is different from the city of Row 461.","(459, 461)",True,True,True,True,False
466,city,rule_violation,Reno NV,Reno,0,"Constraint Violation: The brewery_id of Row 464 is equal to the brewery_id of Row 466, and The city of Row 464 is different from the city of Row 466.","(464, 466)",True,True,True,True,False
472,city,rule_violation,Houston TX,Houston,0,"Constraint Violation: The brewery_id of Row 472 is equal to the brewery_id of Row 474, and The city of Row 472 is different from the city of Row 474.","(472, 474)",True,True,True,True,False
500,city,rule_violation,Oklahoma City OK,Oklahoma City,0,"Constraint Violation: The brewery_id of Row 500 is equal to the brewery_id of Row 503, and The city of Row 500 is different from the city of Row 503.","(500, 503)",True,True,True,True,False
508,city,rule_violation,Ashland OR,Ashland,0,"Constraint Violation: The brewery_id of Row 504 is equal to the brewery_id of Row 508, and The city of Row 504 is different from the city of Row 508.","(504, 508)",True,True,True,True,False
518,city,rule_violation,Cambridge MA,Cambridge,0,"Constraint Violation: The brewery_id of Row 518 is equal to the brewery_id of Row 519, and The city of Row 518 is different from the city of Row 519.","(518, 519)",True,True,True,True,False
528,city,rule_violation,Gloucester MA,Gloucester,0,"Constraint Violation: The brewery_id of Row 525 is equal to the brewery_id of Row 528, and The city of Row 525 is different from the city of Row 528.","(525, 528)",True,True,True,True,False
530,ounces,rule_violation,16.0 oz.,16,0,"Constraint Violation: The beer_name of Row 40 is equal to the beer_name of Row 530, and The ounces of Row 40 is different from the ounces of Row 530, and The abv of Row 40 is different from the abv of Row 530, and The ibu of Row 40 is different from the ibu of Row 530, and The id of Row 40 is different from the id of Row 530.","(40, 530)",True,True,True,True,False
542,city,rule_violation,Mooresville NC,Mooresville,0,"Constraint Violation: The brewery_id of Row 542 is equal to the brewery_id of Row 544, and The city of Row 542 is different from the city of Row 544.","(542, 544)",True,True,True,True,False
543,city,rule_violation,Mooresville NC,Mooresville,0,"Constraint Violation: The brewery_id of Row 543 is equal to the brewery_id of Row 544, and The city of Row 543 is different from the city of Row 544.","(543, 544)",True,True,True,True,False
550,city,rule_violation,Atlantic Highlands NJ,Atlantic Highlands,0,"Constraint Violation: The brewery_id of Row 548 is equal to the brewery_id of Row 550, and The city of Row 548 is different from the city of Row 550.","(548, 550)",True,True,True,True,False
572,city,rule_violation,Edwards CO,Edwards,0,"Constraint Violation: The brewery_id of Row 571 is equal to the brewery_id of Row 572, and The city of Row 571 is different from the city of Row 572.","(571, 572)",True,True,True,True,False
578,city,rule_violation,San Luis Obispo CA,San Luis Obispo,0,"Constraint Violation: The brewery_id of Row 578 is equal to the brewery_id of Row 579, and The city of Row 578 is different from the city of Row 579.","(578, 579)",True,True,True,True,False
584,city,rule_violation,Charlottesville VA,Charlottesville,0,"Constraint Violation: The brewery_id of Row 582 is equal to the brewery_id of Row 584, and The city of Row 582 is different from the city of Row 584.","(582, 584)",True,True,True,True,False
588,city,rule_violation,Angola IN,Angola,0,"Constraint Violation: The brewery_id of Row 585 is equal to the brewery_id of Row 588, and The city of Row 585 is different from the city of Row 588.","(585, 588)",True,True,True,True,False
590,ounces,rule_violation,16.0 ounce,16,0,"Constraint Violation: The beer_name of Row 590 is equal to the beer_name of Row 602, and The ounces of Row 590 is different from the ounces of Row 602, and The abv of Row 590 is equal to the abv of Row 602, and The ibu of Row 590 is different from the ibu of Row 602, and The id of Row 590 is different from the id of Row 602, and The brewery_id of Row 590 is different from the brewery_id of Row 602.","(590, 602)",True,True,True,True,False
602,ounces,rule_violation,12.0 oz.,12,0,"Constraint Violation: The beer_name of Row 590 is equal to the beer_name of Row 602, and The ounces of Row 590 is different from the ounces of Row 602, and The abv of Row 590 is equal to the abv of Row 602, and The ibu of Row 590 is different from the ibu of Row 602, and The id of Row 590 is different from the id of Row 602, and The brewery_id of Row 590 is different from the brewery_id of Row 602.","(590, 602)",True,True,True,True,False
617,city,rule_violation,Tampa FL,Tampa,0,"Constraint Violation: The brewery_id of Row 607 is equal to the brewery_id of Row 617, and The city of Row 607 is different from the city of Row 617.","(607, 617)",True,True,True,True,False
642,city,rule_violation,Des Moines IA,Des Moines,0,"Constraint Violation: The brewery_id of Row 640 is equal to the brewery_id of Row 642, and The city of Row 640 is different from the city of Row 642.","(640, 642)",True,True,True,True,False
646,city,rule_violation,Springdale AR,Springdale,0,"Constraint Violation: The brewery_id of Row 644 is equal to the brewery_id of Row 646, and The city of Row 644 is different from the city of Row 646.","(644, 646)",True,True,True,True,False
715,city,rule_violation,Bloomington IL,Bloomington,0,"Constraint Violation: The brewery_id of Row 713 is equal to the brewery_id of Row 715, and The city of Row 713 is different from the city of Row 715.","(713, 715)",True,True,True,True,False
716,city,rule_violation,Bloomington IL,Bloomington,0,"Constraint Violation: The brewery_id of Row 714 is equal to the brewery_id of Row 716, and The city of Row 714 is different from the city of Row 716.","(714, 716)",True,True,True,True,False
723,city,rule_violation,Belmont CA,Belmont,0,"Constraint Violation: The brewery_id of Row 722 is equal to the brewery_id of Row 723, and The city of Row 722 is different from the city of Row 723.","(722, 723)",True,True,True,True,False
779,city,rule_violation,Boulder CO,Boulder,0,"Constraint Violation: The brewery_id of Row 777 is equal to the brewery_id of Row 779, and The city of Row 777 is different from the city of Row 779.","(777, 779)",True,True,True,True,False
793,city,rule_violation,Buellton CA,Buellton,0,"Constraint Violation: The brewery_id of Row 791 is equal to the brewery_id of Row 793, and The city of Row 791 is different from the city of Row 793.","(791, 793)",True,True,True,True,False
805,city,rule_violation,Paso Robles CA,Paso Robles,0,"Constraint Violation: The brewery_id of Row 805 is equal to the brewery_id of Row 806, and The city of Row 805 is different from the city of Row 806.","(805, 806)",True,True,True,True,False
846,city,rule_violation,Dallas TX,Dallas,0,"Constraint Violation: The brewery_id of Row 845 is equal to the brewery_id of Row 846, and The city of Row 845 is different from the city of Row 846.","(845, 846)",True,True,True,True,False
864,city,rule_violation,Frankenmuth MI,Frankenmuth,0,"Constraint Violation: The brewery_id of Row 864 is equal to the brewery_id of Row 865, and The city of Row 864 is different from the city of Row 865.","(864, 865)",True,True,True,True,False
886,city,rule_violation,Lake Geneva WI,Lake Geneva,0,"Constraint Violation: The brewery_id of Row 886 is equal to the brewery_id of Row 888, and The city of Row 886 is different from the city of Row 888.","(886, 888)",True,True,True,True,False
890,city,rule_violation,Los Angeles CA,Los Angeles,0,"Constraint Violation: The brewery_id of Row 890 is equal to the brewery_id of Row 902, and The city of Row 890 is different from the city of Row 902.","(890, 902)",True,True,True,True,False
897,city,rule_violation,Los Angeles CA,Los Angeles,0,"Constraint Violation: The brewery_id of Row 897 is equal to the brewery_id of Row 902, and The city of Row 897 is different from the city of Row 902.","(897, 902)",True,True,True,True,False
905,ounces,rule_violation,16.0 ounce,16,0,"Constraint Violation: The beer_name of Row 905 is equal to the beer_name of Row 1696, and The ounces of Row 905 is different from the ounces of Row 1696, and The abv of Row 905 is different from the abv of Row 1696, and The ibu of Row 905 is different from the ibu of Row 1696, and The id of Row 905 is different from the id of Row 1696.","(905, 1696)",True,True,True,True,False
918,city,rule_violation,Chicago IL,Chicago,0,"Constraint Violation: The brewery_id of Row 918 is equal to the brewery_id of Row 919, and The city of Row 918 is different from the city of Row 919.","(918, 919)",True,True,True,True,False
940,city,rule_violation,Aurora IN,Aurora,0,"Constraint Violation: The brewery_id of Row 938 is equal to the brewery_id of Row 940, and The city of Row 938 is different from the city of Row 940.","(938, 940)",True,True,True,True,False
952,city,rule_violation,Denver CO,Denver,0,"Constraint Violation: The brewery_id of Row 952 is equal to the brewery_id of Row 953, and The city of Row 952 is different from the city of Row 953.","(952, 953)",True,True,True,True,False
974,ounces,rule_violation,16.0 oz.,16,0,"Constraint Violation: The beer_name of Row 974 is equal to the beer_name of Row 1789, and The ounces of Row 974 is different from the ounces of Row 1789, and The abv of Row 974 is different from the abv of Row 1789, and The ibu of Row 974 is different from the ibu of Row 1789, and The id of Row 974 is different from the id of Row 1789.","(974, 1789)",True,True,True,True,False
1028,city,rule_violation,Boston MA,Boston,0,"Constraint Violation: The brewery_id of Row 1026 is equal to the brewery_id of Row 1028, and The city of Row 1026 is different from the city of Row 1028.","(1026, 1028)",True,True,True,True,False
1039,city,rule_violation,Mill Valley CA,Mill Valley,0,"Constraint Violation: The brewery_id of Row 1037 is equal to the brewery_id of Row 1039, and The city of Row 1037 is different from the city of Row 1039.","(1037, 1039)",True,True,True,True,False
1058,ounces,rule_violation,12.0 ounce,12,0,"Constraint Violation: The beer_name of Row 1058 is equal to the beer_name of Row 1557, and The ounces of Row 1058 is different from the ounces of Row 1557, and The abv of Row 1058 is different from the abv of Row 1557, and The ibu of Row 1058 is different from the ibu of Row 1557, and The id of Row 1058 is different from the id of Row 1557.","(1058, 1557)",True,True,True,True,False
1059,city,rule_violation,Pittsburgh PA,Pittsburgh,0,"Constraint Violation: The brewery_id of Row 1058 is equal to the brewery_id of Row 1059, and The city of Row 1058 is different from the city of Row 1059.","(1058, 1059)",True,True,True,True,False
1075,city,rule_violation,Portland OR,Portland,0,"Constraint Violation: The brewery_id of Row 1075 is equal to the brewery_id of Row 1091, and The city of Row 1075 is different from the city of Row 1091.","(1075, 1091)",True,True,True,True,False
1077,city,rule_violation,Portland OR,Portland,0,"Constraint Violation: The brewery_id of Row 1073 is equal to the brewery_id of Row 1077, and The city of Row 1073 is different from the city of Row 1077.","(1073, 1077)",True,True,True,True,False
1088,city,rule_violation,Portland OR,Portland,0,"Constraint Violation: The brewery_id of Row 1088 is equal to the brewery_id of Row 1090, and The city of Row 1088 is different from the city of Row 1090.","(1088, 1090)",True,True,True,True,False
1098,ounces,rule_violation,16.0 oz.,16,0,"Constraint Violation: The beer_name of Row 590 is equal to the beer_name of Row 1098, and The ounces of Row 590 is different from the ounces of Row 1098, and The abv of Row 590 is different from the abv of Row 1098, and The ibu of Row 590 is different from the ibu of Row 1098, and The id of Row 590 is different from the id of Row 1098.","(590, 1098)",True,True,True,True,False
1120,city,rule_violation,Framingham MA,Framingham,0,"Constraint Violation: The brewery_id of Row 1118 is equal to the brewery_id of Row 1120, and The city of Row 1118 is different from the city of Row 1120.","(1118, 1120)",True,True,True,True,False
1137,city,rule_violation,Stevens Point WI,Stevens Point,0,"Constraint Violation: The brewery_id of Row 1133 is equal to the brewery_id of Row 1137, and The city of Row 1133 is different from the city of Row 1137.","(1133, 1137)",True,True,True,True,False
1148,city,rule_violation,Houston TX,Houston,0,"Constraint Violation: The brewery_id of Row 1148 is equal to the brewery_id of Row 1150, and The city of Row 1148 is different from the city of Row 1150.","(1148, 1150)",True,True,True,True,False
1156,city,rule_violation,Brooklyn NY,Brooklyn,0,"Constraint Violation: The brewery_id of Row 1154 is equal to the brewery_id of Row 1156, and The city of Row 1154 is different from the city of Row 1156.","(1154, 1156)",True,True,True,True,False
1158,city,rule_violation,Soldotna AK,Soldotna,0,"Constraint Violation: The brewery_id of Row 1158 is equal to the brewery_id of Row 1160, and The city of Row 1158 is different from the city of Row 1160.","(1158, 1160)",True,True,True,True,False
1187,city,rule_violation,Albuquerque NM,Albuquerque,0,"Constraint Violation: The brewery_id of Row 1187 is equal to the brewery_id of Row 1188, and The city of Row 1187 is different from the city of Row 1188.","(1187, 1188)",True,True,True,True,False
1203,city,rule_violation,Helena MT,Helena,0,"Constraint Violation: The brewery_id of Row 1203 is equal to the brewery_id of Row 1204, and The city of Row 1203 is different from the city of Row 1204.","(1203, 1204)",True,True,True,True,False
1211,city,rule_violation,York PA,York,0,"Constraint Violation: The brewery_id of Row 1208 is equal to the brewery_id of Row 1211, and The city of Row 1208 is different from the city of Row 1211.","(1208, 1211)",True,True,True,True,False
1239,city,rule_violation,Portland OR,Portland,0,"Constraint Violation: The brewery_id of Row 1239 is equal to the brewery_id of Row 1240, and The city of Row 1239 is different from the city of Row 1240.","(1239, 1240)",True,True,True,True,False
1246,city,rule_violation,Cincinnati OH,Cincinnati,0,"Constraint Violation: The brewery_id of Row 1243 is equal to the brewery_id of Row 1246, and The city of Row 1243 is different from the city of Row 1246.","(1243, 1246)",True,True,True,True,False
1284,city,rule_violation,Fort Worth TX,Fort Worth,0,"Constraint Violation: The brewery_id of Row 1283 is equal to the brewery_id of Row 1284, and The city of Row 1283 is different from the city of Row 1284.","(1283, 1284)",True,True,True,True,False
1287,city,rule_violation,Fort Worth TX,Fort Worth,0,"Constraint Violation: The brewery_id of Row 1280 is equal to the brewery_id of Row 1287, and The city of Row 1280 is different from the city of Row 1287.","(1280, 1287)",True,True,True,True,False
1288,city,rule_violation,Utica NY,Utica,0,"Constraint Violation: The brewery_id of Row 1288 is equal to the brewery_id of Row 1293, and The city of Row 1288 is different from the city of Row 1293.","(1288, 1293)",True,True,True,True,False
1294,city,rule_violation,Utica NY,Utica,0,"Constraint Violation: The brewery_id of Row 1293 is equal to the brewery_id of Row 1294, and The city of Row 1293 is different from the city of Row 1294.","(1293, 1294)",True,True,True,True,False
1342,city,rule_violation,Chicago IL,Chicago,0,"Constraint Violation: The brewery_id of Row 1342 is equal to the brewery_id of Row 1343, and The city of Row 1342 is different from the city of Row 1343.","(1342, 1343)",True,True,True,True,False
1367,city,rule_violation,Monroe WI,Monroe,0,"Constraint Violation: The brewery_id of Row 1365 is equal to the brewery_id of Row 1367, and The city of Row 1365 is different from the city of Row 1367.","(1365, 1367)",True,True,True,True,False
1374,city,rule_violation,San Diego CA,San Diego,0,"Constraint Violation: The brewery_id of Row 1374 is equal to the brewery_id of Row 1377, and The city of Row 1374 is different from the city of Row 1377.","(1374, 1377)",True,True,True,True,False
1376,city,rule_violation,San Diego CA,San Diego,0,"Constraint Violation: The brewery_id of Row 1376 is equal to the brewery_id of Row 1377, and The city of Row 1376 is different from the city of Row 1377.","(1376, 1377)",True,True,True,True,False
1430,city,rule_violation,Portland OR,Portland,0,"Constraint Violation: The brewery_id of Row 1430 is equal to the brewery_id of Row 1431, and The city of Row 1430 is different from the city of Row 1431.","(1430, 1431)",True,True,True,True,False
1443,ounces,rule_violation,12.0 oz.,12,0,"Constraint Violation: The beer_name of Row 1443 is equal to the beer_name of Row 1516, and The ounces of Row 1443 is different from the ounces of Row 1516, and The abv of Row 1443 is different from the abv of Row 1516, and The ibu of Row 1443 is different from the ibu of Row 1516, and The id of Row 1443 is different from the id of Row 1516.","(1443, 1516)",True,True,True,True,False
1480,city,rule_violation,Myrtle Beach SC,Myrtle Beach,0,"Constraint Violation: The brewery_id of Row 1480 is equal to the brewery_id of Row 1481, and The city of Row 1480 is different from the city of Row 1481.","(1480, 1481)",True,True,True,True,False
1516,ounces,rule_violation,12.0 oz,12,0,"Constraint Violation: The beer_name of Row 1443 is equal to the beer_name of Row 1516, and The ounces of Row 1443 is different from the ounces of Row 1516, and The abv of Row 1443 is different from the abv of Row 1516, and The ibu of Row 1443 is different from the ibu of Row 1516, and The id of Row 1443 is different from the id of Row 1516.","(1443, 1516)",True,True,True,True,False
1557,ounces,rule_violation,12.0 oz. Alumi-Tek,12,0,"Constraint Violation: The beer_name of Row 1058 is equal to the beer_name of Row 1557, and The ounces of Row 1058 is different from the ounces of Row 1557, and The abv of Row 1058 is different from the abv of Row 1557, and The ibu of Row 1058 is different from the ibu of Row 1557, and The id of Row 1058 is different from the id of Row 1557.","(1058, 1557)",True,True,True,True,False
1558,city,rule_violation,Longmont CO,Longmont,0,"Constraint Violation: The brewery_id of Row 1558 is equal to the brewery_id of Row 1578, and The city of Row 1558 is different from the city of Row 1578.","(1558, 1578)",True,True,True,True,False
1559,city,rule_violation,Longmont CO,Longmont,0,"Constraint Violation: The brewery_id of Row 1559 is equal to the brewery_id of Row 1581, and The city of Row 1559 is different from the city of Row 1581.","(1559, 1581)",True,True,True,True,False
1565,abv,rule_violation,0.07%,0.07,0,"Constraint Violation: The abv of Row 1565 is equal to the abv of Row 1591, and The brewery_name of Row 1565 is equal to the brewery_name of Row 1591, and The state of Row 1565 is different from the state of Row 1591.","(1565, 1591)",True,True,True,True,False
1573,abv,rule_violation,0.08%,0.08,0,"Constraint Violation: The abv of Row 1573 is equal to the abv of Row 1587, and The brewery_name of Row 1573 is equal to the brewery_name of Row 1587, and The state of Row 1573 is different from the state of Row 1587.","(1573, 1587)",True,True,True,True,False
1575,ounces,rule_violation,16.0 ounce,16,0,"Constraint Violation: The beer_name of Row 1575 is equal to the beer_name of Row 1599, and The ounces of Row 1575 is different from the ounces of Row 1599, and The abv of Row 1575 is equal to the abv of Row 1599, and The ibu of Row 1575 is different from the ibu of Row 1599, and The id of Row 1575 is different from the id of Row 1599, and The brewery_id of Row 1575 is different from the brewery_id of Row 1599.","(1575, 1599)",True,True,True,True,False
1575,abv,rule_violation,0.08%,0.08,0,"Constraint Violation: The beer_name of Row 1575 is equal to the beer_name of Row 1599, and The ounces of Row 1575 is different from the ounces of Row 1599, and The abv of Row 1575 is equal to the abv of Row 1599, and The ibu of Row 1575 is different from the ibu of Row 1599, and The id of Row 1575 is different from the id of Row 1599, and The brewery_id of Row 1575 is different from the brewery_id of Row 1599.","(1575, 1599)",True,True,True,True,False
1582,city,rule_violation,Longmont CO,Longmont,0,"Constraint Violation: The brewery_id of Row 1551 is equal to the brewery_id of Row 1582, and The city of Row 1551 is different from the city of Row 1582.","(1551, 1582)",True,True,True,True,False
1587,abv,rule_violation,0.08%,0.08,0,"Constraint Violation: The abv of Row 1573 is equal to the abv of Row 1587, and The brewery_name of Row 1573 is equal to the brewery_name of Row 1587, and The state of Row 1573 is different from the state of Row 1587.","(1573, 1587)",True,True,True,True,False
1587,city,rule_violation,Lyons CO,Lyons,0,"Constraint Violation: The brewery_id of Row 1587 is equal to the brewery_id of Row 1596, and The city of Row 1587 is different from the city of Row 1596.","(1587, 1596)",True,True,True,True,False
1591,city,rule_violation,Lyons CO,Lyons,0,"Constraint Violation: The brewery_id of Row 1591 is equal to the brewery_id of Row 1593, and The city of Row 1591 is different from the city of Row 1593.","(1591, 1593)",True,True,True,True,False
1599,ounces,rule_violation,16.0 oz,16,0,"Constraint Violation: The beer_name of Row 1575 is equal to the beer_name of Row 1599, and The ounces of Row 1575 is different from the ounces of Row 1599, and The abv of Row 1575 is equal to the abv of Row 1599, and The ibu of Row 1575 is different from the ibu of Row 1599, and The id of Row 1575 is different from the id of Row 1599, and The brewery_id of Row 1575 is different from the brewery_id of Row 1599.","(1575, 1599)",True,True,True,True,False
1599,abv,rule_violation,0.08%,0.08,0,"Constraint Violation: The beer_name of Row 1575 is equal to the beer_name of Row 1599, and The ounces of Row 1575 is different from the ounces of Row 1599, and The abv of Row 1575 is equal to the abv of Row 1599, and The ibu of Row 1575 is different from the ibu of Row 1599, and The id of Row 1575 is different from the id of Row 1599, and The brewery_id of Row 1575 is different from the brewery_id of Row 1599.","(1575, 1599)",True,True,True,True,False
1620,city,rule_violation,Portland ME,Portland,0,"Constraint Violation: The brewery_id of Row 1619 is equal to the brewery_id of Row 1620, and The city of Row 1619 is different from the city of Row 1620.","(1619, 1620)",True,True,True,True,False
1641,city,rule_violation,Petoskey MI,Petoskey,0,"Constraint Violation: The brewery_id of Row 1641 is equal to the brewery_id of Row 1642, and The city of Row 1641 is different from the city of Row 1642.","(1641, 1642)",True,True,True,True,False
1670,city,rule_violation,Dillon CO,Dillon,0,"Constraint Violation: The brewery_id of Row 1670 is equal to the brewery_id of Row 1674, and The city of Row 1670 is different from the city of Row 1674.","(1670, 1674)",True,True,True,True,False
1691,city,rule_violation,Marietta GA,Marietta,0,"Constraint Violation: The brewery_id of Row 1690 is equal to the brewery_id of Row 1691, and The city of Row 1690 is different from the city of Row 1691.","(1690, 1691)",True,True,True,True,False
1696,ounces,rule_violation,16.0 oz.,16,0,"Constraint Violation: The beer_name of Row 905 is equal to the beer_name of Row 1696, and The ounces of Row 905 is different from the ounces of Row 1696, and The abv of Row 905 is different from the abv of Row 1696, and The ibu of Row 905 is different from the ibu of Row 1696, and The id of Row 905 is different from the id of Row 1696.","(905, 1696)",True,True,True,True,False
1708,city,rule_violation,Denver CO,Denver,0,"Constraint Violation: The brewery_id of Row 1708 is equal to the brewery_id of Row 1711, and The city of Row 1708 is different from the city of Row 1711.","(1708, 1711)",True,True,True,True,False
1714,city,rule_violation,Paonia CO,Paonia,0,"Constraint Violation: The brewery_id of Row 1714 is equal to the brewery_id of Row 1716, and The city of Row 1714 is different from the city of Row 1716.","(1714, 1716)",True,True,True,True,False
1735,city,rule_violation,Cincinnati OH,Cincinnati,0,"Constraint Violation: The brewery_id of Row 1732 is equal to the brewery_id of Row 1735, and The city of Row 1732 is different from the city of Row 1735.","(1732, 1735)",True,True,True,True,False
1738,city,rule_violation,Portland ME,Portland,0,"Constraint Violation: The brewery_id of Row 1737 is equal to the brewery_id of Row 1738, and The city of Row 1737 is different from the city of Row 1738.","(1737, 1738)",True,True,True,True,False
1743,city,rule_violation,Export PA,Export,0,"Constraint Violation: The brewery_id of Row 1743 is equal to the brewery_id of Row 1748, and The city of Row 1743 is different from the city of Row 1748.","(1743, 1748)",True,True,True,True,False
1744,ounces,rule_violation,12.0 OZ.,12,0,"Constraint Violation: The beer_name of Row 590 is equal to the beer_name of Row 1744, and The ounces of Row 590 is different from the ounces of Row 1744, and The abv of Row 590 is different from the abv of Row 1744, and The ibu of Row 590 is different from the ibu of Row 1744, and The id of Row 590 is different from the id of Row 1744.","(590, 1744)",True,True,True,True,False
1747,city,rule_violation,Export PA,Export,0,"Constraint Violation: The brewery_id of Row 1747 is equal to the brewery_id of Row 1751, and The city of Row 1747 is different from the city of Row 1751.","(1747, 1751)",True,True,True,True,False
1759,city,rule_violation,Rochester MI,Rochester,0,"Constraint Violation: The brewery_id of Row 1759 is equal to the brewery_id of Row 1764, and The city of Row 1759 is different from the city of Row 1764.","(1759, 1764)",True,True,True,True,False
1772,city,rule_violation,Lansdale PA,Lansdale,0,"Constraint Violation: The brewery_id of Row 1770 is equal to the brewery_id of Row 1772, and The city of Row 1770 is different from the city of Row 1772.","(1770, 1772)",True,True,True,True,False
1789,ounces,rule_violation,12.0 oz.,12,0,"Constraint Violation: The beer_name of Row 590 is equal to the beer_name of Row 1789, and The ounces of Row 590 is different from the ounces of Row 1789, and The abv of Row 590 is equal to the abv of Row 1789, and The ibu of Row 590 is different from the ibu of Row 1789, and The id of Row 590 is different from the id of Row 1789, and The brewery_id of Row 590 is different from the brewery_id of Row 1789.","(590, 1789)",True,True,True,True,False
1800,city,rule_violation,Chandler AZ,Chandler,0,"Constraint Violation: The brewery_id of Row 1798 is equal to the brewery_id of Row 1800, and The city of Row 1798 is different from the city of Row 1800.","(1798, 1800)",True,True,True,True,False
1831,abv,rule_violation,0.07%,0.07,0,"Constraint Violation: The abv of Row 1831 is equal to the abv of Row 1832, and The brewery_name of Row 1831 is equal to the brewery_name of Row 1832, and The state of Row 1831 is different from the state of Row 1832.","(1831, 1832)",True,True,True,True,False
1831,city,rule_violation,Silverton OR,Silverton,0,"Constraint Violation: The brewery_id of Row 1831 is equal to the brewery_id of Row 1832, and The city of Row 1831 is different from the city of Row 1832.","(1831, 1832)",True,True,True,True,False
1832,abv,rule_violation,0.07%,0.07,0,"Constraint Violation: The abv of Row 1831 is equal to the abv of Row 1832, and The brewery_name of Row 1831 is equal to the brewery_name of Row 1832, and The state of Row 1831 is different from the state of Row 1832.","(1831, 1832)",True,True,True,True,False
1851,city,rule_violation,Chico CA,Chico,0,"Constraint Violation: The brewery_id of Row 1848 is equal to the brewery_id of Row 1851, and The city of Row 1848 is different from the city of Row 1851.","(1848, 1851)",True,True,True,True,False
1860,city,rule_violation,Brooklyn NY,Brooklyn,0,"Constraint Violation: The brewery_id of Row 1860 is equal to the brewery_id of Row 1872, and The city of Row 1860 is different from the city of Row 1872.","(1860, 1872)",True,True,True,True,False
1865,city,rule_violation,Brooklyn NY,Brooklyn,0,"Constraint Violation: The brewery_id of Row 1865 is equal to the brewery_id of Row 1877, and The city of Row 1865 is different from the city of Row 1877.","(1865, 1877)",True,True,True,True,False
1883,city,rule_violation,Durango CO,Durango,0,"Constraint Violation: The brewery_id of Row 1883 is equal to the brewery_id of Row 1890, and The city of Row 1883 is different from the city of Row 1890.","(1883, 1890)",True,True,True,True,False
1898,abv,rule_violation,0.06%,0.06,0,"Constraint Violation: The abv of Row 1898 is equal to the abv of Row 1905, and The brewery_name of Row 1898 is equal to the brewery_name of Row 1905, and The state of Row 1898 is different from the state of Row 1905.","(1898, 1905)",True,True,True,True,False
1905,city,rule_violation,Pottstown PA,Pottstown,0,"Constraint Violation: The brewery_id of Row 1905 is equal to the brewery_id of Row 1909, and The city of Row 1905 is different from the city of Row 1909.","(1905, 1909)",True,True,True,True,False
1913,ounces,rule_violation,12.0 oz,12,0,"Constraint Violation: The beer_name of Row 46 is equal to the beer_name of Row 1913, and The ounces of Row 46 is different from the ounces of Row 1913, and The abv of Row 46 is different from the abv of Row 1913, and The ibu of Row 46 is different from the ibu of Row 1913, and The id of Row 46 is different from the id of Row 1913.","(46, 1913)",True,True,True,True,False
1926,city,rule_violation,Boise ID,Boise,0,"Constraint Violation: The brewery_id of Row 1926 is equal to the brewery_id of Row 1937, and The city of Row 1926 is different from the city of Row 1937.","(1926, 1937)",True,True,True,True,False
1932,city,rule_violation,Boise ID,Boise,0,"Constraint Violation: The brewery_id of Row 1925 is equal to the brewery_id of Row 1932, and The city of Row 1925 is different from the city of Row 1932.","(1925, 1932)",True,True,True,True,False
1955,city,rule_violation,Conroe TX,Conroe,0,"Constraint Violation: The brewery_id of Row 1955 is equal to the brewery_id of Row 1965, and The city of Row 1955 is different from the city of Row 1965.","(1955, 1965)",True,True,True,True,False
1979,city,rule_violation,Chicago IL,Chicago,0,"Constraint Violation: The brewery_id of Row 1974 is equal to the brewery_id of Row 1979, and The city of Row 1974 is different from the city of Row 1979.","(1974, 1979)",True,True,True,True,False
2019,city,rule_violation,Baltimore MD,Baltimore,0,"Constraint Violation: The brewery_id of Row 2018 is equal to the brewery_id of Row 2019, and The city of Row 2018 is different from the city of Row 2019.","(2018, 2019)",True,True,True,True,False
2030,city,rule_violation,St. Paul MN,St. Paul,0,"Constraint Violation: The brewery_id of Row 2029 is equal to the brewery_id of Row 2030, and The city of Row 2029 is different from the city of Row 2030.","(2029, 2030)",True,True,True,True,False
2041,city,rule_violation,Indianapolis IN,Indianapolis,0,"Constraint Violation: The brewery_id of Row 2041 is equal to the brewery_id of Row 2063, and The city of Row 2041 is different from the city of Row 2063.","(2041, 2063)",True,True,True,True,False
2042,city,rule_violation,Indianapolis IN,Indianapolis,0,"Constraint Violation: The brewery_id of Row 2035 is equal to the brewery_id of Row 2042, and The city of Row 2035 is different from the city of Row 2042.","(2035, 2042)",True,True,True,True,False
2044,city,rule_violation,Indianapolis IN,Indianapolis,0,"Constraint Violation: The brewery_id of Row 2044 is equal to the brewery_id of Row 2063, and The city of Row 2044 is different from the city of Row 2063.","(2044, 2063)",True,True,True,True,False
2060,city,rule_violation,Indianapolis IN,Indianapolis,0,"Constraint Violation: The brewery_id of Row 2060 is equal to the brewery_id of Row 2061, and The city of Row 2060 is different from the city of Row 2061.","(2060, 2061)",True,True,True,True,False
2073,city,rule_violation,Brooklyn Center MN,Brooklyn Center,0,"Constraint Violation: The brewery_id of Row 2073 is equal to the brewery_id of Row 2077, and The city of Row 2073 is different from the city of Row 2077.","(2073, 2077)",True,True,True,True,False
2112,abv,rule_violation,0.05%,0.05,0,"Constraint Violation: The abv of Row 2104 is equal to the abv of Row 2112, and The brewery_name of Row 2104 is equal to the brewery_name of Row 2112, and The state of Row 2104 is different from the state of Row 2112.","(2104, 2112)",True,True,True,True,False
2112,city,rule_violation,Manhattan KS,Manhattan,0,"Constraint Violation: The brewery_id of Row 2105 is equal to the brewery_id of Row 2112, and The city of Row 2105 is different from the city of Row 2112.","(2105, 2112)",True,True,True,True,False
2119,abv,rule_violation,0.05%,0.05,0,"Constraint Violation: The abv of Row 2112 is equal to the abv of Row 2119, and The brewery_name of Row 2112 is equal to the brewery_name of Row 2119, and The state of Row 2112 is different from the state of Row 2119.","(2112, 2119)",True,True,True,True,False
2132,city,rule_violation,Evanston IL,Evanston,0,"Constraint Violation: The brewery_id of Row 2132 is equal to the brewery_id of Row 2133, and The city of Row 2132 is different from the city of Row 2133.","(2132, 2133)",True,True,True,True,False
2143,city,rule_violation,Waterbury VT,Waterbury,0,"Constraint Violation: The brewery_id of Row 2143 is equal to the brewery_id of Row 2144, and The city of Row 2143 is different from the city of Row 2144.","(2143, 2144)",True,True,True,True,False
2173,ounces,rule_violation,12.0 ounce,12,0,"Constraint Violation: The beer_name of Row 213 is equal to the beer_name of Row 2173, and The ounces of Row 213 is different from the ounces of Row 2173, and The abv of Row 213 is different from the abv of Row 2173, and The ibu of Row 213 is different from the ibu of Row 2173, and The id of Row 213 is different from the id of Row 2173.","(213, 2173)",True,True,True,True,False
2186,city,rule_violation,Kearney NE,Kearney,0,"Constraint Violation: The brewery_id of Row 2184 is equal to the brewery_id of Row 2186, and The city of Row 2184 is different from the city of Row 2186.","(2184, 2186)",True,True,True,True,False
2195,city,rule_violation,Evansville IN,Evansville,0,"Constraint Violation: The brewery_id of Row 2192 is equal to the brewery_id of Row 2195, and The city of Row 2192 is different from the city of Row 2195.","(2192, 2195)",True,True,True,True,False
2204,city,rule_violation,Idaho Springs CO,Idaho Springs,0,"Constraint Violation: The brewery_id of Row 2203 is equal to the brewery_id of Row 2204, and The city of Row 2203 is different from the city of Row 2204.","(2203, 2204)",True,True,True,True,False
2217,city,rule_violation,Hershey PA,Hershey,0,"Constraint Violation: The brewery_id of Row 2213 is equal to the brewery_id of Row 2217, and The city of Row 2213 is different from the city of Row 2217.","(2213, 2217)",True,True,True,True,False
2270,city,rule_violation,Santa Cruz CA,Santa Cruz,0,"Constraint Violation: The brewery_id of Row 2269 is equal to the brewery_id of Row 2270, and The city of Row 2269 is different from the city of Row 2270.","(2269, 2270)",True,True,True,True,False
2286,city,rule_violation,Boulder CO,Boulder,0,"Constraint Violation: The brewery_id of Row 2284 is equal to the brewery_id of Row 2286, and The city of Row 2284 is different from the city of Row 2286.","(2284, 2286)",True,True,True,True,False
2293,city,rule_violation,Boulder CO,Boulder,0,"Constraint Violation: The brewery_id of Row 2293 is equal to the brewery_id of Row 2294, and The city of Row 2293 is different from the city of Row 2294.","(2293, 2294)",True,True,True,True,False
2314,city,rule_violation,Meadville PA,Meadville,0,"Constraint Violation: The brewery_id of Row 2314 is equal to the brewery_id of Row 2317, and The city of Row 2314 is different from the city of Row 2317.","(2314, 2317)",True,True,True,True,False
2319,abv,rule_violation,0.06%,0.06,0,"Constraint Violation: The abv of Row 2319 is equal to the abv of Row 2328, and The brewery_name of Row 2319 is equal to the brewery_name of Row 2328, and The state of Row 2319 is different from the state of Row 2328.","(2319, 2328)",True,True,True,True,False
2319,city,rule_violation,Westminster MA,Westminster,0,"Constraint Violation: The brewery_id of Row 2319 is equal to the brewery_id of Row 2328, and The city of Row 2319 is different from the city of Row 2328.","(2319, 2328)",True,True,True,True,False
2328,abv,rule_violation,0.06%,0.06,0,"Constraint Violation: The abv of Row 2319 is equal to the abv of Row 2328, and The brewery_name of Row 2319 is equal to the brewery_name of Row 2328, and The state of Row 2319 is different from the state of Row 2328.","(2319, 2328)",True,True,True,True,False
2364,city,rule_violation,Lake Barrington IL,Lake Barrington,0,"Constraint Violation: The brewery_id of Row 2361 is equal to the brewery_id of Row 2364, and The city of Row 2361 is different from the city of Row 2364.","(2361, 2364)",True,True,True,True,False
2370,city,rule_violation,Nellysford VA,Nellysford,0,"Constraint Violation: The brewery_id of Row 2370 is equal to the brewery_id of Row 2372, and The city of Row 2370 is different from the city of Row 2372.","(2370, 2372)",True,True,True,True,False
2376,city,rule_violation,Stevensville MT,Stevensville,0,"Constraint Violation: The brewery_id of Row 2375 is equal to the brewery_id of Row 2376, and The city of Row 2375 is different from the city of Row 2376.","(2375, 2376)",True,True,True,True,False
2393,city,rule_violation,North Woodstock NH,North Woodstock,0,"Constraint Violation: The brewery_id of Row 2393 is equal to the brewery_id of Row 2394, and The city of Row 2393 is different from the city of Row 2394.","(2393, 2394)",True,True,True,True,False
0,ounces,pattern_violation,12.0 oz,12,0,,,True,True,True,True,False
1,ounces,pattern_violation,12.0 oz.,12,0,,,True,True,True,True,False
2,ounces,pattern_violation,12.0 ounce,12,0,,,True,True,True,True,False
3,ounces,pattern_violation,12.0 oz,12,0,,,True,True,True,True,False
3,abv,pattern_violation,0.09%,0.09,0,,,True,True,True,True,False
4,ounces,pattern_violation,12.0 OZ.,12,0,,,True,True,True,True,False
5,ounces,pattern_violation,12.0 oz,12,0,,,True,True,True,True,False
6,ounces,pattern_violation,12.0 oz.,12,0,,,True,True,True,True,False
6,abv,pattern_violation,0.05%,0.045,0,,,True,True,True,True,False
7,ounces,pattern_violation,12.0 ounce,12,0,,,True,True,True,True,False
8,ounces,pattern_violation,12.0 oz.,12,0,,,True,True,True,True,False
9,ounces,pattern_violation,12.0 ounce,12,0,,,True,True,True,True,False
10,ounces,pattern_violation,12.0 oz.,12,0,,,True,True,True,True,False
11,ounces,pattern_violation,12.0 oz.,12,0,,,True,True,True,True,False
12,ounces,pattern_violation,12.0 OZ.,12,0,,,True,True,True,True,False
12,abv,pattern_violation,0.07%,0.069,0,,,True,True,True,True,False
13,ounces,pattern_violation,12.0 oz.,12,0,,,True,True,True,True,False
14,ounces,pattern_violation,12.0 ounce,12,0,,,True,True,True,True,False
14,abv,pattern_violation,0.06%,0.061,0,,,True,True,True,True,False
15,ounces,pattern_violation,12.0 ounce,12,0,,,True,True,True,True,False
16,ounces,pattern_violation,12.0 oz.,12,0,,,True,True,True,True,False
17,ounces,pattern_violation,12.0 oz. Alumi-Tek,12,0,,,True,True,True,True,False
18,ounces,pattern_violation,12.0 ounce,12,0,,,True,True,True,True,False
19,ounces,pattern_violation,12.0 oz.,12,0,,,True,True,True,True,False
20,ounces,pattern_violation,12.0 oz.,12,0,,,True,True,True,True,False
21,ounces,pattern_violation,8.4 ounce,8.4,0,,,True,True,True,True,False
22,ounces,pattern_violation,12.0 OZ.,12,0,,,True,True,True,True,False
23,ounces,pattern_violation,12.0 oz.,12,0,,,True,True,True,True,False
24,ounces,pattern_violation,12.0 oz,12,0,,,True,True,True,True,False
25,ounces,pattern_violation,12.0 ounce,12,0,,,True,True,True,True,False
26,ounces,pattern_violation,12.0 oz.,12,0,,,True,True,True,True,False
26,abv,pattern_violation,0.05%,0.049,0,,,True,True,True,True,False
27,ounces,pattern_violation,12.0 oz.,12,0,,,True,True,True,True,False
28,ounces,pattern_violation,12.0 oz.,12,0,,,True,True,True,True,False
29,ounces,pattern_violation,12.0 OZ.,12,0,,,True,True,True,True,False
29,abv,pattern_violation,0.07%,0.07,0,,,True,True,True,True,False
30,ounces,pattern_violation,12.0 oz.,12,0,,,True,True,True,True,False
30,abv,pattern_violation,0.07%,0.07,0,,,True,True,True,True,False
31,ounces,pattern_violation,12.0 oz.,12,0,,,True,True,True,True,False
32,ounces,pattern_violation,12.0 oz.,12,0,,,True,True,True,True,False
33,ounces,pattern_violation,12.0 oz,12,0,,,True,True,True,True,False
34,ounces,pattern_violation,12.0 ounce,12,0,,,True,True,True,True,False
34,abv,pattern_violation,0.08%,0.079,0,,,True,True,True,True,False
35,ounces,pattern_violation,12.0 ounce,12,0,,,True,True,True,True,False
35,abv,pattern_violation,0.07%,0.068,0,,,True,True,True,True,False
36,ounces,pattern_violation,12.0 OZ.,12,0,,,True,True,True,True,False
37,ounces,pattern_violation,12.0 oz.,12,0,,,True,True,True,True,False
38,ounces,pattern_violation,12.0 oz.,12,0,,,True,True,True,True,False
39,ounces,pattern_violation,12.0 ounce,12,0,,,True,True,True,True,False
41,ounces,pattern_violation,12.0 oz.,12,0,,,True,True,True,True,False
42,ounces,pattern_violation,12.0 oz,12,0,,,True,True,True,True,False
43,ounces,pattern_violation,12.0 oz,12,0,,,True,True,True,True,False
43,abv,pattern_violation,0.05%,0.045,0,,,True,True,True,True,False
44,ounces,pattern_violation,12.0 oz,12,0,,,True,True,True,True,False
44,abv,pattern_violation,0.06%,0.055,0,,,True,True,True,True,False
45,ounces,pattern_violation,12.0 oz.,12,0,,,True,True,True,True,False
46,abv,pattern_violation,0.06%,0.055,0,,,True,True,True,True,False
47,ounces,pattern_violation,12.0 oz,12,0,,,True,True,True,True,False
48,ounces,pattern_violation,12.0 oz.,12,0,,,True,True,True,True,False
49,ounces,pattern_violation,12.0 oz.,12,0,,,True,True,True,True,False
50,ounces,pattern_violation,16.0 ounce,16,0,,,True,True,True,True,False
51,ounces,pattern_violation,16.0 ounce,16,0,,,True,True,True,True,False
52,ounces,pattern_violation,16.0 oz.,16,0,,,True,True,True,True,False
53,ounces,pattern_violation,16.0 oz.,16,0,,,True,True,True,True,False
54,ounces,pattern_violation,16.0 oz. Alumi-Tek,16,0,,,True,True,True,True,False
54,abv,pattern_violation,0.09%,0.09,0,,,True,True,True,True,False
55,ounces,pattern_violation,16.0 ounce,16,0,,,True,True,True,True,False
55,abv,pattern_violation,0.05%,0.046,0,,,True,True,True,True,False
56,ounces,pattern_violation,16.0 oz,16,0,,,True,True,True,True,False
56,abv,pattern_violation,0.05%,0.052,0,,,True,True,True,True,False
57,ounces,pattern_violation,16.0 oz,16,0,,,True,True,True,True,False
58,ounces,pattern_violation,16.0 oz,16,0,,,True,True,True,True,False
59,ounces,pattern_violation,16.0 ounce,16,0,,,True,True,True,True,False
60,ounces,pattern_violation,16.0 oz.,16,0,,,True,True,True,True,False
61,ounces,pattern_violation,12.0 oz.,12,0,,,True,True,True,True,False
62,ounces,pattern_violation,12.0 oz,12,0,,,True,True,True,True,False
63,ounces,pattern_violation,12.0 ounce,12,0,,,True,True,True,True,False
64,ounces,pattern_violation,12.0 oz.,12,0,,,True,True,True,True,False
65,ounces,pattern_violation,12.0 oz,12,0,,,True,True,True,True,False
66,ounces,pattern_violation,12.0 oz.,12,0,,,True,True,True,True,False
67,ounces,pattern_violation,16.0 ounce,16,0,,,True,True,True,True,False
68,ounces,pattern_violation,16.0 ounce,16,0,,,True,True,True,True,False
69,ounces,pattern_violation,16.0 ounce,16,0,,,True,True,True,True,False
70,ounces,pattern_violation,16.0 oz.,16,0,,,True,True,True,True,False
70,abv,pattern_violation,0.13%,0.125,0,,,True,True,True,True,False
71,ounces,pattern_violation,16.0 OZ.,16,0,,,True,True,True,True,False
72,ounces,pattern_violation,16.0 oz.,16,0,,,True,True,True,True,False
73,ounces,pattern_violation,16.0 oz,16,0,,,True,True,True,True,False
74,ounces,pattern_violation,16.0 ounce,16,0,,,True,True,True,True,False
75,ounces,pattern_violation,16.0 oz,16,0,,,True,True,True,True,False
76,ounces,pattern_violation,16.0 oz.,16,0,,,True,True,True,True,False
77,ounces,pattern_violation,16.0 ounce,16,0,,,True,True,True,True,False
78,ounces,pattern_violation,16.0 OZ.,16,0,,,True,True,True,True,False
78,abv,pattern_violation,0.05%,0.051,0,,,True,True,True,True,False
79,ounces,pattern_violation,16.0 ounce,16,0,,,True,True,True,True,False
79,abv,pattern_violation,0.07%,0.065,0,,,True,True,True,True,False
80,ounces,pattern_violation,16.0 oz.,16,0,,,True,True,True,True,False
81,ounces,pattern_violation,16.0 oz,16,0,,,True,True,True,True,False
82,ounces,pattern_violation,16.0 ounce,16,0,,,True,True,True,True,False
83,ounces,pattern_violation,16.0 OZ.,16,0,,,True,True,True,True,False
84,ounces,pattern_violation,16.0 oz.,16,0,,,True,True,True,True,False
85,ounces,pattern_violation,12.0 OZ.,12,0,,,True,True,True,True,False
86,ounces,pattern_violation,12.0 oz. Alumi-Tek,12,0,,,True,True,True,True,False
87,ounces,pattern_violation,12.0 oz,12,0,,,True,True,True,True,False
88,ounces,pattern_violation,12.0 oz.,12,0,,,True,True,True,True,False
89,ounces,pattern_violation,12.0 OZ.,12,0,,,True,True,True,True,False
90,ounces,pattern_violation,12.0 OZ.,12,0,,,True,True,True,True,False
90,city,pattern_violation,Madison WI,Madison,0,,,True,True,True,True,False
91,ounces,pattern_violation,16.0 oz,16,0,,,True,True,True,True,False
92,ounces,pattern_violation,16.0 OZ.,16,0,,,True,True,True,True,False
93,ounces,pattern_violation,16.0 oz. Alumi-Tek,16,0,,,True,True,True,True,False
94,ounces,pattern_violation,16.0 oz,16,0,,,True,True,True,True,False
95,ounces,pattern_violation,16.0 ounce,16,0,,,True,True,True,True,False
96,ounces,pattern_violation,12.0 oz. Alumi-Tek,12,0,,,True,True,True,True,False
96,abv,pattern_violation,0.06%,0.059,0,,,True,True,True,True,False
97,ounces,pattern_violation,12.0 ounce,12,0,,,True,True,True,True,False
97,abv,pattern_violation,0.07%,0.065,0,,,True,True,True,True,False
98,ounces,pattern_violation,12.0 oz,12,0,,,True,True,True,True,False
98,abv,pattern_violation,0.05%,0.045,0,,,True,True,True,True,False
99,ounces,pattern_violation,12.0 oz.,12,0,,,True,True,True,True,False
100,ounces,pattern_violation,12.0 ounce,12,0,,,True,True,True,True,False
100,abv,pattern_violation,0.06%,0.056,0,,,True,True,True,True,False
101,ounces,pattern_violation,12.0 oz.,12,0,,,True,True,True,True,False
102,ounces,pattern_violation,12.0 oz,12,0,,,True,True,True,True,False
103,ounces,pattern_violation,12.0 oz.,12,0,,,True,True,True,True,False
103,abv,pattern_violation,0.05%,0.048,0,,,True,True,True,True,False
104,ounces,pattern_violation,12.0 oz,12,0,,,True,True,True,True,False
105,ounces,pattern_violation,12.0 ounce,12,0,,,True,True,True,True,False
106,ounces,pattern_violation,12.0 ounce,12,0,,,True,True,True,True,False
107,ounces,pattern_violation,12.0 oz,12,0,,,True,True,True,True,False
108,ounces,pattern_violation,12.0 oz.,12,0,,,True,True,True,True,False
108,abv,pattern_violation,0.06%,0.058,0,,,True,True,True,True,False
109,ounces,pattern_violation,12.0 oz. Alumi-Tek,12,0,,,True,True,True,True,False
110,ounces,pattern_violation,16.0 oz,16,0,,,True,True,True,True,False
111,ounces,pattern_violation,12.0 oz.,12,0,,,True,True,True,True,False
111,abv,pattern_violation,0.06%,0.058,0,,,True,True,True,True,False
112,ounces,pattern_violation,12.0 oz,12,0,,,True,True,True,True,False
113,ounces,pattern_violation,12.0 oz,12,0,,,True,True,True,True,False
113,abv,pattern_violation,0.06%,0.057,0,,,True,True,True,True,False
114,ounces,pattern_violation,12.0 ounce,12,0,,,True,True,True,True,False
114,abv,pattern_violation,0.07%,0.069,0,,,True,True,True,True,False
115,ounces,pattern_violation,12.0 ounce,12,0,,,True,True,True,True,False
116,ounces,pattern_violation,12.0 ounce,12,0,,,True,True,True,True,False
117,ounces,pattern_violation,12.0 oz.,12,0,,,True,True,True,True,False
118,ounces,pattern_violation,12.0 oz.,12,0,,,True,True,True,True,False
119,ounces,pattern_violation,16.0 ounce,16,0,,,True,True,True,True,False
120,ounces,pattern_violation,16.0 oz,16,0,,,True,True,True,True,False
120,abv,pattern_violation,0.05%,0.054,0,,,True,True,True,True,False
121,ounces,pattern_violation,16.0 oz.,16,0,,,True,True,True,True,False
121,abv,pattern_violation,0.05%,0.047,0,,,True,True,True,True,False
122,ounces,pattern_violation,16.0 oz.,16,0,,,True,True,True,True,False
123,ounces,pattern_violation,16.0 oz.,16,0,,,True,True,True,True,False
123,abv,pattern_violation,0.05%,0.05,0,,,True,True,True,True,False
124,ounces,pattern_violation,12.0 OZ.,12,0,,,True,True,True,True,False
125,ounces,pattern_violation,12.0 oz.,12,0,,,True,True,True,True,False
126,ounces,pattern_violation,12.0 ounce,12,0,,,True,True,True,True,False
127,ounces,pattern_violation,12.0 OZ.,12,0,,,True,True,True,True,False
127,abv,pattern_violation,0.09%,0.085,0,,,True,True,True,True,False
128,ounces,pattern_violation,16.0 oz.,16,0,,,True,True,True,True,False
129,ounces,pattern_violation,16.0 oz. Alumi-Tek,16,0,,,True,True,True,True,False
130,ounces,pattern_violation,16.0 ounce,16,0,,,True,True,True,True,False
131,ounces,pattern_violation,12.0 oz. Silo Can,12,0,,,True,True,True,True,False
131,abv,pattern_violation,0.06%,0.06,0,,,True,True,True,True,False
132,ounces,pattern_violation,12.0 oz.,12,0,,,True,True,True,True,False
133,ounces,pattern_violation,12.0 oz,12,0,,,True,True,True,True,False
134,ounces,pattern_violation,12.0 ounce,12,0,,,True,True,True,True,False
135,ounces,pattern_violation,12.0 oz.,12,0,,,True,True,True,True,False
135,abv,pattern_violation,0.05%,0.051,0,,,True,True,True,True,False
136,ounces,pattern_violation,16.0 oz,16,0,,,True,True,True,True,False
137,ounces,pattern_violation,16.0 oz.,16,0,,,True,True,True,True,False
138,ounces,pattern_violation,12.0 oz,12,0,,,True,True,True,True,False
139,ounces,pattern_violation,12.0 oz,12,0,,,True,True,True,True,False
140,ounces,pattern_violation,12.0 oz.,12,0,,,True,True,True,True,False
141,ounces,pattern_violation,16.0 ounce,16,0,,,True,True,True,True,False
142,ounces,pattern_violation,16.0 oz. Alumi-Tek,16,0,,,True,True,True,True,False
143,ounces,pattern_violation,16.0 oz. Silo Can,16,0,,,True,True,True,True,False
144,ounces,pattern_violation,12.0 oz.,12,0,,,True,True,True,True,False
145,ounces,pattern_violation,12.0 oz,12,0,,,True,True,True,True,False
145,abv,pattern_violation,0.07%,0.07,0,,,True,True,True,True,False
146,ounces,pattern_violation,12.0 oz.,12,0,,,True,True,True,True,False
147,ounces,pattern_violation,12.0 oz.,12,0,,,True,True,True,True,False
147,abv,pattern_violation,0.08%,0.082,0,,,True,True,True,True,False
148,ounces,pattern_violation,12.0 ounce,12,0,,,True,True,True,True,False
149,ounces,pattern_violation,12.0 OZ.,12,0,,,True,True,True,True,False
150,ounces,pattern_violation,16.0 ounce,16,0,,,True,True,True,True,False
151,ounces,pattern_violation,16.0 oz.,16,0,,,True,True,True,True,False
151,abv,pattern_violation,0.06%,0.055,0,,,True,True,True,True,False
152,ounces,pattern_violation,16.0 oz,16,0,,,True,True,True,True,False
153,ounces,pattern_violation,12.0 oz.,12,0,,,True,True,True,True,False
154,ounces,pattern_violation,12.0 oz,12,0,,,True,True,True,True,False
154,abv,pattern_violation,0.05%,0.05,0,,,True,True,True,True,False
155,ounces,pattern_violation,12.0 oz.,12,0,,,True,True,True,True,False
156,ounces,pattern_violation,16.0 oz,16,0,,,True,True,True,True,False
157,ounces,pattern_violation,12.0 OZ.,12,0,,,True,True,True,True,False
157,abv,pattern_violation,0.06%,0.062,0,,,True,True,True,True,False
158,ounces,pattern_violation,12.0 oz,12,0,,,True,True,True,True,False
159,ounces,pattern_violation,12.0 oz.,12,0,,,True,True,True,True,False
160,ounces,pattern_violation,12.0 ounce,12,0,,,True,True,True,True,False
161,ounces,pattern_violation,12.0 oz.,12,0,,,True,True,True,True,False
161,abv,pattern_violation,0.08%,0.08,0,,,True,True,True,True,False
162,ounces,pattern_violation,12.0 oz.,12,0,,,True,True,True,True,False
163,ounces,pattern_violation,12.0 oz.,12,0,,,True,True,True,True,False
164,ounces,pattern_violation,12.0 oz.,12,0,,,True,True,True,True,False
165,ounces,pattern_violation,12.0 oz,12,0,,,True,True,True,True,False
166,ounces,pattern_violation,12.0 ounce,12,0,,,True,True,True,True,False
167,ounces,pattern_violation,12.0 oz. Alumi-Tek,12,0,,,True,True,True,True,False
168,ounces,pattern_violation,12.0 oz.,12,0,,,True,True,True,True,False
169,ounces,pattern_violation,12.0 ounce,12,0,,,True,True,True,True,False
169,abv,pattern_violation,0.05%,0.048,0,,,True,True,True,True,False
170,ounces,pattern_violation,12.0 oz.,12,0,,,True,True,True,True,False
171,ounces,pattern_violation,12.0 oz.,12,0,,,True,True,True,True,False
172,ounces,pattern_violation,12.0 ounce,12,0,,,True,True,True,True,False
173,ounces,pattern_violation,12.0 ounce,12,0,,,True,True,True,True,False
174,ounces,pattern_violation,12.0 oz.,12,0,,,True,True,True,True,False
175,ounces,pattern_violation,12.0 OZ.,12,0,,,True,True,True,True,False
175,abv,pattern_violation,0.05%,0.049,0,,,True,True,True,True,False
176,ounces,pattern_violation,12.0 oz.,12,0,,,True,True,True,True,False
177,ounces,pattern_violation,12.0 ounce,12,0,,,True,True,True,True,False
178,ounces,pattern_violation,12.0 ounce,12,0,,,True,True,True,True,False
178,abv,pattern_violation,0.06%,0.06,0,,,True,True,True,True,False
179,ounces,pattern_violation,12.0 oz,12,0,,,True,True,True,True,False
179,abv,pattern_violation,0.06%,0.06,0,,,True,True,True,True,False
180,ounces,pattern_violation,12.0 ounce,12,0,,,True,True,True,True,False
181,ounces,pattern_violation,12.0 ounce,12,0,,,True,True,True,True,False
181,abv,pattern_violation,0.04%,0.044,0,,,True,True,True,True,False
182,ounces,pattern_violation,12.0 ounce,12,0,,,True,True,True,True,False
182,abv,pattern_violation,0.07%,0.07,0,,,True,True,True,True,False
183,ounces,pattern_violation,12.0 ounce,12,0,,,True,True,True,True,False
183,abv,pattern_violation,0.04%,0.038,0,,,True,True,True,True,False
184,ounces,pattern_violation,12.0 OZ.,12,0,,,True,True,True,True,False
184,abv,pattern_violation,0.05%,0.052,0,,,True,True,True,True,False
185,ounces,pattern_violation,12.0 OZ.,12,0,,,True,True,True,True,False
186,ounces,pattern_violation,12.0 oz,12,0,,,True,True,True,True,False
187,ounces,pattern_violation,12.0 oz.,12,0,,,True,True,True,True,False
188,ounces,pattern_violation,12.0 oz. Alumi-Tek,12,0,,,True,True,True,True,False
189,ounces,pattern_violation,12.0 oz,12,0,,,True,True,True,True,False
189,abv,pattern_violation,0.05%,0.045,0,,,True,True,True,True,False
190,ounces,pattern_violation,12.0 ounce,12,0,,,True,True,True,True,False
191,ounces,pattern_violation,16.0 oz,16,0,,,True,True,True,True,False
192,ounces,pattern_violation,12.0 oz.,12,0,,,True,True,True,True,False
193,ounces,pattern_violation,12.0 oz,12,0,,,True,True,True,True,False
194,ounces,pattern_violation,12.0 oz. Alumi-Tek,12,0,,,True,True,True,True,False
194,abv,pattern_violation,0.05%,0.049,0,,,True,True,True,True,False
195,ounces,pattern_violation,12.0 oz.,12,0,,,True,True,True,True,False
196,ounces,pattern_violation,12.0 ounce,12,0,,,True,True,True,True,False
197,ounces,pattern_violation,12.0 oz.,12,0,,,True,True,True,True,False
198,ounces,pattern_violation,12.0 oz,12,0,,,True,True,True,True,False
199,ounces,pattern_violation,12.0 ounce,12,0,,,True,True,True,True,False
200,ounces,pattern_violation,12.0 oz.,12,0,,,True,True,True,True,False
200,abv,pattern_violation,0.07%,0.067,0,,,True,True,True,True,False
201,ounces,pattern_violation,12.0 oz.,12,0,,,True,True,True,True,False
202,ounces,pattern_violation,12.0 oz.,12,0,,,True,True,True,True,False
203,ounces,pattern_violation,12.0 oz,12,0,,,True,True,True,True,False
204,ounces,pattern_violation,16.0 oz,16,0,,,True,True,True,True,False
204,abv,pattern_violation,0.07%,0.07,0,,,True,True,True,True,False
205,ounces,pattern_violation,12.0 oz,12,0,,,True,True,True,True,False
206,ounces,pattern_violation,12.0 oz.,12,0,,,True,True,True,True,False
207,ounces,pattern_violation,12.0 ounce,12,0,,,True,True,True,True,False
208,ounces,pattern_violation,12.0 oz.,12,0,,,True,True,True,True,False
209,ounces,pattern_violation,12.0 oz.,12,0,,,True,True,True,True,False
210,ounces,pattern_violation,12.0 OZ.,12,0,,,True,True,True,True,False
210,abv,pattern_violation,0.05%,0.049,0,,,True,True,True,True,False
211,ounces,pattern_violation,12.0 oz,12,0,,,True,True,True,True,False
212,ounces,pattern_violation,16.0 ounce,16,0,,,True,True,True,True,False
214,ounces,pattern_violation,12.0 oz. Alumi-Tek,12,0,,,True,True,True,True,False
214,abv,pattern_violation,0.06%,0.058,0,,,True,True,True,True,False
215,ounces,pattern_violation,12.0 oz.,12,0,,,True,True,True,True,False
215,abv,pattern_violation,0.07%,0.068,0,,,True,True,True,True,False
216,ounces,pattern_violation,12.0 ounce,12,0,,,True,True,True,True,False
217,ounces,pattern_violation,12.0 oz,12,0,,,True,True,True,True,False
217,abv,pattern_violation,0.06%,0.058,0,,,True,True,True,True,False
218,ounces,pattern_violation,16.0 oz.,16,0,,,True,True,True,True,False
218,abv,pattern_violation,0.06%,0.06,0,,,True,True,True,True,False
219,ounces,pattern_violation,16.0 oz.,16,0,,,True,True,True,True,False
220,ounces,pattern_violation,16.0 oz.,16,0,,,True,True,True,True,False
221,ounces,pattern_violation,16.0 OZ.,16,0,,,True,True,True,True,False
222,ounces,pattern_violation,16.0 oz.,16,0,,,True,True,True,True,False
223,ounces,pattern_violation,12.0 oz.,12,0,,,True,True,True,True,False
224,ounces,pattern_violation,16.0 ounce,16,0,,,True,True,True,True,False
225,ounces,pattern_violation,12.0 oz.,12,0,,,True,True,True,True,False
225,abv,pattern_violation,0.06%,0.057,0,,,True,True,True,True,False
226,ounces,pattern_violation,12.0 OZ.,12,0,,,True,True,True,True,False
227,ounces,pattern_violation,12.0 oz.,12,0,,,True,True,True,True,False
228,ounces,pattern_violation,12.0 ounce,12,0,,,True,True,True,True,False
229,ounces,pattern_violation,12.0 oz.,12,0,,,True,True,True,True,False
230,ounces,pattern_violation,12.0 oz.,12,0,,,True,True,True,True,False
230,abv,pattern_violation,0.06%,0.06,0,,,True,True,True,True,False
231,ounces,pattern_violation,12.0 oz.,12,0,,,True,True,True,True,False
232,ounces,pattern_violation,12.0 ounce,12,0,,,True,True,True,True,False
233,ounces,pattern_violation,12.0 oz,12,0,,,True,True,True,True,False
234,ounces,pattern_violation,12.0 oz.,12,0,,,True,True,True,True,False
234,abv,pattern_violation,0.08%,0.078,0,,,True,True,True,True,False
235,ounces,pattern_violation,12.0 oz.,12,0,,,True,True,True,True,False
235,abv,pattern_violation,0.05%,0.047,0,,,True,True,True,True,False
236,ounces,pattern_violation,12.0 oz,12,0,,,True,True,True,True,False
237,ounces,pattern_violation,12.0 oz,12,0,,,True,True,True,True,False
237,abv,pattern_violation,0.06%,0.056,0,,,True,True,True,True,False
238,ounces,pattern_violation,12.0 OZ.,12,0,,,True,True,True,True,False
239,ounces,pattern_violation,16.0 oz. Alumi-Tek,16,0,,,True,True,True,True,False
240,ounces,pattern_violation,12.0 ounce,12,0,,,True,True,True,True,False
240,abv,pattern_violation,0.10%,0.095,0,,,True,True,True,True,False
241,ounces,pattern_violation,16.0 oz.,16,0,,,True,True,True,True,False
242,ounces,pattern_violation,16.0 oz,16,0,,,True,True,True,True,False
243,ounces,pattern_violation,12.0 ounce,12,0,,,True,True,True,True,False
243,abv,pattern_violation,0.07%,0.07,0,,,True,True,True,True,False
244,ounces,pattern_violation,12.0 OZ.,12,0,,,True,True,True,True,False
245,ounces,pattern_violation,12.0 ounce,12,0,,,True,True,True,True,False
246,ounces,pattern_violation,16.0 oz.,16,0,,,True,True,True,True,False
247,ounces,pattern_violation,16.0 ounce,16,0,,,True,True,True,True,False
248,ounces,pattern_violation,12.0 oz.,12,0,,,True,True,True,True,False
249,ounces,pattern_violation,16.0 oz.,16,0,,,True,True,True,True,False
250,ounces,pattern_violation,12.0 oz.,12,0,,,True,True,True,True,False
251,ounces,pattern_violation,12.0 oz.,12,0,,,True,True,True,True,False
252,ounces,pattern_violation,12.0 ounce,12,0,,,True,True,True,True,False
253,ounces,pattern_violation,12.0 oz,12,0,,,True,True,True,True,False
253,abv,pattern_violation,0.05%,0.05,0,,,True,True,True,True,False
254,ounces,pattern_violation,12.0 oz,12,0,,,True,True,True,True,False
255,ounces,pattern_violation,12.0 oz.,12,0,,,True,True,True,True,False
256,ounces,pattern_violation,12.0 oz.,12,0,,,True,True,True,True,False
257,ounces,pattern_violation,12.0 oz.,12,0,,,True,True,True,True,False
258,ounces,pattern_violation,12.0 oz,12,0,,,True,True,True,True,False
259,ounces,pattern_violation,12.0 OZ.,12,0,,,True,True,True,True,False
260,ounces,pattern_violation,12.0 ounce,12,0,,,True,True,True,True,False
261,ounces,pattern_violation,12.0 oz,12,0,,,True,True,True,True,False
262,ounces,pattern_violation,12.0 oz,12,0,,,True,True,True,True,False
263,ounces,pattern_violation,12.0 oz.,12,0,,,True,True,True,True,False
263,abv,pattern_violation,0.05%,0.051,0,,,True,True,True,True,False
264,ounces,pattern_violation,12.0 oz.,12,0,,,True,True,True,True,False
265,ounces,pattern_violation,12.0 ounce,12,0,,,True,True,True,True,False
265,abv,pattern_violation,0.06%,0.058,0,,,True,True,True,True,False
266,ounces,pattern_violation,16.0 oz,16,0,,,True,True,True,True,False
267,ounces,pattern_violation,16.0 ounce,16,0,,,True,True,True,True,False
267,abv,pattern_violation,0.10%,0.099,0,,,True,True,True,True,False
268,ounces,pattern_violation,16.0 OZ.,16,0,,,True,True,True,True,False
269,ounces,pattern_violation,16.0 oz.,16,0,,,True,True,True,True,False
270,ounces,pattern_violation,16.0 oz.,16,0,,,True,True,True,True,False
271,ounces,pattern_violation,16.0 ounce,16,0,,,True,True,True,True,False
272,ounces,pattern_violation,12.0 oz,12,0,,,True,True,True,True,False
273,ounces,pattern_violation,12.0 oz,12,0,,,True,True,True,True,False
274,ounces,pattern_violation,12.0 oz.,12,0,,,True,True,True,True,False
275,ounces,pattern_violation,16.0 oz,16,0,,,True,True,True,True,False
276,ounces,pattern_violation,12.0 oz,12,0,,,True,True,True,True,False
276,abv,pattern_violation,0.05%,0.045,0,,,True,True,True,True,False
277,ounces,pattern_violation,12.0 ounce,12,0,,,True,True,True,True,False
278,ounces,pattern_violation,12.0 ounce,12,0,,,True,True,True,True,False
279,ounces,pattern_violation,12.0 ounce,12,0,,,True,True,True,True,False
280,ounces,pattern_violation,12.0 oz,12,0,,,True,True,True,True,False
281,ounces,pattern_violation,12.0 ounce,12,0,,,True,True,True,True,False
282,ounces,pattern_violation,12.0 oz.,12,0,,,True,True,True,True,False
283,ounces,pattern_violation,12.0 oz,12,0,,,True,True,True,True,False
284,ounces,pattern_violation,12.0 oz,12,0,,,True,True,True,True,False
284,abv,pattern_violation,0.05%,0.048,0,,,True,True,True,True,False
285,ounces,pattern_violation,12.0 oz,12,0,,,True,True,True,True,False
286,ounces,pattern_violation,12.0 ounce,12,0,,,True,True,True,True,False
286,abv,pattern_violation,0.07%,0.073,0,,,True,True,True,True,False
287,ounces,pattern_violation,12.0 oz. Alumi-Tek,12,0,,,True,True,True,True,False
288,ounces,pattern_violation,12.0 OZ.,12,0,,,True,True,True,True,False
289,ounces,pattern_violation,12.0 ounce,12,0,,,True,True,True,True,False
290,ounces,pattern_violation,12.0 ounce,12,0,,,True,True,True,True,False
291,ounces,pattern_violation,12.0 oz,12,0,,,True,True,True,True,False
292,ounces,pattern_violation,12.0 ounce,12,0,,,True,True,True,True,False
293,ounces,pattern_violation,12.0 ounce,12,0,,,True,True,True,True,False
293,abv,pattern_violation,0.05%,0.05,0,,,True,True,True,True,False
294,ounces,pattern_violation,12.0 oz. Alumi-Tek,12,0,,,True,True,True,True,False
295,ounces,pattern_violation,12.0 oz.,12,0,,,True,True,True,True,False
295,abv,pattern_violation,0.06%,0.055,0,,,True,True,True,True,False
296,ounces,pattern_violation,12.0 oz.,12,0,,,True,True,True,True,False
297,ounces,pattern_violation,12.0 oz.,12,0,,,True,True,True,True,False
298,ounces,pattern_violation,12.0 oz,12,0,,,True,True,True,True,False
299,ounces,pattern_violation,12.0 ounce,12,0,,,True,True,True,True,False
300,ounces,pattern_violation,12.0 ounce,12,0,,,True,True,True,True,False
301,ounces,pattern_violation,12.0 ounce,12,0,,,True,True,True,True,False
302,ounces,pattern_violation,12.0 oz.,12,0,,,True,True,True,True,False
303,ounces,pattern_violation,12.0 oz.,12,0,,,True,True,True,True,False
304,ounces,pattern_violation,12.0 ounce,12,0,,,True,True,True,True,False
304,abv,pattern_violation,0.06%,0.056,0,,,True,True,True,True,False
305,ounces,pattern_violation,12.0 ounce,12,0,,,True,True,True,True,False
305,abv,pattern_violation,0.06%,0.056,0,,,True,True,True,True,False
306,ounces,pattern_violation,12.0 oz.,12,0,,,True,True,True,True,False
307,ounces,pattern_violation,12.0 oz.,12,0,,,True,True,True,True,False
308,ounces,pattern_violation,12.0 oz,12,0,,,True,True,True,True,False
308,abv,pattern_violation,0.06%,0.059,0,,,True,True,True,True,False
309,ounces,pattern_violation,12.0 oz,12,0,,,True,True,True,True,False
309,abv,pattern_violation,0.08%,0.08,0,,,True,True,True,True,False
309,city,pattern_violation,Canton MA,Canton,0,,,True,True,True,True,False
310,ounces,pattern_violation,12.0 ounce,12,0,,,True,True,True,True,False
311,ounces,pattern_violation,12.0 oz.,12,0,,,True,True,True,True,False
312,ounces,pattern_violation,12.0 oz.,12,0,,,True,True,True,True,False
313,ounces,pattern_violation,12.0 ounce,12,0,,,True,True,True,True,False
314,ounces,pattern_violation,12.0 oz,12,0,,,True,True,True,True,False
315,ounces,pattern_violation,12.0 oz.,12,0,,,True,True,True,True,False
316,ounces,pattern_violation,12.0 oz.,12,0,,,True,True,True,True,False
317,ounces,pattern_violation,12.0 oz.,12,0,,,True,True,True,True,False
318,ounces,pattern_violation,12.0 oz,12,0,,,True,True,True,True,False
319,ounces,pattern_violation,16.0 oz. Alumi-Tek,16,0,,,True,True,True,True,False
320,ounces,pattern_violation,12.0 oz.,12,0,,,True,True,True,True,False
320,abv,pattern_violation,0.06%,0.06,0,,,True,True,True,True,False
321,ounces,pattern_violation,12.0 ounce,12,0,,,True,True,True,True,False
322,ounces,pattern_violation,12.0 ounce,12,0,,,True,True,True,True,False
323,ounces,pattern_violation,12.0 oz.,12,0,,,True,True,True,True,False
324,ounces,pattern_violation,12.0 oz.,12,0,,,True,True,True,True,False
325,ounces,pattern_violation,12.0 oz.,12,0,,,True,True,True,True,False
326,ounces,pattern_violation,12.0 oz,12,0,,,True,True,True,True,False
326,abv,pattern_violation,0.05%,0.05,0,,,True,True,True,True,False
327,ounces,pattern_violation,12.0 oz. Alumi-Tek,12,0,,,True,True,True,True,False
328,ounces,pattern_violation,12.0 oz,12,0,,,True,True,True,True,False
329,ounces,pattern_violation,12.0 oz. Alumi-Tek,12,0,,,True,True,True,True,False
330,ounces,pattern_violation,12.0 oz.,12,0,,,True,True,True,True,False
330,abv,pattern_violation,0.06%,0.06,0,,,True,True,True,True,False
331,ounces,pattern_violation,16.0 OZ.,16,0,,,True,True,True,True,False
331,abv,pattern_violation,0.04%,0.042,0,,,True,True,True,True,False
332,ounces,pattern_violation,16.0 oz.,16,0,,,True,True,True,True,False
333,ounces,pattern_violation,12.0 oz,12,0,,,True,True,True,True,False
334,ounces,pattern_violation,12.0 oz.,12,0,,,True,True,True,True,False
335,ounces,pattern_violation,12.0 ounce,12,0,,,True,True,True,True,False
336,ounces,pattern_violation,16.0 oz.,16,0,,,True,True,True,True,False
337,ounces,pattern_violation,16.0 ounce,16,0,,,True,True,True,True,False
338,ounces,pattern_violation,12.0 oz.,12,0,,,True,True,True,True,False
339,ounces,pattern_violation,16.0 ounce,16,0,,,True,True,True,True,False
340,ounces,pattern_violation,12.0 oz. Alumi-Tek,12,0,,,True,True,True,True,False
341,ounces,pattern_violation,16.0 oz. Alumi-Tek,16,0,,,True,True,True,True,False
342,ounces,pattern_violation,12.0 oz,12,0,,,True,True,True,True,False
343,ounces,pattern_violation,12.0 oz,12,0,,,True,True,True,True,False
344,ounces,pattern_violation,12.0 oz.,12,0,,,True,True,True,True,False
345,ounces,pattern_violation,16.0 oz.,16,0,,,True,True,True,True,False
345,abv,pattern_violation,0.05%,0.049,0,,,True,True,True,True,False
346,ounces,pattern_violation,12.0 oz.,12,0,,,True,True,True,True,False
347,ounces,pattern_violation,12.0 oz.,12,0,,,True,True,True,True,False
347,abv,pattern_violation,0.06%,0.064,0,,,True,True,True,True,False
348,ounces,pattern_violation,16.0 ounce,16,0,,,True,True,True,True,False
349,ounces,pattern_violation,12.0 ounce,12,0,,,True,True,True,True,False
350,ounces,pattern_violation,12.0 oz.,12,0,,,True,True,True,True,False
350,abv,pattern_violation,0.06%,0.058,0,,,True,True,True,True,False
351,ounces,pattern_violation,12.0 ounce,12,0,,,True,True,True,True,False
352,ounces,pattern_violation,16.0 oz.,16,0,,,True,True,True,True,False
353,ounces,pattern_violation,16.0 ounce,16,0,,,True,True,True,True,False
354,ounces,pattern_violation,16.0 oz. Alumi-Tek,16,0,,,True,True,True,True,False
355,ounces,pattern_violation,12.0 ounce,12,0,,,True,True,True,True,False
356,ounces,pattern_violation,16.0 oz,16,0,,,True,True,True,True,False
357,ounces,pattern_violation,12.0 ounce,12,0,,,True,True,True,True,False
358,ounces,pattern_violation,12.0 oz.,12,0,,,True,True,True,True,False
358,abv,pattern_violation,0.06%,0.056,0,,,True,True,True,True,False
359,ounces,pattern_violation,16.0 ounce,16,0,,,True,True,True,True,False
360,ounces,pattern_violation,12.0 oz.,12,0,,,True,True,True,True,False
361,ounces,pattern_violation,12.0 oz,12,0,,,True,True,True,True,False
362,ounces,pattern_violation,12.0 oz,12,0,,,True,True,True,True,False
363,ounces,pattern_violation,12.0 oz.,12,0,,,True,True,True,True,False
364,ounces,pattern_violation,12.0 oz.,12,0,,,True,True,True,True,False
365,ounces,pattern_violation,12.0 ounce,12,0,,,True,True,True,True,False
366,ounces,pattern_violation,12.0 oz.,12,0,,,True,True,True,True,False
367,ounces,pattern_violation,12.0 oz.,12,0,,,True,True,True,True,False
368,ounces,pattern_violation,12.0 oz.,12,0,,,True,True,True,True,False
369,ounces,pattern_violation,12.0 oz,12,0,,,True,True,True,True,False
370,ounces,pattern_violation,12.0 ounce,12,0,,,True,True,True,True,False
370,abv,pattern_violation,0.05%,0.047,0,,,True,True,True,True,False
371,ounces,pattern_violation,12.0 oz.,12,0,,,True,True,True,True,False
371,abv,pattern_violation,0.06%,0.06,0,,,True,True,True,True,False
372,ounces,pattern_violation,12.0 ounce,12,0,,,True,True,True,True,False
373,ounces,pattern_violation,12.0 ounce,12,0,,,True,True,True,True,False
374,ounces,pattern_violation,12.0 oz.,12,0,,,True,True,True,True,False
375,ounces,pattern_violation,12.0 oz,12,0,,,True,True,True,True,False
375,abv,pattern_violation,0.06%,0.055,0,,,True,True,True,True,False
376,ounces,pattern_violation,12.0 oz. Alumi-Tek,12,0,,,True,True,True,True,False
377,ounces,pattern_violation,16.0 oz,16,0,,,True,True,True,True,False
378,ounces,pattern_violation,12.0 oz.,12,0,,,True,True,True,True,False
379,ounces,pattern_violation,12.0 ounce,12,0,,,True,True,True,True,False
380,ounces,pattern_violation,12.0 ounce,12,0,,,True,True,True,True,False
380,abv,pattern_violation,0.06%,0.062,0,,,True,True,True,True,False
381,ounces,pattern_violation,12.0 oz,12,0,,,True,True,True,True,False
382,ounces,pattern_violation,12.0 oz.,12,0,,,True,True,True,True,False
383,ounces,pattern_violation,12.0 oz.,12,0,,,True,True,True,True,False
384,ounces,pattern_violation,12.0 oz.,12,0,,,True,True,True,True,False
384,abv,pattern_violation,0.05%,0.05,0,,,True,True,True,True,False
385,ounces,pattern_violation,12.0 oz,12,0,,,True,True,True,True,False
386,ounces,pattern_violation,16.0 oz.,16,0,,,True,True,True,True,False
386,abv,pattern_violation,0.06%,0.058,0,,,True,True,True,True,False
386,city,pattern_violation,Plainfield IN,Plainfield,0,,,True,True,True,True,False
387,ounces,pattern_violation,16.0 ounce,16,0,,,True,True,True,True,False
388,ounces,pattern_violation,16.0 oz,16,0,,,True,True,True,True,False
389,ounces,pattern_violation,16.0 oz.,16,0,,,True,True,True,True,False
390,ounces,pattern_violation,16.0 OZ.,16,0,,,True,True,True,True,False
391,ounces,pattern_violation,16.0 oz,16,0,,,True,True,True,True,False
392,ounces,pattern_violation,16.0 oz.,16,0,,,True,True,True,True,False
393,ounces,pattern_violation,16.0 oz,16,0,,,True,True,True,True,False
394,ounces,pattern_violation,16.0 oz.,16,0,,,True,True,True,True,False
395,ounces,pattern_violation,16.0 oz. Alumi-Tek,16,0,,,True,True,True,True,False
396,ounces,pattern_violation,16.0 oz,16,0,,,True,True,True,True,False
396,abv,pattern_violation,0.07%,0.065,0,,,True,True,True,True,False
397,ounces,pattern_violation,16.0 oz.,16,0,,,True,True,True,True,False
398,ounces,pattern_violation,16.0 oz,16,0,,,True,True,True,True,False
399,ounces,pattern_violation,16.0 ounce,16,0,,,True,True,True,True,False
400,ounces,pattern_violation,16.0 oz.,16,0,,,True,True,True,True,False
401,ounces,pattern_violation,16.0 OZ.,16,0,,,True,True,True,True,False
402,ounces,pattern_violation,16.0 ounce,16,0,,,True,True,True,True,False
402,abv,pattern_violation,0.07%,0.066,0,,,True,True,True,True,False
403,ounces,pattern_violation,16.0 oz.,16,0,,,True,True,True,True,False
403,abv,pattern_violation,0.04%,0.041,0,,,True,True,True,True,False
404,ounces,pattern_violation,16.0 oz.,16,0,,,True,True,True,True,False
404,abv,pattern_violation,0.08%,0.082,0,,,True,True,True,True,False
405,ounces,pattern_violation,16.0 oz.,16,0,,,True,True,True,True,False
406,ounces,pattern_violation,16.0 oz. Silo Can,16,0,,,True,True,True,True,False
406,abv,pattern_violation,0.06%,0.062,0,,,True,True,True,True,False
407,ounces,pattern_violation,16.0 oz.,16,0,,,True,True,True,True,False
408,ounces,pattern_violation,16.0 oz,16,0,,,True,True,True,True,False
409,ounces,pattern_violation,16.0 ounce,16,0,,,True,True,True,True,False
410,ounces,pattern_violation,16.0 oz.,16,0,,,True,True,True,True,False
411,ounces,pattern_violation,16.0 oz,16,0,,,True,True,True,True,False
411,abv,pattern_violation,0.06%,0.056,0,,,True,True,True,True,False
412,ounces,pattern_violation,16.0 oz,16,0,,,True,True,True,True,False
413,ounces,pattern_violation,16.0 oz.,16,0,,,True,True,True,True,False
414,ounces,pattern_violation,16.0 oz.,16,0,,,True,True,True,True,False
415,ounces,pattern_violation,16.0 oz.,16,0,,,True,True,True,True,False
416,ounces,pattern_violation,16.0 oz.,16,0,,,True,True,True,True,False
417,ounces,pattern_violation,16.0 oz.,16,0,,,True,True,True,True,False
418,ounces,pattern_violation,16.0 ounce,16,0,,,True,True,True,True,False
419,ounces,pattern_violation,16.0 oz.,16,0,,,True,True,True,True,False
419,abv,pattern_violation,0.07%,0.07,0,,,True,True,True,True,False
420,ounces,pattern_violation,16.0 oz.,16,0,,,True,True,True,True,False
420,abv,pattern_violation,0.07%,0.067,0,,,True,True,True,True,False
421,ounces,pattern_violation,16.0 oz,16,0,,,True,True,True,True,False
422,ounces,pattern_violation,16.0 oz,16,0,,,True,True,True,True,False
423,ounces,pattern_violation,16.0 ounce,16,0,,,True,True,True,True,False
424,ounces,pattern_violation,16.0 oz,16,0,,,True,True,True,True,False
425,ounces,pattern_violation,16.0 oz.,16,0,,,True,True,True,True,False
425,abv,pattern_violation,0.05%,0.045,0,,,True,True,True,True,False
426,ounces,pattern_violation,16.0 oz,16,0,,,True,True,True,True,False
427,ounces,pattern_violation,16.0 oz. Alumi-Tek,16,0,,,True,True,True,True,False
428,ounces,pattern_violation,16.0 ounce,16,0,,,True,True,True,True,False
429,ounces,pattern_violation,16.0 oz.,16,0,,,True,True,True,True,False
429,abv,pattern_violation,0.06%,0.056,0,,,True,True,True,True,False
430,ounces,pattern_violation,16.0 oz,16,0,,,True,True,True,True,False
431,ounces,pattern_violation,16.0 ounce,16,0,,,True,True,True,True,False
432,ounces,pattern_violation,16.0 ounce,16,0,,,True,True,True,True,False
432,abv,pattern_violation,0.05%,0.05,0,,,True,True,True,True,False
433,ounces,pattern_violation,16.0 oz,16,0,,,True,True,True,True,False
433,abv,pattern_violation,0.09%,0.09,0,,,True,True,True,True,False
434,ounces,pattern_violation,16.0 oz.,16,0,,,True,True,True,True,False
435,ounces,pattern_violation,16.0 ounce,16,0,,,True,True,True,True,False
436,ounces,pattern_violation,16.0 oz.,16,0,,,True,True,True,True,False
436,abv,pattern_violation,0.06%,0.06,0,,,True,True,True,True,False
437,ounces,pattern_violation,16.0 OZ.,16,0,,,True,True,True,True,False
437,abv,pattern_violation,0.10%,0.099,0,,,True,True,True,True,False
438,ounces,pattern_violation,16.0 oz,16,0,,,True,True,True,True,False
439,ounces,pattern_violation,16.0 oz.,16,0,,,True,True,True,True,False
439,abv,pattern_violation,0.09%,0.092,0,,,True,True,True,True,False
440,ounces,pattern_violation,16.0 oz,16,0,,,True,True,True,True,False
441,ounces,pattern_violation,16.0 ounce,16,0,,,True,True,True,True,False
442,ounces,pattern_violation,16.0 oz.,16,0,,,True,True,True,True,False
443,ounces,pattern_violation,16.0 oz.,16,0,,,True,True,True,True,False
444,ounces,pattern_violation,16.0 oz,16,0,,,True,True,True,True,False
445,ounces,pattern_violation,16.0 oz,16,0,,,True,True,True,True,False
446,ounces,pattern_violation,16.0 oz. Alumi-Tek,16,0,,,True,True,True,True,False
447,ounces,pattern_violation,16.0 oz.,16,0,,,True,True,True,True,False
447,abv,pattern_violation,0.06%,0.055,0,,,True,True,True,True,False
448,ounces,pattern_violation,16.0 oz.,16,0,,,True,True,True,True,False
448,abv,pattern_violation,0.06%,0.06,0,,,True,True,True,True,False
449,ounces,pattern_violation,16.0 oz,16,0,,,True,True,True,True,False
450,ounces,pattern_violation,12.0 oz.,12,0,,,True,True,True,True,False
451,ounces,pattern_violation,12.0 oz.,12,0,,,True,True,True,True,False
452,ounces,pattern_violation,16.0 oz,16,0,,,True,True,True,True,False
453,ounces,pattern_violation,12.0 oz.,12,0,,,True,True,True,True,False
454,ounces,pattern_violation,12.0 oz. Alumi-Tek,12,0,,,True,True,True,True,False
455,ounces,pattern_violation,12.0 oz.,12,0,,,True,True,True,True,False
455,abv,pattern_violation,0.05%,0.048,0,,,True,True,True,True,False
456,ounces,pattern_violation,12.0 oz.,12,0,,,True,True,True,True,False
457,ounces,pattern_violation,16.0 oz,16,0,,,True,True,True,True,False
457,abv,pattern_violation,0.07%,0.068,0,,,True,True,True,True,False
458,ounces,pattern_violation,12.0 ounce,12,0,,,True,True,True,True,False
459,ounces,pattern_violation,12.0 oz.,12,0,,,True,True,True,True,False
460,ounces,pattern_violation,12.0 OZ.,12,0,,,True,True,True,True,False
461,ounces,pattern_violation,16.0 oz.,16,0,,,True,True,True,True,False
462,ounces,pattern_violation,12.0 oz. Alumi-Tek,12,0,,,True,True,True,True,False
462,abv,pattern_violation,0.05%,0.052,0,,,True,True,True,True,False
463,ounces,pattern_violation,16.0 oz,16,0,,,True,True,True,True,False
463,abv,pattern_violation,0.08%,0.08,0,,,True,True,True,True,False
464,ounces,pattern_violation,16.0 oz. Alumi-Tek,16,0,,,True,True,True,True,False
465,ounces,pattern_violation,16.0 oz.,16,0,,,True,True,True,True,False
466,ounces,pattern_violation,16.0 oz,16,0,,,True,True,True,True,False
467,ounces,pattern_violation,16.0 oz,16,0,,,True,True,True,True,False
467,abv,pattern_violation,0.06%,0.062,0,,,True,True,True,True,False
468,ounces,pattern_violation,16.0 oz.,16,0,,,True,True,True,True,False
468,abv,pattern_violation,0.06%,0.058,0,,,True,True,True,True,False
469,ounces,pattern_violation,16.0 oz.,16,0,,,True,True,True,True,False
470,ounces,pattern_violation,16.0 ounce,16,0,,,True,True,True,True,False
470,abv,pattern_violation,0.05%,0.053,0,,,True,True,True,True,False
471,ounces,pattern_violation,12.0 oz.,12,0,,,True,True,True,True,False
471,abv,pattern_violation,0.05%,0.045,0,,,True,True,True,True,False
472,ounces,pattern_violation,12.0 oz.,12,0,,,True,True,True,True,False
473,ounces,pattern_violation,12.0 oz,12,0,,,True,True,True,True,False
474,ounces,pattern_violation,16.0 ounce,16,0,,,True,True,True,True,False
475,ounces,pattern_violation,16.0 OZ.,16,0,,,True,True,True,True,False
475,abv,pattern_violation,0.07%,0.065,0,,,True,True,True,True,False
476,ounces,pattern_violation,16.0 oz,16,0,,,True,True,True,True,False
477,ounces,pattern_violation,24.0 oz.,24,0,,,True,True,True,True,False
478,ounces,pattern_violation,12.0 oz,12,0,,,True,True,True,True,False
479,ounces,pattern_violation,12.0 ounce,12,0,,,True,True,True,True,False
480,ounces,pattern_violation,12.0 oz.,12,0,,,True,True,True,True,False
481,ounces,pattern_violation,16.0 oz.,16,0,,,True,True,True,True,False
482,ounces,pattern_violation,16.0 ounce,16,0,,,True,True,True,True,False
482,abv,pattern_violation,0.07%,0.068,0,,,True,True,True,True,False
483,ounces,pattern_violation,16.0 oz,16,0,,,True,True,True,True,False
484,ounces,pattern_violation,16.0 oz,16,0,,,True,True,True,True,False
485,ounces,pattern_violation,16.0 oz,16,0,,,True,True,True,True,False
486,ounces,pattern_violation,12.0 oz,12,0,,,True,True,True,True,False
487,ounces,pattern_violation,12.0 ounce,12,0,,,True,True,True,True,False
488,ounces,pattern_violation,12.0 ounce,12,0,,,True,True,True,True,False
488,abv,pattern_violation,0.05%,0.049,0,,,True,True,True,True,False
489,ounces,pattern_violation,12.0 oz.,12,0,,,True,True,True,True,False
490,ounces,pattern_violation,12.0 oz,12,0,,,True,True,True,True,False
491,ounces,pattern_violation,12.0 ounce,12,0,,,True,True,True,True,False
491,abv,pattern_violation,0.04%,0.043,0,,,True,True,True,True,False
492,ounces,pattern_violation,12.0 ounce,12,0,,,True,True,True,True,False
493,ounces,pattern_violation,12.0 oz. Alumi-Tek,12,0,,,True,True,True,True,False
494,ounces,pattern_violation,12.0 oz.,12,0,,,True,True,True,True,False
495,ounces,pattern_violation,16.0 oz.,16,0,,,True,True,True,True,False
496,ounces,pattern_violation,16.0 oz.,16,0,,,True,True,True,True,False
497,ounces,pattern_violation,16.0 oz.,16,0,,,True,True,True,True,False
498,ounces,pattern_violation,16.0 ounce,16,0,,,True,True,True,True,False
499,ounces,pattern_violation,16.0 oz,16,0,,,True,True,True,True,False
500,ounces,pattern_violation,16.0 oz.,16,0,,,True,True,True,True,False
501,ounces,pattern_violation,16.0 oz,16,0,,,True,True,True,True,False
501,abv,pattern_violation,0.07%,0.068,0,,,True,True,True,True,False
502,ounces,pattern_violation,16.0 OZ.,16,0,,,True,True,True,True,False
503,ounces,pattern_violation,16.0 ounce,16,0,,,True,True,True,True,False
504,ounces,pattern_violation,12.0 ounce,12,0,,,True,True,True,True,False
504,abv,pattern_violation,0.07%,0.068,0,,,True,True,True,True,False
505,ounces,pattern_violation,12.0 ounce,12,0,,,True,True,True,True,False
506,ounces,pattern_violation,12.0 oz.,12,0,,,True,True,True,True,False
506,abv,pattern_violation,0.06%,0.056,0,,,True,True,True,True,False
507,ounces,pattern_violation,12.0 oz,12,0,,,True,True,True,True,False
508,ounces,pattern_violation,12.0 ounce,12,0,,,True,True,True,True,False
509,ounces,pattern_violation,12.0 oz,12,0,,,True,True,True,True,False
510,ounces,pattern_violation,12.0 OZ.,12,0,,,True,True,True,True,False
510,abv,pattern_violation,0.06%,0.061,0,,,True,True,True,True,False
511,ounces,pattern_violation,12.0 oz,12,0,,,True,True,True,True,False
511,abv,pattern_violation,0.06%,0.056,0,,,True,True,True,True,False
512,ounces,pattern_violation,12.0 ounce,12,0,,,True,True,True,True,False
513,ounces,pattern_violation,12.0 oz.,12,0,,,True,True,True,True,False
514,ounces,pattern_violation,12.0 ounce,12,0,,,True,True,True,True,False
515,ounces,pattern_violation,12.0 oz.,12,0,,,True,True,True,True,False
516,ounces,pattern_violation,12.0 oz. Alumi-Tek,12,0,,,True,True,True,True,False
517,ounces,pattern_violation,12.0 oz,12,0,,,True,True,True,True,False
518,ounces,pattern_violation,12.0 oz.,12,0,,,True,True,True,True,False
519,ounces,pattern_violation,12.0 oz.,12,0,,,True,True,True,True,False
519,abv,pattern_violation,0.07%,0.065,0,,,True,True,True,True,False
520,ounces,pattern_violation,12.0 oz,12,0,,,True,True,True,True,False
521,ounces,pattern_violation,12.0 ounce,12,0,,,True,True,True,True,False
522,ounces,pattern_violation,12.0 oz. Alumi-Tek,12,0,,,True,True,True,True,False
523,ounces,pattern_violation,12.0 oz.,12,0,,,True,True,True,True,False
524,ounces,pattern_violation,16.0 oz.,16,0,,,True,True,True,True,False
525,ounces,pattern_violation,16.0 oz.,16,0,,,True,True,True,True,False
526,ounces,pattern_violation,12.0 oz,12,0,,,True,True,True,True,False
526,abv,pattern_violation,0.06%,0.055,0,,,True,True,True,True,False
527,ounces,pattern_violation,12.0 oz.,12,0,,,True,True,True,True,False
528,ounces,pattern_violation,12.0 ounce,12,0,,,True,True,True,True,False
528,abv,pattern_violation,0.06%,0.055,0,,,True,True,True,True,False
529,ounces,pattern_violation,16.0 oz.,16,0,,,True,True,True,True,False
530,abv,pattern_violation,0.05%,0.049,0,,,True,True,True,True,False
531,ounces,pattern_violation,12.0 oz,12,0,,,True,True,True,True,False
532,ounces,pattern_violation,12.0 ounce,12,0,,,True,True,True,True,False
533,ounces,pattern_violation,12.0 oz.,12,0,,,True,True,True,True,False
533,abv,pattern_violation,0.05%,0.046,0,,,True,True,True,True,False
534,ounces,pattern_violation,12.0 ounce,12,0,,,True,True,True,True,False
535,ounces,pattern_violation,16.0 OZ.,16,0,,,True,True,True,True,False
536,ounces,pattern_violation,12.0 oz.,12,0,,,True,True,True,True,False
537,ounces,pattern_violation,12.0 ounce,12,0,,,True,True,True,True,False
537,abv,pattern_violation,0.05%,0.052,0,,,True,True,True,True,False
538,ounces,pattern_violation,12.0 oz.,12,0,,,True,True,True,True,False
538,abv,pattern_violation,0.04%,0.042,0,,,True,True,True,True,False
539,ounces,pattern_violation,12.0 ounce,12,0,,,True,True,True,True,False
540,ounces,pattern_violation,12.0 ounce,12,0,,,True,True,True,True,False
541,ounces,pattern_violation,12.0 ounce,12,0,,,True,True,True,True,False
542,ounces,pattern_violation,12.0 ounce,12,0,,,True,True,True,True,False
543,ounces,pattern_violation,12.0 ounce,12,0,,,True,True,True,True,False
543,abv,pattern_violation,0.05%,0.05,0,,,True,True,True,True,False
544,ounces,pattern_violation,12.0 oz,12,0,,,True,True,True,True,False
545,ounces,pattern_violation,16.0 oz,16,0,,,True,True,True,True,False
546,ounces,pattern_violation,12.0 oz.,12,0,,,True,True,True,True,False
546,abv,pattern_violation,0.06%,0.057,0,,,True,True,True,True,False
547,ounces,pattern_violation,12.0 oz.,12,0,,,True,True,True,True,False
548,ounces,pattern_violation,16.0 oz.,16,0,,,True,True,True,True,False
549,ounces,pattern_violation,16.0 ounce,16,0,,,True,True,True,True,False
550,ounces,pattern_violation,16.0 oz,16,0,,,True,True,True,True,False
551,ounces,pattern_violation,12.0 oz.,12,0,,,True,True,True,True,False
552,ounces,pattern_violation,16.0 oz.,16,0,,,True,True,True,True,False
553,ounces,pattern_violation,16.0 oz,16,0,,,True,True,True,True,False
554,ounces,pattern_violation,12.0 oz,12,0,,,True,True,True,True,False
555,ounces,pattern_violation,12.0 ounce,12,0,,,True,True,True,True,False
556,ounces,pattern_violation,12.0 oz.,12,0,,,True,True,True,True,False
557,ounces,pattern_violation,12.0 oz. Alumi-Tek,12,0,,,True,True,True,True,False
558,ounces,pattern_violation,12.0 OZ.,12,0,,,True,True,True,True,False
559,ounces,pattern_violation,12.0 oz.,12,0,,,True,True,True,True,False
560,ounces,pattern_violation,12.0 oz.,12,0,,,True,True,True,True,False
561,ounces,pattern_violation,16.0 ounce,16,0,,,True,True,True,True,False
562,ounces,pattern_violation,16.0 OZ.,16,0,,,True,True,True,True,False
563,ounces,pattern_violation,12.0 oz,12,0,,,True,True,True,True,False
563,abv,pattern_violation,0.06%,0.058,0,,,True,True,True,True,False
564,ounces,pattern_violation,12.0 oz,12,0,,,True,True,True,True,False
565,ounces,pattern_violation,16.0 oz.,16,0,,,True,True,True,True,False
566,ounces,pattern_violation,16.0 oz.,16,0,,,True,True,True,True,False
567,ounces,pattern_violation,16.0 oz,16,0,,,True,True,True,True,False
567,abv,pattern_violation,0.07%,0.068,0,,,True,True,True,True,False
568,ounces,pattern_violation,16.0 oz.,16,0,,,True,True,True,True,False
568,abv,pattern_violation,0.05%,0.051,0,,,True,True,True,True,False
569,ounces,pattern_violation,16.0 oz,16,0,,,True,True,True,True,False
569,abv,pattern_violation,0.05%,0.051,0,,,True,True,True,True,False
570,ounces,pattern_violation,16.0 oz.,16,0,,,True,True,True,True,False
571,ounces,pattern_violation,12.0 ounce,12,0,,,True,True,True,True,False
571,abv,pattern_violation,0.05%,0.05,0,,,True,True,True,True,False
572,ounces,pattern_violation,12.0 oz,12,0,,,True,True,True,True,False
573,ounces,pattern_violation,12.0 ounce,12,0,,,True,True,True,True,False
574,ounces,pattern_violation,12.0 oz. Alumi-Tek,12,0,,,True,True,True,True,False
575,ounces,pattern_violation,12.0 ounce,12,0,,,True,True,True,True,False
576,ounces,pattern_violation,12.0 OZ.,12,0,,,True,True,True,True,False
577,ounces,pattern_violation,16.0 oz,16,0,,,True,True,True,True,False
578,ounces,pattern_violation,16.0 oz.,16,0,,,True,True,True,True,False
579,ounces,pattern_violation,16.0 oz.,16,0,,,True,True,True,True,False
580,ounces,pattern_violation,16.0 oz,16,0,,,True,True,True,True,False
581,ounces,pattern_violation,24.0 oz,24,0,,,True,True,True,True,False
582,ounces,pattern_violation,12.0 OZ.,12,0,,,True,True,True,True,False
583,ounces,pattern_violation,12.0 oz,12,0,,,True,True,True,True,False
584,ounces,pattern_violation,12.0 oz,12,0,,,True,True,True,True,False
584,abv,pattern_violation,0.07%,0.07,0,,,True,True,True,True,False
585,ounces,pattern_violation,16.0 oz. Alumi-Tek,16,0,,,True,True,True,True,False
586,ounces,pattern_violation,16.0 oz. Alumi-Tek,16,0,,,True,True,True,True,False
587,ounces,pattern_violation,16.0 oz.,16,0,,,True,True,True,True,False
588,ounces,pattern_violation,16.0 oz.,16,0,,,True,True,True,True,False
588,abv,pattern_violation,0.05%,0.045,0,,,True,True,True,True,False
589,ounces,pattern_violation,16.0 ounce,16,0,,,True,True,True,True,False
589,abv,pattern_violation,0.08%,0.08,0,,,True,True,True,True,False
591,ounces,pattern_violation,16.0 oz,16,0,,,True,True,True,True,False
591,abv,pattern_violation,0.06%,0.057,0,,,True,True,True,True,False
592,ounces,pattern_violation,16.0 oz.,16,0,,,True,True,True,True,False
592,abv,pattern_violation,0.06%,0.057,0,,,True,True,True,True,False
593,ounces,pattern_violation,16.0 ounce,16,0,,,True,True,True,True,False
594,ounces,pattern_violation,12.0 oz.,12,0,,,True,True,True,True,False
595,ounces,pattern_violation,12.0 oz,12,0,,,True,True,True,True,False
596,ounces,pattern_violation,12.0 oz.,12,0,,,True,True,True,True,False
597,ounces,pattern_violation,12.0 ounce,12,0,,,True,True,True,True,False
597,abv,pattern_violation,0.05%,0.05,0,,,True,True,True,True,False
598,ounces,pattern_violation,12.0 oz.,12,0,,,True,True,True,True,False
599,ounces,pattern_violation,12.0 oz,12,0,,,True,True,True,True,False
600,ounces,pattern_violation,12.0 oz.,12,0,,,True,True,True,True,False
601,ounces,pattern_violation,12.0 oz,12,0,,,True,True,True,True,False
603,ounces,pattern_violation,12.0 oz.,12,0,,,True,True,True,True,False
604,ounces,pattern_violation,12.0 oz. Alumi-Tek,12,0,,,True,True,True,True,False
605,ounces,pattern_violation,12.0 oz. Silo Can,12,0,,,True,True,True,True,False
606,ounces,pattern_violation,12.0 ounce,12,0,,,True,True,True,True,False
607,ounces,pattern_violation,12.0 oz. Alumi-Tek,12,0,,,True,True,True,True,False
608,ounces,pattern_violation,12.0 oz.,12,0,,,True,True,True,True,False
608,abv,pattern_violation,0.07%,0.07,0,,,True,True,True,True,False
609,ounces,pattern_violation,12.0 ounce,12,0,,,True,True,True,True,False
610,ounces,pattern_violation,12.0 oz.,12,0,,,True,True,True,True,False
611,ounces,pattern_violation,12.0 oz.,12,0,,,True,True,True,True,False
612,ounces,pattern_violation,16.0 oz,16,0,,,True,True,True,True,False
613,ounces,pattern_violation,12.0 oz,12,0,,,True,True,True,True,False
614,ounces,pattern_violation,12.0 ounce,12,0,,,True,True,True,True,False
615,ounces,pattern_violation,12.0 oz,12,0,,,True,True,True,True,False
616,ounces,pattern_violation,12.0 oz,12,0,,,True,True,True,True,False
616,abv,pattern_violation,0.05%,0.05,0,,,True,True,True,True,False
617,ounces,pattern_violation,12.0 ounce,12,0,,,True,True,True,True,False
618,ounces,pattern_violation,12.0 oz,12,0,,,True,True,True,True,False
618,abv,pattern_violation,0.06%,0.055,0,,,True,True,True,True,False
619,ounces,pattern_violation,12.0 oz.,12,0,,,True,True,True,True,False
619,abv,pattern_violation,0.05%,0.05,0,,,True,True,True,True,False
620,ounces,pattern_violation,12.0 oz,12,0,,,True,True,True,True,False
620,abv,pattern_violation,0.07%,0.072,0,,,True,True,True,True,False
621,ounces,pattern_violation,12.0 oz,12,0,,,True,True,True,True,False
622,ounces,pattern_violation,12.0 oz. Alumi-Tek,12,0,,,True,True,True,True,False
622,abv,pattern_violation,0.05%,0.05,0,,,True,True,True,True,False
623,ounces,pattern_violation,12.0 oz.,12,0,,,True,True,True,True,False
624,ounces,pattern_violation,12.0 oz,12,0,,,True,True,True,True,False
625,ounces,pattern_violation,12.0 oz.,12,0,,,True,True,True,True,False
626,ounces,pattern_violation,12.0 oz.,12,0,,,True,True,True,True,False
626,abv,pattern_violation,0.06%,0.062,0,,,True,True,True,True,False
627,ounces,pattern_violation,12.0 oz,12,0,,,True,True,True,True,False
628,ounces,pattern_violation,12.0 oz.,12,0,,,True,True,True,True,False
628,abv,pattern_violation,0.04%,0.038,0,,,True,True,True,True,False
629,ounces,pattern_violation,12.0 oz.,12,0,,,True,True,True,True,False
629,abv,pattern_violation,0.06%,0.056,0,,,True,True,True,True,False
630,ounces,pattern_violation,16.0 oz.,16,0,,,True,True,True,True,False
631,ounces,pattern_violation,12.0 oz,12,0,,,True,True,True,True,False
631,abv,pattern_violation,0.06%,0.06,0,,,True,True,True,True,False
632,ounces,pattern_violation,16.0 oz,16,0,,,True,True,True,True,False
633,ounces,pattern_violation,12.0 oz,12,0,,,True,True,True,True,False
634,ounces,pattern_violation,12.0 ounce,12,0,,,True,True,True,True,False
635,ounces,pattern_violation,12.0 ounce,12,0,,,True,True,True,True,False
636,ounces,pattern_violation,12.0 ounce,12,0,,,True,True,True,True,False
637,ounces,pattern_violation,12.0 oz.,12,0,,,True,True,True,True,False
638,ounces,pattern_violation,12.0 oz,12,0,,,True,True,True,True,False
639,ounces,pattern_violation,16.0 OZ.,16,0,,,True,True,True,True,False
640,ounces,pattern_violation,16.0 ounce,16,0,,,True,True,True,True,False
641,ounces,pattern_violation,16.0 ounce,16,0,,,True,True,True,True,False
642,ounces,pattern_violation,16.0 oz.,16,0,,,True,True,True,True,False
643,ounces,pattern_violation,12.0 oz.,12,0,,,True,True,True,True,False
644,ounces,pattern_violation,12.0 oz,12,0,,,True,True,True,True,False
645,ounces,pattern_violation,12.0 ounce,12,0,,,True,True,True,True,False
646,ounces,pattern_violation,12.0 oz.,12,0,,,True,True,True,True,False
647,ounces,pattern_violation,12.0 oz,12,0,,,True,True,True,True,False
648,ounces,pattern_violation,12.0 ounce,12,0,,,True,True,True,True,False
648,abv,pattern_violation,0.05%,0.05,0,,,True,True,True,True,False
649,ounces,pattern_violation,16.0 oz.,16,0,,,True,True,True,True,False
649,abv,pattern_violation,0.05%,0.048,0,,,True,True,True,True,False
650,ounces,pattern_violation,16.0 oz,16,0,,,True,True,True,True,False
650,abv,pattern_violation,0.08%,0.075,0,,,True,True,True,True,False
651,ounces,pattern_violation,16.0 oz.,16,0,,,True,True,True,True,False
652,ounces,pattern_violation,12.0 OZ.,12,0,,,True,True,True,True,False
653,ounces,pattern_violation,12.0 oz,12,0,,,True,True,True,True,False
653,abv,pattern_violation,0.08%,0.075,0,,,True,True,True,True,False
654,ounces,pattern_violation,12.0 oz. Alumi-Tek,12,0,,,True,True,True,True,False
655,ounces,pattern_violation,12.0 oz.,12,0,,,True,True,True,True,False
656,ounces,pattern_violation,12.0 ounce,12,0,,,True,True,True,True,False
657,ounces,pattern_violation,12.0 oz.,12,0,,,True,True,True,True,False
658,ounces,pattern_violation,12.0 ounce,12,0,,,True,True,True,True,False
659,ounces,pattern_violation,12.0 ounce,12,0,,,True,True,True,True,False
660,ounces,pattern_violation,12.0 oz.,12,0,,,True,True,True,True,False
661,ounces,pattern_violation,12.0 ounce,12,0,,,True,True,True,True,False
661,abv,pattern_violation,0.05%,0.045,0,,,True,True,True,True,False
662,ounces,pattern_violation,12.0 oz.,12,0,,,True,True,True,True,False
662,abv,pattern_violation,0.05%,0.049,0,,,True,True,True,True,False
663,ounces,pattern_violation,12.0 oz.,12,0,,,True,True,True,True,False
663,abv,pattern_violation,0.06%,0.055,0,,,True,True,True,True,False
664,ounces,pattern_violation,12.0 oz,12,0,,,True,True,True,True,False
665,ounces,pattern_violation,12.0 OZ.,12,0,,,True,True,True,True,False
666,ounces,pattern_violation,12.0 oz,12,0,,,True,True,True,True,False
667,ounces,pattern_violation,12.0 oz.,12,0,,,True,True,True,True,False
667,abv,pattern_violation,0.06%,0.055,0,,,True,True,True,True,False
668,ounces,pattern_violation,12.0 oz,12,0,,,True,True,True,True,False
669,ounces,pattern_violation,12.0 ounce,12,0,,,True,True,True,True,False
669,abv,pattern_violation,0.06%,0.055,0,,,True,True,True,True,False
670,ounces,pattern_violation,12.0 oz,12,0,,,True,True,True,True,False
671,ounces,pattern_violation,12.0 oz.,12,0,,,True,True,True,True,False
672,ounces,pattern_violation,16.0 oz.,16,0,,,True,True,True,True,False
672,abv,pattern_violation,0.06%,0.06,0,,,True,True,True,True,False
673,ounces,pattern_violation,16.0 oz,16,0,,,True,True,True,True,False
674,ounces,pattern_violation,16.0 oz,16,0,,,True,True,True,True,False
674,abv,pattern_violation,0.05%,0.049,0,,,True,True,True,True,False
675,ounces,pattern_violation,16.0 oz.,16,0,,,True,True,True,True,False
676,ounces,pattern_violation,16.0 oz,16,0,,,True,True,True,True,False
677,ounces,pattern_violation,16.0 oz.,16,0,,,True,True,True,True,False
678,ounces,pattern_violation,12.0 oz,12,0,,,True,True,True,True,False
678,abv,pattern_violation,0.05%,0.045,0,,,True,True,True,True,False
679,ounces,pattern_violation,12.0 oz. Alumi-Tek,12,0,,,True,True,True,True,False
679,abv,pattern_violation,0.06%,0.06,0,,,True,True,True,True,False
680,ounces,pattern_violation,12.0 oz,12,0,,,True,True,True,True,False
681,ounces,pattern_violation,12.0 oz,12,0,,,True,True,True,True,False
681,abv,pattern_violation,0.05%,0.05,0,,,True,True,True,True,False
682,ounces,pattern_violation,12.0 oz,12,0,,,True,True,True,True,False
683,ounces,pattern_violation,12.0 oz.,12,0,,,True,True,True,True,False
684,ounces,pattern_violation,12.0 oz.,12,0,,,True,True,True,True,False
685,ounces,pattern_violation,12.0 oz.,12,0,,,True,True,True,True,False
685,abv,pattern_violation,0.07%,0.065,0,,,True,True,True,True,False
686,ounces,pattern_violation,12.0 ounce,12,0,,,True,True,True,True,False
687,ounces,pattern_violation,12.0 oz,12,0,,,True,True,True,True,False
688,ounces,pattern_violation,16.0 oz.,16,0,,,True,True,True,True,False
688,abv,pattern_violation,0.07%,0.065,0,,,True,True,True,True,False
689,ounces,pattern_violation,16.0 ounce,16,0,,,True,True,True,True,False
689,abv,pattern_violation,0.07%,0.065,0,,,True,True,True,True,False
690,ounces,pattern_violation,16.0 ounce,16,0,,,True,True,True,True,False
690,abv,pattern_violation,0.07%,0.072,0,,,True,True,True,True,False
691,ounces,pattern_violation,12.0 oz.,12,0,,,True,True,True,True,False
692,ounces,pattern_violation,12.0 oz,12,0,,,True,True,True,True,False
693,ounces,pattern_violation,12.0 oz,12,0,,,True,True,True,True,False
694,ounces,pattern_violation,12.0 ounce,12,0,,,True,True,True,True,False
694,abv,pattern_violation,0.06%,0.063,0,,,True,True,True,True,False
695,ounces,pattern_violation,12.0 ounce,12,0,,,True,True,True,True,False
695,abv,pattern_violation,0.06%,0.06,0,,,True,True,True,True,False
696,ounces,pattern_violation,12.0 oz.,12,0,,,True,True,True,True,False
696,abv,pattern_violation,0.08%,0.075,0,,,True,True,True,True,False
697,ounces,pattern_violation,12.0 oz,12,0,,,True,True,True,True,False
698,ounces,pattern_violation,12.0 oz,12,0,,,True,True,True,True,False
698,abv,pattern_violation,0.06%,0.06,0,,,True,True,True,True,False
699,ounces,pattern_violation,12.0 oz.,12,0,,,True,True,True,True,False
700,ounces,pattern_violation,16.0 oz,16,0,,,True,True,True,True,False
701,ounces,pattern_violation,12.0 oz.,12,0,,,True,True,True,True,False
702,ounces,pattern_violation,12.0 oz.,12,0,,,True,True,True,True,False
702,abv,pattern_violation,0.05%,0.052,0,,,True,True,True,True,False
703,ounces,pattern_violation,12.0 oz,12,0,,,True,True,True,True,False
704,ounces,pattern_violation,12.0 oz,12,0,,,True,True,True,True,False
705,ounces,pattern_violation,12.0 oz,12,0,,,True,True,True,True,False
706,ounces,pattern_violation,12.0 ounce,12,0,,,True,True,True,True,False
707,ounces,pattern_violation,12.0 oz.,12,0,,,True,True,True,True,False
708,ounces,pattern_violation,12.0 oz,12,0,,,True,True,True,True,False
709,ounces,pattern_violation,12.0 oz,12,0,,,True,True,True,True,False
710,ounces,pattern_violation,12.0 oz,12,0,,,True,True,True,True,False
711,ounces,pattern_violation,12.0 oz.,12,0,,,True,True,True,True,False
711,abv,pattern_violation,0.05%,0.05,0,,,True,True,True,True,False
712,ounces,pattern_violation,12.0 oz.,12,0,,,True,True,True,True,False
712,abv,pattern_violation,0.05%,0.05,0,,,True,True,True,True,False
713,ounces,pattern_violation,12.0 oz,12,0,,,True,True,True,True,False
713,abv,pattern_violation,0.05%,0.052,0,,,True,True,True,True,False
714,ounces,pattern_violation,12.0 OZ.,12,0,,,True,True,True,True,False
714,abv,pattern_violation,0.05%,0.049,0,,,True,True,True,True,False
715,ounces,pattern_violation,12.0 ounce,12,0,,,True,True,True,True,False
715,abv,pattern_violation,0.06%,0.063,0,,,True,True,True,True,False
716,ounces,pattern_violation,12.0 OZ.,12,0,,,True,True,True,True,False
717,ounces,pattern_violation,12.0 oz.,12,0,,,True,True,True,True,False
717,abv,pattern_violation,0.05%,0.05,0,,,True,True,True,True,False
718,ounces,pattern_violation,12.0 oz.,12,0,,,True,True,True,True,False
719,ounces,pattern_violation,12.0 ounce,12,0,,,True,True,True,True,False
719,abv,pattern_violation,0.05%,0.049,0,,,True,True,True,True,False
720,ounces,pattern_violation,12.0 oz.,12,0,,,True,True,True,True,False
720,abv,pattern_violation,0.04%,0.044,0,,,True,True,True,True,False
721,ounces,pattern_violation,12.0 OZ.,12,0,,,True,True,True,True,False
722,ounces,pattern_violation,16.0 oz.,16,0,,,True,True,True,True,False
722,abv,pattern_violation,0.05%,0.054,0,,,True,True,True,True,False
723,ounces,pattern_violation,16.0 OZ.,16,0,,,True,True,True,True,False
724,ounces,pattern_violation,16.0 oz,16,0,,,True,True,True,True,False
725,ounces,pattern_violation,16.0 oz,16,0,,,True,True,True,True,False
726,ounces,pattern_violation,12.0 oz.,12,0,,,True,True,True,True,False
726,abv,pattern_violation,0.05%,0.045,0,,,True,True,True,True,False
727,ounces,pattern_violation,16.0 ounce,16,0,,,True,True,True,True,False
727,abv,pattern_violation,0.07%,0.065,0,,,True,True,True,True,False
728,ounces,pattern_violation,12.0 OZ.,12,0,,,True,True,True,True,False
729,ounces,pattern_violation,16.0 oz. Alumi-Tek,16,0,,,True,True,True,True,False
730,ounces,pattern_violation,16.0 oz.,16,0,,,True,True,True,True,False
731,ounces,pattern_violation,16.0 ounce,16,0,,,True,True,True,True,False
732,ounces,pattern_violation,16.0 oz,16,0,,,True,True,True,True,False
733,ounces,pattern_violation,16.0 ounce,16,0,,,True,True,True,True,False
734,ounces,pattern_violation,16.0 oz,16,0,,,True,True,True,True,False
735,ounces,pattern_violation,12.0 oz,12,0,,,True,True,True,True,False
736,ounces,pattern_violation,12.0 oz,12,0,,,True,True,True,True,False
737,ounces,pattern_violation,12.0 OZ.,12,0,,,True,True,True,True,False
737,abv,pattern_violation,0.07%,0.066,0,,,True,True,True,True,False
738,ounces,pattern_violation,12.0 ounce,12,0,,,True,True,True,True,False
739,ounces,pattern_violation,12.0 oz,12,0,,,True,True,True,True,False
740,ounces,pattern_violation,12.0 ounce,12,0,,,True,True,True,True,False
740,abv,pattern_violation,0.06%,0.058,0,,,True,True,True,True,False
741,ounces,pattern_violation,12.0 ounce,12,0,,,True,True,True,True,False
741,abv,pattern_violation,0.06%,0.061,0,,,True,True,True,True,False
742,ounces,pattern_violation,12.0 oz.,12,0,,,True,True,True,True,False
742,abv,pattern_violation,0.05%,0.045,0,,,True,True,True,True,False
743,ounces,pattern_violation,16.0 ounce,16,0,,,True,True,True,True,False
744,ounces,pattern_violation,16.0 ounce,16,0,,,True,True,True,True,False
745,ounces,pattern_violation,16.0 OZ.,16,0,,,True,True,True,True,False
746,ounces,pattern_violation,16.0 oz.,16,0,,,True,True,True,True,False
747,ounces,pattern_violation,16.0 ounce,16,0,,,True,True,True,True,False
748,ounces,pattern_violation,16.0 ounce,16,0,,,True,True,True,True,False
749,ounces,pattern_violation,16.0 oz,16,0,,,True,True,True,True,False
750,ounces,pattern_violation,16.0 oz.,16,0,,,True,True,True,True,False
750,abv,pattern_violation,0.06%,0.057,0,,,True,True,True,True,False
751,ounces,pattern_violation,16.0 oz. Silo Can,16,0,,,True,True,True,True,False
752,ounces,pattern_violation,12.0 ounce,12,0,,,True,True,True,True,False
753,ounces,pattern_violation,16.0 ounce,16,0,,,True,True,True,True,False
753,abv,pattern_violation,0.05%,0.05,0,,,True,True,True,True,False
754,ounces,pattern_violation,12.0 oz. Alumi-Tek,12,0,,,True,True,True,True,False
755,ounces,pattern_violation,12.0 oz,12,0,,,True,True,True,True,False
756,ounces,pattern_violation,12.0 oz.,12,0,,,True,True,True,True,False
756,abv,pattern_violation,0.05%,0.05,0,,,True,True,True,True,False
757,ounces,pattern_violation,12.0 oz.,12,0,,,True,True,True,True,False
758,ounces,pattern_violation,12.0 ounce,12,0,,,True,True,True,True,False
758,abv,pattern_violation,0.04%,0.043,0,,,True,True,True,True,False
759,ounces,pattern_violation,12.0 oz.,12,0,,,True,True,True,True,False
760,ounces,pattern_violation,16.0 ounce,16,0,,,True,True,True,True,False
760,abv,pattern_violation,0.05%,0.049,0,,,True,True,True,True,False
761,ounces,pattern_violation,16.0 ounce,16,0,,,True,True,True,True,False
761,abv,pattern_violation,0.07%,0.07,0,,,True,True,True,True,False
762,ounces,pattern_violation,16.0 oz.,16,0,,,True,True,True,True,False
763,ounces,pattern_violation,16.0 oz.,16,0,,,True,True,True,True,False
764,ounces,pattern_violation,16.0 oz,16,0,,,True,True,True,True,False
765,ounces,pattern_violation,16.0 oz,16,0,,,True,True,True,True,False
766,ounces,pattern_violation,12.0 oz,12,0,,,True,True,True,True,False
766,abv,pattern_violation,0.04%,0.04,0,,,True,True,True,True,False
767,ounces,pattern_violation,16.0 oz.,16,0,,,True,True,True,True,False
768,ounces,pattern_violation,12.0 oz.,12,0,,,True,True,True,True,False
769,ounces,pattern_violation,12.0 oz,12,0,,,True,True,True,True,False
769,abv,pattern_violation,0.03%,0.027,0,,,True,True,True,True,False
770,ounces,pattern_violation,12.0 oz.,12,0,,,True,True,True,True,False
770,abv,pattern_violation,0.06%,0.055,0,,,True,True,True,True,False
771,ounces,pattern_violation,12.0 oz.,12,0,,,True,True,True,True,False
772,ounces,pattern_violation,12.0 oz.,12,0,,,True,True,True,True,False
773,ounces,pattern_violation,12.0 oz,12,0,,,True,True,True,True,False
774,ounces,pattern_violation,12.0 oz,12,0,,,True,True,True,True,False
774,abv,pattern_violation,0.06%,0.063,0,,,True,True,True,True,False
775,ounces,pattern_violation,16.0 oz.,16,0,,,True,True,True,True,False
776,ounces,pattern_violation,16.0 oz,16,0,,,True,True,True,True,False
777,ounces,pattern_violation,16.0 oz.,16,0,,,True,True,True,True,False
777,abv,pattern_violation,0.05%,0.05,0,,,True,True,True,True,False
778,ounces,pattern_violation,16.0 oz.,16,0,,,True,True,True,True,False
779,ounces,pattern_violation,16.0 oz,16,0,,,True,True,True,True,False
780,ounces,pattern_violation,16.0 ounce,16,0,,,True,True,True,True,False
780,abv,pattern_violation,0.07%,0.07,0,,,True,True,True,True,False
781,ounces,pattern_violation,16.0 ounce,16,0,,,True,True,True,True,False
781,abv,pattern_violation,0.08%,0.075,0,,,True,True,True,True,False
782,ounces,pattern_violation,16.0 oz.,16,0,,,True,True,True,True,False
783,ounces,pattern_violation,16.0 OZ.,16,0,,,True,True,True,True,False
784,ounces,pattern_violation,16.0 OZ.,16,0,,,True,True,True,True,False
785,ounces,pattern_violation,16.0 oz,16,0,,,True,True,True,True,False
786,ounces,pattern_violation,16.0 ounce,16,0,,,True,True,True,True,False
787,ounces,pattern_violation,12.0 oz.,12,0,,,True,True,True,True,False
788,ounces,pattern_violation,16.0 oz.,16,0,,,True,True,True,True,False
788,abv,pattern_violation,0.08%,0.082,0,,,True,True,True,True,False
789,ounces,pattern_violation,16.0 oz.,16,0,,,True,True,True,True,False
790,ounces,pattern_violation,16.0 oz.,16,0,,,True,True,True,True,False
790,abv,pattern_violation,0.06%,0.055,0,,,True,True,True,True,False
791,ounces,pattern_violation,12.0 oz.,12,0,,,True,True,True,True,False
792,ounces,pattern_violation,12.0 oz.,12,0,,,True,True,True,True,False
792,abv,pattern_violation,0.06%,0.055,0,,,True,True,True,True,False
793,ounces,pattern_violation,12.0 oz.,12,0,,,True,True,True,True,False
794,ounces,pattern_violation,16.0 oz.,16,0,,,True,True,True,True,False
794,abv,pattern_violation,0.09%,0.09,0,,,True,True,True,True,False
795,ounces,pattern_violation,16.0 ounce,16,0,,,True,True,True,True,False
796,ounces,pattern_violation,16.0 oz.,16,0,,,True,True,True,True,False
797,ounces,pattern_violation,16.0 ounce,16,0,,,True,True,True,True,False
798,ounces,pattern_violation,16.0 oz.,16,0,,,True,True,True,True,False
798,abv,pattern_violation,0.05%,0.053,0,,,True,True,True,True,False
799,ounces,pattern_violation,16.0 oz. Alumi-Tek,16,0,,,True,True,True,True,False
799,abv,pattern_violation,0.08%,0.08,0,,,True,True,True,True,False
800,ounces,pattern_violation,16.0 ounce,16,0,,,True,True,True,True,False
801,ounces,pattern_violation,16.0 ounce,16,0,,,True,True,True,True,False
802,ounces,pattern_violation,16.0 oz,16,0,,,True,True,True,True,False
803,ounces,pattern_violation,16.0 oz,16,0,,,True,True,True,True,False
803,abv,pattern_violation,0.05%,0.047,0,,,True,True,True,True,False
804,ounces,pattern_violation,12.0 oz,12,0,,,True,True,True,True,False
805,ounces,pattern_violation,12.0 oz.,12,0,,,True,True,True,True,False
806,ounces,pattern_violation,12.0 oz.,12,0,,,True,True,True,True,False
807,ounces,pattern_violation,12.0 oz,12,0,,,True,True,True,True,False
808,ounces,pattern_violation,12.0 oz,12,0,,,True,True,True,True,False
809,ounces,pattern_violation,16.0 oz.,16,0,,,True,True,True,True,False
810,ounces,pattern_violation,16.0 ounce,16,0,,,True,True,True,True,False
811,ounces,pattern_violation,16.0 ounce,16,0,,,True,True,True,True,False
812,ounces,pattern_violation,12.0 ounce,12,0,,,True,True,True,True,False
813,ounces,pattern_violation,16.0 oz,16,0,,,True,True,True,True,False
813,abv,pattern_violation,0.06%,0.055,0,,,True,True,True,True,False
814,ounces,pattern_violation,12.0 ounce,12,0,,,True,True,True,True,False
814,abv,pattern_violation,0.07%,0.071,0,,,True,True,True,True,False
815,ounces,pattern_violation,12.0 oz.,12,0,,,True,True,True,True,False
816,ounces,pattern_violation,12.0 oz.,12,0,,,True,True,True,True,False
817,ounces,pattern_violation,12.0 ounce,12,0,,,True,True,True,True,False
818,ounces,pattern_violation,12.0 oz. Alumi-Tek,12,0,,,True,True,True,True,False
819,ounces,pattern_violation,12.0 oz,12,0,,,True,True,True,True,False
819,abv,pattern_violation,0.06%,0.06,0,,,True,True,True,True,False
820,ounces,pattern_violation,12.0 ounce,12,0,,,True,True,True,True,False
820,abv,pattern_violation,0.07%,0.065,0,,,True,True,True,True,False
821,ounces,pattern_violation,12.0 oz,12,0,,,True,True,True,True,False
822,ounces,pattern_violation,12.0 oz.,12,0,,,True,True,True,True,False
823,ounces,pattern_violation,12.0 oz.,12,0,,,True,True,True,True,False
824,ounces,pattern_violation,12.0 oz.,12,0,,,True,True,True,True,False
824,abv,pattern_violation,0.05%,0.052,0,,,True,True,True,True,False
825,ounces,pattern_violation,12.0 ounce,12,0,,,True,True,True,True,False
825,abv,pattern_violation,0.06%,0.062,0,,,True,True,True,True,False
826,ounces,pattern_violation,16.0 oz.,16,0,,,True,True,True,True,False
827,ounces,pattern_violation,16.0 oz.,16,0,,,True,True,True,True,False
828,ounces,pattern_violation,16.0 oz.,16,0,,,True,True,True,True,False
829,ounces,pattern_violation,16.0 ounce,16,0,,,True,True,True,True,False
830,ounces,pattern_violation,16.0 oz.,16,0,,,True,True,True,True,False
831,ounces,pattern_violation,16.0 oz.,16,0,,,True,True,True,True,False
832,ounces,pattern_violation,16.0 oz,16,0,,,True,True,True,True,False
833,ounces,pattern_violation,16.0 ounce,16,0,,,True,True,True,True,False
834,ounces,pattern_violation,16.0 oz,16,0,,,True,True,True,True,False
835,ounces,pattern_violation,16.0 ounce,16,0,,,True,True,True,True,False
835,abv,pattern_violation,0.07%,0.074,0,,,True,True,True,True,False
836,ounces,pattern_violation,12.0 oz.,12,0,,,True,True,True,True,False
836,city,pattern_violation,Latrobe PA,Latrobe,0,,,True,True,True,True,False
837,ounces,pattern_violation,12.0 oz.,12,0,,,True,True,True,True,False
837,abv,pattern_violation,0.05%,0.047,0,,,True,True,True,True,False
838,ounces,pattern_violation,12.0 ounce,12,0,,,True,True,True,True,False
839,ounces,pattern_violation,12.0 oz,12,0,,,True,True,True,True,False
840,ounces,pattern_violation,12.0 oz,12,0,,,True,True,True,True,False
841,ounces,pattern_violation,12.0 ounce,12,0,,,True,True,True,True,False
842,ounces,pattern_violation,12.0 oz.,12,0,,,True,True,True,True,False
843,ounces,pattern_violation,12.0 oz.,12,0,,,True,True,True,True,False
844,ounces,pattern_violation,12.0 oz,12,0,,,True,True,True,True,False
844,abv,pattern_violation,0.08%,0.076,0,,,True,True,True,True,False
845,ounces,pattern_violation,12.0 ounce,12,0,,,True,True,True,True,False
846,ounces,pattern_violation,12.0 oz,12,0,,,True,True,True,True,False
847,ounces,pattern_violation,16.0 oz,16,0,,,True,True,True,True,False
848,ounces,pattern_violation,16.0 ounce,16,0,,,True,True,True,True,False
849,ounces,pattern_violation,16.0 oz.,16,0,,,True,True,True,True,False
850,ounces,pattern_violation,16.0 oz. Alumi-Tek,16,0,,,True,True,True,True,False
851,ounces,pattern_violation,12.0 oz. Alumi-Tek,12,0,,,True,True,True,True,False
851,abv,pattern_violation,0.04%,0.04,0,,,True,True,True,True,False
852,ounces,pattern_violation,12.0 oz,12,0,,,True,True,True,True,False
853,ounces,pattern_violation,12.0 oz,12,0,,,True,True,True,True,False
854,ounces,pattern_violation,12.0 oz.,12,0,,,True,True,True,True,False
855,ounces,pattern_violation,12.0 oz.,12,0,,,True,True,True,True,False
856,ounces,pattern_violation,12.0 oz,12,0,,,True,True,True,True,False
857,ounces,pattern_violation,12.0 oz.,12,0,,,True,True,True,True,False
858,ounces,pattern_violation,12.0 oz,12,0,,,True,True,True,True,False
859,ounces,pattern_violation,12.0 ounce,12,0,,,True,True,True,True,False
860,ounces,pattern_violation,12.0 oz.,12,0,,,True,True,True,True,False
860,abv,pattern_violation,0.05%,0.05,0,,,True,True,True,True,False
861,ounces,pattern_violation,12.0 oz. Alumi-Tek,12,0,,,True,True,True,True,False
862,ounces,pattern_violation,12.0 ounce,12,0,,,True,True,True,True,False
863,ounces,pattern_violation,12.0 oz.,12,0,,,True,True,True,True,False
863,abv,pattern_violation,0.06%,0.056,0,,,True,True,True,True,False
864,ounces,pattern_violation,12.0 oz. Alumi-Tek,12,0,,,True,True,True,True,False
865,ounces,pattern_violation,12.0 ounce,12,0,,,True,True,True,True,False
866,ounces,pattern_violation,12.0 oz. Alumi-Tek,12,0,,,True,True,True,True,False
867,ounces,pattern_violation,12.0 oz.,12,0,,,True,True,True,True,False
867,abv,pattern_violation,0.07%,0.065,0,,,True,True,True,True,False
868,ounces,pattern_violation,12.0 oz.,12,0,,,True,True,True,True,False
869,ounces,pattern_violation,12.0 oz.,12,0,,,True,True,True,True,False
870,ounces,pattern_violation,12.0 oz.,12,0,,,True,True,True,True,False
871,ounces,pattern_violation,12.0 ounce,12,0,,,True,True,True,True,False
872,ounces,pattern_violation,12.0 oz,12,0,,,True,True,True,True,False
873,ounces,pattern_violation,12.0 ounce,12,0,,,True,True,True,True,False
874,ounces,pattern_violation,12.0 ounce,12,0,,,True,True,True,True,False
875,ounces,pattern_violation,12.0 oz,12,0,,,True,True,True,True,False
876,ounces,pattern_violation,12.0 ounce,12,0,,,True,True,True,True,False
877,ounces,pattern_violation,12.0 oz,12,0,,,True,True,True,True,False
877,abv,pattern_violation,0.07%,0.065,0,,,True,True,True,True,False
878,ounces,pattern_violation,12.0 oz,12,0,,,True,True,True,True,False
879,ounces,pattern_violation,12.0 oz.,12,0,,,True,True,True,True,False
879,abv,pattern_violation,0.06%,0.056,0,,,True,True,True,True,False
880,ounces,pattern_violation,12.0 oz,12,0,,,True,True,True,True,False
880,abv,pattern_violation,0.07%,0.065,0,,,True,True,True,True,False
881,ounces,pattern_violation,12.0 oz.,12,0,,,True,True,True,True,False
881,abv,pattern_violation,0.05%,0.053,0,,,True,True,True,True,False
882,ounces,pattern_violation,12.0 oz,12,0,,,True,True,True,True,False
882,abv,pattern_violation,0.07%,0.07,0,,,True,True,True,True,False
883,ounces,pattern_violation,12.0 oz.,12,0,,,True,True,True,True,False
883,abv,pattern_violation,0.05%,0.052,0,,,True,True,True,True,False
884,ounces,pattern_violation,16.0 oz. Alumi-Tek,16,0,,,True,True,True,True,False
884,abv,pattern_violation,0.07%,0.07,0,,,True,True,True,True,False
885,ounces,pattern_violation,12.0 OZ.,12,0,,,True,True,True,True,False
885,abv,pattern_violation,0.05%,0.05,0,,,True,True,True,True,False
886,ounces,pattern_violation,12.0 oz.,12,0,,,True,True,True,True,False
887,ounces,pattern_violation,12.0 ounce,12,0,,,True,True,True,True,False
888,ounces,pattern_violation,12.0 ounce,12,0,,,True,True,True,True,False
889,ounces,pattern_violation,12.0 oz,12,0,,,True,True,True,True,False
889,city,pattern_violation,Pineland ME,Pineland,0,,,True,True,True,True,False
890,ounces,pattern_violation,16.0 oz,16,0,,,True,True,True,True,False
891,ounces,pattern_violation,12.0 OZ.,12,0,,,True,True,True,True,False
891,abv,pattern_violation,0.06%,0.058,0,,,True,True,True,True,False
892,ounces,pattern_violation,16.0 oz.,16,0,,,True,True,True,True,False
893,ounces,pattern_violation,16.0 oz.,16,0,,,True,True,True,True,False
894,ounces,pattern_violation,16.0 oz,16,0,,,True,True,True,True,False
895,ounces,pattern_violation,16.0 oz.,16,0,,,True,True,True,True,False
895,abv,pattern_violation,0.06%,0.059,0,,,True,True,True,True,False
896,ounces,pattern_violation,16.0 ounce,16,0,,,True,True,True,True,False
897,ounces,pattern_violation,16.0 oz,16,0,,,True,True,True,True,False
898,ounces,pattern_violation,12.0 oz,12,0,,,True,True,True,True,False
898,abv,pattern_violation,0.06%,0.059,0,,,True,True,True,True,False
899,ounces,pattern_violation,16.0 oz,16,0,,,True,True,True,True,False
900,ounces,pattern_violation,16.0 oz.,16,0,,,True,True,True,True,False
901,ounces,pattern_violation,16.0 oz.,16,0,,,True,True,True,True,False
902,ounces,pattern_violation,16.0 oz.,16,0,,,True,True,True,True,False
903,ounces,pattern_violation,16.0 oz.,16,0,,,True,True,True,True,False
904,ounces,pattern_violation,16.0 ounce,16,0,,,True,True,True,True,False
904,abv,pattern_violation,0.05%,0.046,0,,,True,True,True,True,False
906,ounces,pattern_violation,12.0 ounce,12,0,,,True,True,True,True,False
907,ounces,pattern_violation,12.0 oz.,12,0,,,True,True,True,True,False
908,ounces,pattern_violation,12.0 oz.,12,0,,,True,True,True,True,False
908,abv,pattern_violation,0.06%,0.056,0,,,True,True,True,True,False
909,ounces,pattern_violation,12.0 oz,12,0,,,True,True,True,True,False
910,ounces,pattern_violation,12.0 oz.,12,0,,,True,True,True,True,False
911,ounces,pattern_violation,12.0 ounce,12,0,,,True,True,True,True,False
912,ounces,pattern_violation,12.0 ounce,12,0,,,True,True,True,True,False
912,abv,pattern_violation,0.06%,0.058,0,,,True,True,True,True,False
913,ounces,pattern_violation,12.0 OZ.,12,0,,,True,True,True,True,False
914,ounces,pattern_violation,12.0 oz.,12,0,,,True,True,True,True,False
915,ounces,pattern_violation,16.0 oz.,16,0,,,True,True,True,True,False
916,ounces,pattern_violation,12.0 oz.,12,0,,,True,True,True,True,False
916,abv,pattern_violation,0.05%,0.054,0,,,True,True,True,True,False
917,ounces,pattern_violation,16.0 oz,16,0,,,True,True,True,True,False
917,abv,pattern_violation,0.04%,0.042,0,,,True,True,True,True,False
918,ounces,pattern_violation,12.0 ounce,12,0,,,True,True,True,True,False
918,abv,pattern_violation,0.04%,0.042,0,,,True,True,True,True,False
919,ounces,pattern_violation,12.0 oz.,12,0,,,True,True,True,True,False
919,abv,pattern_violation,0.04%,0.042,0,,,True,True,True,True,False
920,ounces,pattern_violation,12.0 ounce,12,0,,,True,True,True,True,False
920,abv,pattern_violation,0.05%,0.052,0,,,True,True,True,True,False
921,ounces,pattern_violation,12.0 oz.,12,0,,,True,True,True,True,False
922,ounces,pattern_violation,12.0 oz.,12,0,,,True,True,True,True,False
922,abv,pattern_violation,0.05%,0.052,0,,,True,True,True,True,False
923,ounces,pattern_violation,12.0 oz. Silo Can,12,0,,,True,True,True,True,False
924,ounces,pattern_violation,12.0 oz.,12,0,,,True,True,True,True,False
925,ounces,pattern_violation,12.0 oz.,12,0,,,True,True,True,True,False
926,ounces,pattern_violation,12.0 oz.,12,0,,,True,True,True,True,False
927,ounces,pattern_violation,12.0 oz.,12,0,,,True,True,True,True,False
928,ounces,pattern_violation,16.0 oz.,16,0,,,True,True,True,True,False
929,ounces,pattern_violation,16.0 OZ.,16,0,,,True,True,True,True,False
930,ounces,pattern_violation,16.0 oz,16,0,,,True,True,True,True,False
931,ounces,pattern_violation,16.0 oz.,16,0,,,True,True,True,True,False
932,ounces,pattern_violation,16.0 oz,16,0,,,True,True,True,True,False
933,ounces,pattern_violation,16.0 oz.,16,0,,,True,True,True,True,False
934,ounces,pattern_violation,16.0 oz.,16,0,,,True,True,True,True,False
935,ounces,pattern_violation,16.0 oz.,16,0,,,True,True,True,True,False
935,abv,pattern_violation,0.06%,0.057,0,,,True,True,True,True,False
936,ounces,pattern_violation,16.0 OZ.,16,0,,,True,True,True,True,False
937,ounces,pattern_violation,16.0 oz.,16,0,,,True,True,True,True,False
938,ounces,pattern_violation,16.0 oz.,16,0,,,True,True,True,True,False
938,abv,pattern_violation,0.06%,0.057,0,,,True,True,True,True,False
939,ounces,pattern_violation,16.0 oz.,16,0,,,True,True,True,True,False
939,abv,pattern_violation,0.06%,0.06,0,,,True,True,True,True,False
940,ounces,pattern_violation,16.0 oz,16,0,,,True,True,True,True,False
941,ounces,pattern_violation,16.0 oz,16,0,,,True,True,True,True,False
942,ounces,pattern_violation,16.0 oz,16,0,,,True,True,True,True,False
943,ounces,pattern_violation,16.0 oz.,16,0,,,True,True,True,True,False
943,abv,pattern_violation,0.06%,0.056,0,,,True,True,True,True,False
944,ounces,pattern_violation,16.0 oz,16,0,,,True,True,True,True,False
945,ounces,pattern_violation,16.0 oz.,16,0,,,True,True,True,True,False
946,ounces,pattern_violation,16.0 oz.,16,0,,,True,True,True,True,False
946,abv,pattern_violation,0.06%,0.062,0,,,True,True,True,True,False
947,ounces,pattern_violation,16.0 oz,16,0,,,True,True,True,True,False
947,abv,pattern_violation,0.05%,0.053,0,,,True,True,True,True,False
948,ounces,pattern_violation,12.0 oz,12,0,,,True,True,True,True,False
949,ounces,pattern_violation,12.0 oz,12,0,,,True,True,True,True,False
950,ounces,pattern_violation,12.0 oz.,12,0,,,True,True,True,True,False
950,abv,pattern_violation,0.06%,0.061,0,,,True,True,True,True,False
951,ounces,pattern_violation,12.0 ounce,12,0,,,True,True,True,True,False
952,ounces,pattern_violation,12.0 oz,12,0,,,True,True,True,True,False
952,abv,pattern_violation,0.08%,0.083,0,,,True,True,True,True,False
953,ounces,pattern_violation,12.0 oz.,12,0,,,True,True,True,True,False
954,ounces,pattern_violation,12.0 ounce,12,0,,,True,True,True,True,False
954,abv,pattern_violation,0.10%,0.095,0,,,True,True,True,True,False
955,ounces,pattern_violation,12.0 OZ.,12,0,,,True,True,True,True,False
955,abv,pattern_violation,0.07%,0.073,0,,,True,True,True,True,False
956,ounces,pattern_violation,12.0 oz.,12,0,,,True,True,True,True,False
957,ounces,pattern_violation,24.0 oz.,24,0,,,True,True,True,True,False
957,abv,pattern_violation,0.05%,0.045,0,,,True,True,True,True,False
958,ounces,pattern_violation,12.0 ounce,12,0,,,True,True,True,True,False
959,ounces,pattern_violation,12.0 ounce,12,0,,,True,True,True,True,False
960,ounces,pattern_violation,12.0 oz,12,0,,,True,True,True,True,False
961,ounces,pattern_violation,12.0 oz,12,0,,,True,True,True,True,False
962,ounces,pattern_violation,16.0 ounce,16,0,,,True,True,True,True,False
962,abv,pattern_violation,0.07%,0.07,0,,,True,True,True,True,False
963,ounces,pattern_violation,12.0 ounce,12,0,,,True,True,True,True,False
964,ounces,pattern_violation,12.0 oz.,12,0,,,True,True,True,True,False
965,ounces,pattern_violation,12.0 oz.,12,0,,,True,True,True,True,False
965,abv,pattern_violation,0.05%,0.048,0,,,True,True,True,True,False
966,ounces,pattern_violation,16.0 ounce,16,0,,,True,True,True,True,False
967,ounces,pattern_violation,16.0 OZ.,16,0,,,True,True,True,True,False
967,abv,pattern_violation,0.06%,0.06,0,,,True,True,True,True,False
968,ounces,pattern_violation,16.0 oz.,16,0,,,True,True,True,True,False
969,ounces,pattern_violation,16.0 oz. Alumi-Tek,16,0,,,True,True,True,True,False
969,abv,pattern_violation,0.05%,0.054,0,,,True,True,True,True,False
970,ounces,pattern_violation,16.0 oz.,16,0,,,True,True,True,True,False
971,ounces,pattern_violation,16.0 oz.,16,0,,,True,True,True,True,False
971,abv,pattern_violation,0.09%,0.09,0,,,True,True,True,True,False
972,ounces,pattern_violation,16.0 ounce,16,0,,,True,True,True,True,False
973,ounces,pattern_violation,16.0 oz,16,0,,,True,True,True,True,False
973,abv,pattern_violation,0.07%,0.07,0,,,True,True,True,True,False
974,abv,pattern_violation,0.06%,0.059,0,,,True,True,True,True,False
975,ounces,pattern_violation,16.0 oz.,16,0,,,True,True,True,True,False
976,ounces,pattern_violation,16.0 oz.,16,0,,,True,True,True,True,False
976,abv,pattern_violation,0.06%,0.06,0,,,True,True,True,True,False
977,ounces,pattern_violation,16.0 oz,16,0,,,True,True,True,True,False
977,abv,pattern_violation,0.05%,0.053,0,,,True,True,True,True,False
978,ounces,pattern_violation,16.0 oz,16,0,,,True,True,True,True,False
979,ounces,pattern_violation,12.0 oz.,12,0,,,True,True,True,True,False
979,abv,pattern_violation,0.05%,0.05,0,,,True,True,True,True,False
980,ounces,pattern_violation,12.0 ounce,12,0,,,True,True,True,True,False
981,ounces,pattern_violation,12.0 ounce,12,0,,,True,True,True,True,False
982,ounces,pattern_violation,16.0 ounce,16,0,,,True,True,True,True,False
983,ounces,pattern_violation,12.0 oz,12,0,,,True,True,True,True,False
984,ounces,pattern_violation,16.0 oz. Alumi-Tek,16,0,,,True,True,True,True,False
985,ounces,pattern_violation,12.0 oz.,12,0,,,True,True,True,True,False
985,abv,pattern_violation,0.06%,0.06,0,,,True,True,True,True,False
986,ounces,pattern_violation,16.0 ounce,16,0,,,True,True,True,True,False
987,ounces,pattern_violation,16.0 ounce,16,0,,,True,True,True,True,False
988,ounces,pattern_violation,16.0 OZ.,16,0,,,True,True,True,True,False
989,ounces,pattern_violation,12.0 oz.,12,0,,,True,True,True,True,False
989,abv,pattern_violation,0.06%,0.06,0,,,True,True,True,True,False
990,ounces,pattern_violation,12.0 oz.,12,0,,,True,True,True,True,False
990,abv,pattern_violation,0.05%,0.049,0,,,True,True,True,True,False
991,ounces,pattern_violation,16.0 oz.,16,0,,,True,True,True,True,False
992,ounces,pattern_violation,16.0 ounce,16,0,,,True,True,True,True,False
992,abv,pattern_violation,0.07%,0.065,0,,,True,True,True,True,False
993,ounces,pattern_violation,16.0 ounce,16,0,,,True,True,True,True,False
994,ounces,pattern_violation,16.0 ounce,16,0,,,True,True,True,True,False
994,abv,pattern_violation,0.05%,0.05,0,,,True,True,True,True,False
995,ounces,pattern_violation,16.0 ounce,16,0,,,True,True,True,True,False
996,ounces,pattern_violation,16.0 OZ.,16,0,,,True,True,True,True,False
997,ounces,pattern_violation,16.0 ounce,16,0,,,True,True,True,True,False
997,abv,pattern_violation,0.05%,0.05,0,,,True,True,True,True,False
998,ounces,pattern_violation,12.0 oz,12,0,,,True,True,True,True,False
999,ounces,pattern_violation,16.0 oz,16,0,,,True,True,True,True,False
1000,ounces,pattern_violation,12.0 oz.,12,0,,,True,True,True,True,False
1001,ounces,pattern_violation,12.0 oz,12,0,,,True,True,True,True,False
1002,ounces,pattern_violation,12.0 ounce,12,0,,,True,True,True,True,False
1003,ounces,pattern_violation,16.0 oz.,16,0,,,True,True,True,True,False
1004,ounces,pattern_violation,16.0 oz.,16,0,,,True,True,True,True,False
1005,ounces,pattern_violation,16.0 oz.,16,0,,,True,True,True,True,False
1005,abv,pattern_violation,0.06%,0.057,0,,,True,True,True,True,False
1006,ounces,pattern_violation,16.0 oz,16,0,,,True,True,True,True,False
1007,ounces,pattern_violation,16.0 oz,16,0,,,True,True,True,True,False
1008,ounces,pattern_violation,16.0 oz.,16,0,,,True,True,True,True,False
1009,ounces,pattern_violation,16.0 oz,16,0,,,True,True,True,True,False
1010,ounces,pattern_violation,16.0 oz,16,0,,,True,True,True,True,False
1011,ounces,pattern_violation,12.0 oz. Alumi-Tek,12,0,,,True,True,True,True,False
1012,ounces,pattern_violation,12.0 oz,12,0,,,True,True,True,True,False
1013,ounces,pattern_violation,12.0 oz. Alumi-Tek,12,0,,,True,True,True,True,False
1014,ounces,pattern_violation,12.0 oz,12,0,,,True,True,True,True,False
1015,ounces,pattern_violation,16.0 oz.,16,0,,,True,True,True,True,False
1016,ounces,pattern_violation,12.0 oz,12,0,,,True,True,True,True,False
1017,ounces,pattern_violation,12.0 ounce,12,0,,,True,True,True,True,False
1018,ounces,pattern_violation,12.0 oz,12,0,,,True,True,True,True,False
1019,ounces,pattern_violation,12.0 ounce,12,0,,,True,True,True,True,False
1020,ounces,pattern_violation,12.0 oz.,12,0,,,True,True,True,True,False
1021,ounces,pattern_violation,12.0 oz.,12,0,,,True,True,True,True,False
1021,abv,pattern_violation,0.05%,0.05,0,,,True,True,True,True,False
1022,ounces,pattern_violation,12.0 ounce,12,0,,,True,True,True,True,False
1023,ounces,pattern_violation,12.0 oz.,12,0,,,True,True,True,True,False
1023,abv,pattern_violation,0.06%,0.059,0,,,True,True,True,True,False
1024,ounces,pattern_violation,12.0 oz.,12,0,,,True,True,True,True,False
1025,ounces,pattern_violation,12.0 ounce,12,0,,,True,True,True,True,False
1025,abv,pattern_violation,0.06%,0.059,0,,,True,True,True,True,False
1026,ounces,pattern_violation,12.0 oz,12,0,,,True,True,True,True,False
1026,abv,pattern_violation,0.05%,0.05,0,,,True,True,True,True,False
1027,ounces,pattern_violation,12.0 oz.,12,0,,,True,True,True,True,False
1028,ounces,pattern_violation,12.0 OZ.,12,0,,,True,True,True,True,False
1029,ounces,pattern_violation,12.0 oz,12,0,,,True,True,True,True,False
1029,abv,pattern_violation,0.06%,0.059,0,,,True,True,True,True,False
1030,ounces,pattern_violation,12.0 oz.,12,0,,,True,True,True,True,False
1031,ounces,pattern_violation,12.0 oz.,12,0,,,True,True,True,True,False
1031,abv,pattern_violation,0.05%,0.048,0,,,True,True,True,True,False
1032,ounces,pattern_violation,12.0 ounce,12,0,,,True,True,True,True,False
1033,ounces,pattern_violation,12.0 oz,12,0,,,True,True,True,True,False
1033,abv,pattern_violation,0.05%,0.054,0,,,True,True,True,True,False
1034,ounces,pattern_violation,19.2 oz.,19.2,0,,,True,True,True,True,False
1034,abv,pattern_violation,0.06%,0.064,0,,,True,True,True,True,False
1035,ounces,pattern_violation,12.0 ounce,12,0,,,True,True,True,True,False
1036,ounces,pattern_violation,19.2 oz,19.2,0,,,True,True,True,True,False
1037,ounces,pattern_violation,16.0 oz.,16,0,,,True,True,True,True,False
1038,ounces,pattern_violation,16.0 oz,16,0,,,True,True,True,True,False
1038,abv,pattern_violation,0.06%,0.062,0,,,True,True,True,True,False
1039,ounces,pattern_violation,16.0 ounce,16,0,,,True,True,True,True,False
1040,ounces,pattern_violation,12.0 oz,12,0,,,True,True,True,True,False
1041,ounces,pattern_violation,12.0 oz,12,0,,,True,True,True,True,False
1041,abv,pattern_violation,0.06%,0.06,0,,,True,True,True,True,False
1042,ounces,pattern_violation,12.0 OZ.,12,0,,,True,True,True,True,False
1043,ounces,pattern_violation,16.0 OZ.,16,0,,,True,True,True,True,False
1043,abv,pattern_violation,0.06%,0.063,0,,,True,True,True,True,False
1044,ounces,pattern_violation,16.0 oz,16,0,,,True,True,True,True,False
1044,abv,pattern_violation,0.08%,0.08,0,,,True,True,True,True,False
1045,ounces,pattern_violation,16.0 oz,16,0,,,True,True,True,True,False
1046,ounces,pattern_violation,12.0 ounce,12,0,,,True,True,True,True,False
1047,ounces,pattern_violation,12.0 oz. Alumi-Tek,12,0,,,True,True,True,True,False
1048,ounces,pattern_violation,12.0 oz,12,0,,,True,True,True,True,False
1049,ounces,pattern_violation,12.0 oz.,12,0,,,True,True,True,True,False
1049,abv,pattern_violation,0.05%,0.045,0,,,True,True,True,True,False
1050,ounces,pattern_violation,12.0 ounce,12,0,,,True,True,True,True,False
1051,ounces,pattern_violation,16.0 oz. Alumi-Tek,16,0,,,True,True,True,True,False
1051,abv,pattern_violation,0.05%,0.045,0,,,True,True,True,True,False
1052,ounces,pattern_violation,16.0 oz.,16,0,,,True,True,True,True,False
1052,abv,pattern_violation,0.06%,0.055,0,,,True,True,True,True,False
1053,ounces,pattern_violation,16.0 oz.,16,0,,,True,True,True,True,False
1054,ounces,pattern_violation,16.0 oz.,16,0,,,True,True,True,True,False
1055,ounces,pattern_violation,16.0 oz,16,0,,,True,True,True,True,False
1055,abv,pattern_violation,0.07%,0.066,0,,,True,True,True,True,False
1056,ounces,pattern_violation,16.0 oz.,16,0,,,True,True,True,True,False
1057,ounces,pattern_violation,12.0 oz.,12,0,,,True,True,True,True,False
1058,abv,pattern_violation,0.05%,0.047,0,,,True,True,True,True,False
1059,ounces,pattern_violation,12.0 oz,12,0,,,True,True,True,True,False
1059,abv,pattern_violation,0.06%,0.058,0,,,True,True,True,True,False
1060,ounces,pattern_violation,12.0 oz,12,0,,,True,True,True,True,False
1061,ounces,pattern_violation,12.0 oz.,12,0,,,True,True,True,True,False
1061,abv,pattern_violation,0.08%,0.078,0,,,True,True,True,True,False
1062,ounces,pattern_violation,12.0 oz.,12,0,,,True,True,True,True,False
1063,ounces,pattern_violation,12.0 oz.,12,0,,,True,True,True,True,False
1064,ounces,pattern_violation,12.0 ounce,12,0,,,True,True,True,True,False
1065,ounces,pattern_violation,12.0 oz.,12,0,,,True,True,True,True,False
1066,ounces,pattern_violation,12.0 oz.,12,0,,,True,True,True,True,False
1067,ounces,pattern_violation,12.0 oz.,12,0,,,True,True,True,True,False
1068,ounces,pattern_violation,12.0 oz,12,0,,,True,True,True,True,False
1069,ounces,pattern_violation,12.0 oz.,12,0,,,True,True,True,True,False
1070,ounces,pattern_violation,12.0 oz.,12,0,,,True,True,True,True,False
1071,ounces,pattern_violation,12.0 ounce,12,0,,,True,True,True,True,False
1072,ounces,pattern_violation,12.0 oz.,12,0,,,True,True,True,True,False
1073,ounces,pattern_violation,16.0 oz,16,0,,,True,True,True,True,False
1074,ounces,pattern_violation,16.0 oz,16,0,,,True,True,True,True,False
1074,abv,pattern_violation,0.03%,0.027,0,,,True,True,True,True,False
1075,ounces,pattern_violation,16.0 ounce,16,0,,,True,True,True,True,False
1076,ounces,pattern_violation,16.0 oz.,16,0,,,True,True,True,True,False
1077,ounces,pattern_violation,16.0 ounce,16,0,,,True,True,True,True,False
1078,ounces,pattern_violation,16.0 ounce,16,0,,,True,True,True,True,False
1078,abv,pattern_violation,0.04%,0.039,0,,,True,True,True,True,False
1079,ounces,pattern_violation,16.0 ounce,16,0,,,True,True,True,True,False
1079,abv,pattern_violation,0.04%,0.039,0,,,True,True,True,True,False
1080,ounces,pattern_violation,16.0 oz,16,0,,,True,True,True,True,False
1081,ounces,pattern_violation,16.0 ounce,16,0,,,True,True,True,True,False
1081,abv,pattern_violation,0.04%,0.039,0,,,True,True,True,True,False
1082,ounces,pattern_violation,16.0 oz,16,0,,,True,True,True,True,False
1082,abv,pattern_violation,0.04%,0.039,0,,,True,True,True,True,False
1083,ounces,pattern_violation,16.0 oz. Alumi-Tek,16,0,,,True,True,True,True,False
1084,ounces,pattern_violation,16.0 oz,16,0,,,True,True,True,True,False
1084,abv,pattern_violation,0.04%,0.039,0,,,True,True,True,True,False
1085,ounces,pattern_violation,16.0 oz,16,0,,,True,True,True,True,False
1086,ounces,pattern_violation,16.0 oz,16,0,,,True,True,True,True,False
1086,abv,pattern_violation,0.04%,0.039,0,,,True,True,True,True,False
1087,ounces,pattern_violation,16.0 oz,16,0,,,True,True,True,True,False
1088,ounces,pattern_violation,16.0 oz.,16,0,,,True,True,True,True,False
1088,abv,pattern_violation,0.06%,0.058,0,,,True,True,True,True,False
1089,ounces,pattern_violation,16.0 oz.,16,0,,,True,True,True,True,False
1089,abv,pattern_violation,0.07%,0.066,0,,,True,True,True,True,False
1090,ounces,pattern_violation,16.0 oz.,16,0,,,True,True,True,True,False
1090,abv,pattern_violation,0.07%,0.073,0,,,True,True,True,True,False
1091,ounces,pattern_violation,16.0 oz,16,0,,,True,True,True,True,False
1092,ounces,pattern_violation,16.0 ounce,16,0,,,True,True,True,True,False
1093,ounces,pattern_violation,16.0 oz,16,0,,,True,True,True,True,False
1094,ounces,pattern_violation,16.0 oz,16,0,,,True,True,True,True,False
1095,ounces,pattern_violation,16.0 oz.,16,0,,,True,True,True,True,False
1096,ounces,pattern_violation,12.0 oz.,12,0,,,True,True,True,True,False
1096,abv,pattern_violation,0.06%,0.056,0,,,True,True,True,True,False
1097,ounces,pattern_violation,12.0 oz.,12,0,,,True,True,True,True,False
1099,ounces,pattern_violation,12.0 oz.,12,0,,,True,True,True,True,False
1099,abv,pattern_violation,0.07%,0.065,0,,,True,True,True,True,False
1100,ounces,pattern_violation,12.0 oz.,12,0,,,True,True,True,True,False
1101,ounces,pattern_violation,12.0 oz,12,0,,,True,True,True,True,False
1101,abv,pattern_violation,0.07%,0.068,0,,,True,True,True,True,False
1102,ounces,pattern_violation,12.0 ounce,12,0,,,True,True,True,True,False
1103,ounces,pattern_violation,12.0 ounce,12,0,,,True,True,True,True,False
1104,ounces,pattern_violation,12.0 oz.,12,0,,,True,True,True,True,False
1105,ounces,pattern_violation,12.0 ounce,12,0,,,True,True,True,True,False
1106,ounces,pattern_violation,12.0 oz,12,0,,,True,True,True,True,False
1106,abv,pattern_violation,0.05%,0.054,0,,,True,True,True,True,False
1107,ounces,pattern_violation,12.0 oz,12,0,,,True,True,True,True,False
1108,ounces,pattern_violation,12.0 oz.,12,0,,,True,True,True,True,False
1109,ounces,pattern_violation,12.0 oz. Alumi-Tek,12,0,,,True,True,True,True,False
1110,ounces,pattern_violation,12.0 oz,12,0,,,True,True,True,True,False
1110,abv,pattern_violation,0.06%,0.058,0,,,True,True,True,True,False
1111,ounces,pattern_violation,12.0 oz.,12,0,,,True,True,True,True,False
1112,ounces,pattern_violation,12.0 oz.,12,0,,,True,True,True,True,False
1112,abv,pattern_violation,0.06%,0.055,0,,,True,True,True,True,False
1113,ounces,pattern_violation,12.0 oz.,12,0,,,True,True,True,True,False
1113,abv,pattern_violation,0.05%,0.045,0,,,True,True,True,True,False
1114,ounces,pattern_violation,12.0 oz,12,0,,,True,True,True,True,False
1115,ounces,pattern_violation,12.0 oz,12,0,,,True,True,True,True,False
1116,ounces,pattern_violation,12.0 oz,12,0,,,True,True,True,True,False
1117,ounces,pattern_violation,16.0 oz.,16,0,,,True,True,True,True,False
1118,ounces,pattern_violation,16.0 oz,16,0,,,True,True,True,True,False
1119,ounces,pattern_violation,12.0 OZ.,12,0,,,True,True,True,True,False
1120,ounces,pattern_violation,16.0 oz.,16,0,,,True,True,True,True,False
1121,ounces,pattern_violation,12.0 ounce,12,0,,,True,True,True,True,False
1121,abv,pattern_violation,0.07%,0.067,0,,,True,True,True,True,False
1122,ounces,pattern_violation,12.0 oz. Alumi-Tek,12,0,,,True,True,True,True,False
1122,abv,pattern_violation,0.05%,0.049,0,,,True,True,True,True,False
1123,ounces,pattern_violation,12.0 OZ.,12,0,,,True,True,True,True,False
1124,ounces,pattern_violation,12.0 oz.,12,0,,,True,True,True,True,False
1125,ounces,pattern_violation,12.0 oz.,12,0,,,True,True,True,True,False
1125,abv,pattern_violation,0.06%,0.055,0,,,True,True,True,True,False
1126,ounces,pattern_violation,12.0 ounce,12,0,,,True,True,True,True,False
1127,ounces,pattern_violation,12.0 ounce,12,0,,,True,True,True,True,False
1128,ounces,pattern_violation,12.0 oz.,12,0,,,True,True,True,True,False
1128,abv,pattern_violation,0.07%,0.07,0,,,True,True,True,True,False
1129,ounces,pattern_violation,12.0 oz,12,0,,,True,True,True,True,False
1130,ounces,pattern_violation,12.0 ounce,12,0,,,True,True,True,True,False
1131,ounces,pattern_violation,12.0 oz.,12,0,,,True,True,True,True,False
1131,abv,pattern_violation,0.07%,0.069,0,,,True,True,True,True,False
1132,ounces,pattern_violation,12.0 ounce,12,0,,,True,True,True,True,False
1133,ounces,pattern_violation,12.0 oz.,12,0,,,True,True,True,True,False
1134,ounces,pattern_violation,12.0 oz,12,0,,,True,True,True,True,False
1135,ounces,pattern_violation,12.0 OZ.,12,0,,,True,True,True,True,False
1136,ounces,pattern_violation,12.0 oz.,12,0,,,True,True,True,True,False
1137,ounces,pattern_violation,12.0 oz,12,0,,,True,True,True,True,False
1137,abv,pattern_violation,0.06%,0.06,0,,,True,True,True,True,False
1138,ounces,pattern_violation,12.0 ounce,12,0,,,True,True,True,True,False
1138,abv,pattern_violation,0.05%,0.05,0,,,True,True,True,True,False
1139,ounces,pattern_violation,12.0 oz,12,0,,,True,True,True,True,False
1139,abv,pattern_violation,0.05%,0.05,0,,,True,True,True,True,False
1140,ounces,pattern_violation,12.0 oz,12,0,,,True,True,True,True,False
1140,abv,pattern_violation,0.09%,0.093,0,,,True,True,True,True,False
1141,ounces,pattern_violation,12.0 oz,12,0,,,True,True,True,True,False
1142,ounces,pattern_violation,12.0 oz. Alumi-Tek,12,0,,,True,True,True,True,False
1143,ounces,pattern_violation,12.0 oz.,12,0,,,True,True,True,True,False
1144,ounces,pattern_violation,12.0 oz.,12,0,,,True,True,True,True,False
1144,abv,pattern_violation,0.05%,0.052,0,,,True,True,True,True,False
1145,ounces,pattern_violation,12.0 oz.,12,0,,,True,True,True,True,False
1145,abv,pattern_violation,0.06%,0.058,0,,,True,True,True,True,False
1146,ounces,pattern_violation,12.0 oz.,12,0,,,True,True,True,True,False
1147,ounces,pattern_violation,12.0 ounce,12,0,,,True,True,True,True,False
1148,ounces,pattern_violation,12.0 ounce,12,0,,,True,True,True,True,False
1148,abv,pattern_violation,0.05%,0.047,0,,,True,True,True,True,False
1149,ounces,pattern_violation,12.0 oz. Alumi-Tek,12,0,,,True,True,True,True,False
1149,abv,pattern_violation,0.07%,0.066,0,,,True,True,True,True,False
1150,ounces,pattern_violation,12.0 OZ.,12,0,,,True,True,True,True,False
1150,abv,pattern_violation,0.10%,0.095,0,,,True,True,True,True,False
1151,ounces,pattern_violation,12.0 oz.,12,0,,,True,True,True,True,False
1151,abv,pattern_violation,0.05%,0.049,0,,,True,True,True,True,False
1152,ounces,pattern_violation,12.0 oz.,12,0,,,True,True,True,True,False
1153,ounces,pattern_violation,12.0 oz,12,0,,,True,True,True,True,False
1153,abv,pattern_violation,0.07%,0.066,0,,,True,True,True,True,False
1154,ounces,pattern_violation,12.0 oz.,12,0,,,True,True,True,True,False
1155,ounces,pattern_violation,12.0 oz,12,0,,,True,True,True,True,False
1156,ounces,pattern_violation,12.0 ounce,12,0,,,True,True,True,True,False
1157,ounces,pattern_violation,12.0 oz,12,0,,,True,True,True,True,False
1157,abv,pattern_violation,0.06%,0.058,0,,,True,True,True,True,False
1158,ounces,pattern_violation,12.0 ounce,12,0,,,True,True,True,True,False
1159,ounces,pattern_violation,12.0 oz. Alumi-Tek,12,0,,,True,True,True,True,False
1160,ounces,pattern_violation,12.0 oz,12,0,,,True,True,True,True,False
1161,ounces,pattern_violation,16.0 oz.,16,0,,,True,True,True,True,False
1161,abv,pattern_violation,0.07%,0.065,0,,,True,True,True,True,False
1162,ounces,pattern_violation,16.0 ounce,16,0,,,True,True,True,True,False
1162,abv,pattern_violation,0.07%,0.065,0,,,True,True,True,True,False
1163,ounces,pattern_violation,16.0 oz.,16,0,,,True,True,True,True,False
1164,ounces,pattern_violation,16.0 oz.,16,0,,,True,True,True,True,False
1165,ounces,pattern_violation,16.0 ounce,16,0,,,True,True,True,True,False
1165,abv,pattern_violation,0.07%,0.065,0,,,True,True,True,True,False
1166,ounces,pattern_violation,16.0 oz.,16,0,,,True,True,True,True,False
1167,ounces,pattern_violation,12.0 oz.,12,0,,,True,True,True,True,False
1168,ounces,pattern_violation,12.0 oz.,12,0,,,True,True,True,True,False
1169,ounces,pattern_violation,12.0 oz.,12,0,,,True,True,True,True,False
1170,ounces,pattern_violation,12.0 oz,12,0,,,True,True,True,True,False
1171,ounces,pattern_violation,12.0 oz. Alumi-Tek,12,0,,,True,True,True,True,False
1172,ounces,pattern_violation,12.0 oz,12,0,,,True,True,True,True,False
1173,ounces,pattern_violation,12.0 oz,12,0,,,True,True,True,True,False
1174,ounces,pattern_violation,12.0 oz.,12,0,,,True,True,True,True,False
1175,ounces,pattern_violation,12.0 oz.,12,0,,,True,True,True,True,False
1176,ounces,pattern_violation,12.0 OZ.,12,0,,,True,True,True,True,False
1177,ounces,pattern_violation,12.0 oz. Alumi-Tek,12,0,,,True,True,True,True,False
1177,abv,pattern_violation,0.06%,0.057,0,,,True,True,True,True,False
1178,ounces,pattern_violation,12.0 oz.,12,0,,,True,True,True,True,False
1179,ounces,pattern_violation,16.0 ounce,16,0,,,True,True,True,True,False
1180,ounces,pattern_violation,16.0 oz.,16,0,,,True,True,True,True,False
1181,ounces,pattern_violation,24.0 oz.,24,0,,,True,True,True,True,False
1181,abv,pattern_violation,0.05%,0.046,0,,,True,True,True,True,False
1182,ounces,pattern_violation,16.0 oz,16,0,,,True,True,True,True,False
1182,abv,pattern_violation,0.05%,0.046,0,,,True,True,True,True,False
1183,ounces,pattern_violation,12.0 oz.,12,0,,,True,True,True,True,False
1184,ounces,pattern_violation,12.0 oz,12,0,,,True,True,True,True,False
1185,ounces,pattern_violation,12.0 oz.,12,0,,,True,True,True,True,False
1185,abv,pattern_violation,0.04%,0.04,0,,,True,True,True,True,False
1186,ounces,pattern_violation,16.0 oz.,16,0,,,True,True,True,True,False
1187,ounces,pattern_violation,16.0 oz.,16,0,,,True,True,True,True,False
1188,ounces,pattern_violation,16.0 ounce,16,0,,,True,True,True,True,False
1188,abv,pattern_violation,0.07%,0.072,0,,,True,True,True,True,False
1189,ounces,pattern_violation,12.0 oz.,12,0,,,True,True,True,True,False
1189,abv,pattern_violation,0.07%,0.066,0,,,True,True,True,True,False
1190,ounces,pattern_violation,12.0 oz.,12,0,,,True,True,True,True,False
1191,ounces,pattern_violation,12.0 ounce,12,0,,,True,True,True,True,False
1192,ounces,pattern_violation,12.0 ounce,12,0,,,True,True,True,True,False
1192,abv,pattern_violation,0.07%,0.068,0,,,True,True,True,True,False
1193,ounces,pattern_violation,12.0 oz,12,0,,,True,True,True,True,False
1193,abv,pattern_violation,0.05%,0.05,0,,,True,True,True,True,False
1194,ounces,pattern_violation,12.0 ounce,12,0,,,True,True,True,True,False
1195,ounces,pattern_violation,12.0 oz,12,0,,,True,True,True,True,False
1196,ounces,pattern_violation,12.0 ounce,12,0,,,True,True,True,True,False
1197,ounces,pattern_violation,12.0 oz,12,0,,,True,True,True,True,False
1198,ounces,pattern_violation,12.0 oz. Alumi-Tek,12,0,,,True,True,True,True,False
1199,ounces,pattern_violation,12.0 oz.,12,0,,,True,True,True,True,False
1200,ounces,pattern_violation,16.0 oz,16,0,,,True,True,True,True,False
1201,ounces,pattern_violation,12.0 oz.,12,0,,,True,True,True,True,False
1202,ounces,pattern_violation,12.0 oz.,12,0,,,True,True,True,True,False
1203,ounces,pattern_violation,12.0 oz,12,0,,,True,True,True,True,False
1203,abv,pattern_violation,0.05%,0.05,0,,,True,True,True,True,False
1204,ounces,pattern_violation,12.0 oz.,12,0,,,True,True,True,True,False
1205,ounces,pattern_violation,12.0 OZ.,12,0,,,True,True,True,True,False
1206,ounces,pattern_violation,16.0 ounce,16,0,,,True,True,True,True,False
1207,ounces,pattern_violation,16.0 oz.,16,0,,,True,True,True,True,False
1208,ounces,pattern_violation,12.0 oz,12,0,,,True,True,True,True,False
1209,ounces,pattern_violation,12.0 oz,12,0,,,True,True,True,True,False
1210,ounces,pattern_violation,12.0 oz.,12,0,,,True,True,True,True,False
1211,ounces,pattern_violation,12.0 oz.,12,0,,,True,True,True,True,False
1212,ounces,pattern_violation,12.0 oz.,12,0,,,True,True,True,True,False
1213,ounces,pattern_violation,12.0 oz,12,0,,,True,True,True,True,False
1213,abv,pattern_violation,0.06%,0.06,0,,,True,True,True,True,False
1214,ounces,pattern_violation,16.0 oz,16,0,,,True,True,True,True,False
1214,abv,pattern_violation,0.08%,0.075,0,,,True,True,True,True,False
1215,ounces,pattern_violation,12.0 oz.,12,0,,,True,True,True,True,False
1216,ounces,pattern_violation,12.0 ounce,12,0,,,True,True,True,True,False
1217,ounces,pattern_violation,12.0 ounce,12,0,,,True,True,True,True,False
1218,ounces,pattern_violation,12.0 oz,12,0,,,True,True,True,True,False
1219,ounces,pattern_violation,12.0 oz.,12,0,,,True,True,True,True,False
1220,ounces,pattern_violation,16.0 ounce,16,0,,,True,True,True,True,False
1221,ounces,pattern_violation,12.0 OZ.,12,0,,,True,True,True,True,False
1222,ounces,pattern_violation,12.0 ounce,12,0,,,True,True,True,True,False
1223,ounces,pattern_violation,16.0 oz,16,0,,,True,True,True,True,False
1223,abv,pattern_violation,0.05%,0.046,0,,,True,True,True,True,False
1224,ounces,pattern_violation,16.0 oz,16,0,,,True,True,True,True,False
1225,ounces,pattern_violation,16.0 OZ.,16,0,,,True,True,True,True,False
1226,ounces,pattern_violation,16.0 oz.,16,0,,,True,True,True,True,False
1226,abv,pattern_violation,0.05%,0.045,0,,,True,True,True,True,False
1227,ounces,pattern_violation,12.0 oz,12,0,,,True,True,True,True,False
1228,ounces,pattern_violation,12.0 oz.,12,0,,,True,True,True,True,False
1229,ounces,pattern_violation,16.0 oz.,16,0,,,True,True,True,True,False
1230,ounces,pattern_violation,16.0 ounce,16,0,,,True,True,True,True,False
1231,ounces,pattern_violation,16.0 oz.,16,0,,,True,True,True,True,False
1232,ounces,pattern_violation,16.0 ounce,16,0,,,True,True,True,True,False
1232,abv,pattern_violation,0.05%,0.048,0,,,True,True,True,True,False
1233,ounces,pattern_violation,12.0 oz. Silo Can,12,0,,,True,True,True,True,False
1233,abv,pattern_violation,0.04%,0.038,0,,,True,True,True,True,False
1234,ounces,pattern_violation,12.0 oz.,12,0,,,True,True,True,True,False
1235,ounces,pattern_violation,12.0 oz. Alumi-Tek,12,0,,,True,True,True,True,False
1235,abv,pattern_violation,0.05%,0.054,0,,,True,True,True,True,False
1236,ounces,pattern_violation,12.0 oz.,12,0,,,True,True,True,True,False
1237,ounces,pattern_violation,12.0 ounce,12,0,,,True,True,True,True,False
1238,ounces,pattern_violation,12.0 oz. Silo Can,12,0,,,True,True,True,True,False
1238,abv,pattern_violation,0.06%,0.058,0,,,True,True,True,True,False
1239,ounces,pattern_violation,12.0 oz,12,0,,,True,True,True,True,False
1240,ounces,pattern_violation,12.0 oz,12,0,,,True,True,True,True,False
1241,ounces,pattern_violation,12.0 ounce,12,0,,,True,True,True,True,False
1242,ounces,pattern_violation,12.0 oz,12,0,,,True,True,True,True,False
1243,ounces,pattern_violation,12.0 oz.,12,0,,,True,True,True,True,False
1244,ounces,pattern_violation,12.0 oz,12,0,,,True,True,True,True,False
1245,ounces,pattern_violation,12.0 ounce,12,0,,,True,True,True,True,False
1246,ounces,pattern_violation,16.0 OZ.,16,0,,,True,True,True,True,False
1247,ounces,pattern_violation,12.0 oz.,12,0,,,True,True,True,True,False
1248,ounces,pattern_violation,12.0 oz.,12,0,,,True,True,True,True,False
1248,abv,pattern_violation,0.05%,0.05,0,,,True,True,True,True,False
1249,ounces,pattern_violation,12.0 ounce,12,0,,,True,True,True,True,False
1250,ounces,pattern_violation,12.0 ounce,12,0,,,True,True,True,True,False
1251,ounces,pattern_violation,12.0 oz.,12,0,,,True,True,True,True,False
1252,ounces,pattern_violation,16.0 OZ.,16,0,,,True,True,True,True,False
1253,ounces,pattern_violation,12.0 oz.,12,0,,,True,True,True,True,False
1254,ounces,pattern_violation,12.0 ounce,12,0,,,True,True,True,True,False
1254,abv,pattern_violation,0.05%,0.051,0,,,True,True,True,True,False
1255,ounces,pattern_violation,12.0 oz.,12,0,,,True,True,True,True,False
1256,ounces,pattern_violation,12.0 oz.,12,0,,,True,True,True,True,False
1256,abv,pattern_violation,0.07%,0.065,0,,,True,True,True,True,False
1257,ounces,pattern_violation,12.0 ounce,12,0,,,True,True,True,True,False
1258,ounces,pattern_violation,12.0 ounce,12,0,,,True,True,True,True,False
1259,ounces,pattern_violation,12.0 oz.,12,0,,,True,True,True,True,False
1259,abv,pattern_violation,0.07%,0.072,0,,,True,True,True,True,False
1260,ounces,pattern_violation,12.0 oz.,12,0,,,True,True,True,True,False
1261,ounces,pattern_violation,12.0 oz.,12,0,,,True,True,True,True,False
1262,ounces,pattern_violation,12.0 ounce,12,0,,,True,True,True,True,False
1263,ounces,pattern_violation,12.0 ounce,12,0,,,True,True,True,True,False
1264,ounces,pattern_violation,12.0 oz,12,0,,,True,True,True,True,False
1264,abv,pattern_violation,0.05%,0.05,0,,,True,True,True,True,False
1265,ounces,pattern_violation,12.0 oz,12,0,,,True,True,True,True,False
1266,ounces,pattern_violation,12.0 oz,12,0,,,True,True,True,True,False
1267,ounces,pattern_violation,12.0 ounce,12,0,,,True,True,True,True,False
1268,ounces,pattern_violation,12.0 ounce,12,0,,,True,True,True,True,False
1269,ounces,pattern_violation,12.0 ounce,12,0,,,True,True,True,True,False
1270,ounces,pattern_violation,12.0 ounce,12,0,,,True,True,True,True,False
1270,abv,pattern_violation,0.06%,0.06,0,,,True,True,True,True,False
1271,ounces,pattern_violation,12.0 oz,12,0,,,True,True,True,True,False
1272,ounces,pattern_violation,12.0 OZ.,12,0,,,True,True,True,True,False
1273,ounces,pattern_violation,12.0 oz,12,0,,,True,True,True,True,False
1273,abv,pattern_violation,0.05%,0.047,0,,,True,True,True,True,False
1274,ounces,pattern_violation,12.0 oz.,12,0,,,True,True,True,True,False
1275,ounces,pattern_violation,16.0 oz,16,0,,,True,True,True,True,False
1275,abv,pattern_violation,0.07%,0.072,0,,,True,True,True,True,False
1276,ounces,pattern_violation,16.0 ounce,16,0,,,True,True,True,True,False
1277,ounces,pattern_violation,16.0 oz,16,0,,,True,True,True,True,False
1278,ounces,pattern_violation,16.0 oz.,16,0,,,True,True,True,True,False
1279,ounces,pattern_violation,16.0 oz.,16,0,,,True,True,True,True,False
1279,abv,pattern_violation,0.10%,0.097,0,,,True,True,True,True,False
1280,ounces,pattern_violation,16.0 oz,16,0,,,True,True,True,True,False
1281,ounces,pattern_violation,16.0 OZ.,16,0,,,True,True,True,True,False
1282,ounces,pattern_violation,16.0 oz.,16,0,,,True,True,True,True,False
1283,ounces,pattern_violation,16.0 OZ.,16,0,,,True,True,True,True,False
1283,abv,pattern_violation,0.08%,0.08,0,,,True,True,True,True,False
1284,ounces,pattern_violation,12.0 oz,12,0,,,True,True,True,True,False
1285,ounces,pattern_violation,16.0 oz.,16,0,,,True,True,True,True,False
1286,ounces,pattern_violation,12.0 ounce,12,0,,,True,True,True,True,False
1287,ounces,pattern_violation,12.0 oz.,12,0,,,True,True,True,True,False
1287,abv,pattern_violation,0.07%,0.065,0,,,True,True,True,True,False
1288,ounces,pattern_violation,12.0 oz.,12,0,,,True,True,True,True,False
1288,abv,pattern_violation,0.07%,0.065,0,,,True,True,True,True,False
1289,ounces,pattern_violation,12.0 ounce,12,0,,,True,True,True,True,False
1290,ounces,pattern_violation,16.0 ounce,16,0,,,True,True,True,True,False
1291,ounces,pattern_violation,12.0 OZ.,12,0,,,True,True,True,True,False
1292,ounces,pattern_violation,12.0 oz,12,0,,,True,True,True,True,False
1293,ounces,pattern_violation,12.0 oz.,12,0,,,True,True,True,True,False
1293,abv,pattern_violation,0.05%,0.045,0,,,True,True,True,True,False
1294,ounces,pattern_violation,12.0 ounce,12,0,,,True,True,True,True,False
1295,ounces,pattern_violation,12.0 oz,12,0,,,True,True,True,True,False
1295,abv,pattern_violation,0.05%,0.047,0,,,True,True,True,True,False
1296,ounces,pattern_violation,12.0 oz,12,0,,,True,True,True,True,False
1297,ounces,pattern_violation,12.0 oz. Alumi-Tek,12,0,,,True,True,True,True,False
1297,abv,pattern_violation,0.06%,0.06,0,,,True,True,True,True,False
1298,ounces,pattern_violation,12.0 oz,12,0,,,True,True,True,True,False
1299,ounces,pattern_violation,12.0 oz.,12,0,,,True,True,True,True,False
1300,ounces,pattern_violation,16.0 oz,16,0,,,True,True,True,True,False
1301,ounces,pattern_violation,12.0 oz,12,0,,,True,True,True,True,False
1302,ounces,pattern_violation,12.0 oz. Alumi-Tek,12,0,,,True,True,True,True,False
1302,abv,pattern_violation,0.06%,0.055,0,,,True,True,True,True,False
1303,ounces,pattern_violation,12.0 oz. Alumi-Tek,12,0,,,True,True,True,True,False
1303,abv,pattern_violation,0.05%,0.05,0,,,True,True,True,True,False
1304,ounces,pattern_violation,12.0 oz.,12,0,,,True,True,True,True,False
1305,ounces,pattern_violation,12.0 oz,12,0,,,True,True,True,True,False
1306,ounces,pattern_violation,12.0 oz.,12,0,,,True,True,True,True,False
1306,abv,pattern_violation,0.06%,0.06,0,,,True,True,True,True,False
1307,ounces,pattern_violation,12.0 oz,12,0,,,True,True,True,True,False
1307,abv,pattern_violation,0.05%,0.05,0,,,True,True,True,True,False
1308,ounces,pattern_violation,12.0 OZ.,12,0,,,True,True,True,True,False
1309,ounces,pattern_violation,12.0 ounce,12,0,,,True,True,True,True,False
1310,ounces,pattern_violation,12.0 oz,12,0,,,True,True,True,True,False
1311,ounces,pattern_violation,12.0 oz.,12,0,,,True,True,True,True,False
1312,ounces,pattern_violation,12.0 oz,12,0,,,True,True,True,True,False
1313,ounces,pattern_violation,12.0 ounce,12,0,,,True,True,True,True,False
1314,ounces,pattern_violation,12.0 oz.,12,0,,,True,True,True,True,False
1315,ounces,pattern_violation,12.0 oz.,12,0,,,True,True,True,True,False
1316,ounces,pattern_violation,16.0 OZ.,16,0,,,True,True,True,True,False
1316,abv,pattern_violation,0.07%,0.069,0,,,True,True,True,True,False
1317,ounces,pattern_violation,16.0 oz.,16,0,,,True,True,True,True,False
1318,ounces,pattern_violation,16.0 ounce,16,0,,,True,True,True,True,False
1319,ounces,pattern_violation,19.2 oz,19.2,0,,,True,True,True,True,False
1320,ounces,pattern_violation,12.0 OZ.,12,0,,,True,True,True,True,False
1321,ounces,pattern_violation,12.0 oz.,12,0,,,True,True,True,True,False
1321,abv,pattern_violation,0.04%,0.042,0,,,True,True,True,True,False
1322,ounces,pattern_violation,12.0 oz.,12,0,,,True,True,True,True,False
1323,ounces,pattern_violation,12.0 oz,12,0,,,True,True,True,True,False
1324,ounces,pattern_violation,12.0 ounce,12,0,,,True,True,True,True,False
1325,ounces,pattern_violation,12.0 oz,12,0,,,True,True,True,True,False
1325,abv,pattern_violation,0.05%,0.053,0,,,True,True,True,True,False
1326,ounces,pattern_violation,12.0 ounce,12,0,,,True,True,True,True,False
1327,ounces,pattern_violation,12.0 oz.,12,0,,,True,True,True,True,False
1328,ounces,pattern_violation,12.0 oz,12,0,,,True,True,True,True,False
1329,ounces,pattern_violation,12.0 oz.,12,0,,,True,True,True,True,False
1330,ounces,pattern_violation,12.0 oz.,12,0,,,True,True,True,True,False
1331,ounces,pattern_violation,12.0 oz.,12,0,,,True,True,True,True,False
1332,ounces,pattern_violation,12.0 oz.,12,0,,,True,True,True,True,False
1333,ounces,pattern_violation,12.0 ounce,12,0,,,True,True,True,True,False
1333,abv,pattern_violation,0.05%,0.05,0,,,True,True,True,True,False
1334,ounces,pattern_violation,12.0 oz.,12,0,,,True,True,True,True,False
1334,abv,pattern_violation,0.06%,0.057,0,,,True,True,True,True,False
1335,ounces,pattern_violation,16.0 oz.,16,0,,,True,True,True,True,False
1335,abv,pattern_violation,0.08%,0.08,0,,,True,True,True,True,False
1336,ounces,pattern_violation,16.0 oz.,16,0,,,True,True,True,True,False
1337,ounces,pattern_violation,16.0 ounce,16,0,,,True,True,True,True,False
1338,ounces,pattern_violation,16.0 oz.,16,0,,,True,True,True,True,False
1339,ounces,pattern_violation,16.0 oz,16,0,,,True,True,True,True,False
1340,ounces,pattern_violation,16.0 OZ.,16,0,,,True,True,True,True,False
1341,ounces,pattern_violation,24.0 ounce,24,0,,,True,True,True,True,False
1342,ounces,pattern_violation,24.0 oz,24,0,,,True,True,True,True,False
1343,ounces,pattern_violation,24.0 ounce,24,0,,,True,True,True,True,False
1343,abv,pattern_violation,0.08%,0.075,0,,,True,True,True,True,False
1344,ounces,pattern_violation,24.0 oz,24,0,,,True,True,True,True,False
1344,abv,pattern_violation,0.08%,0.075,0,,,True,True,True,True,False
1345,ounces,pattern_violation,24.0 oz.,24,0,,,True,True,True,True,False
1346,ounces,pattern_violation,24.0 oz. Alumi-Tek,24,0,,,True,True,True,True,False
1347,ounces,pattern_violation,24.0 oz,24,0,,,True,True,True,True,False
1348,ounces,pattern_violation,24.0 ounce,24,0,,,True,True,True,True,False
1349,ounces,pattern_violation,12.0 ounce,12,0,,,True,True,True,True,False
1350,ounces,pattern_violation,12.0 oz. Alumi-Tek,12,0,,,True,True,True,True,False
1351,ounces,pattern_violation,16.0 oz.,16,0,,,True,True,True,True,False
1352,ounces,pattern_violation,16.0 oz.,16,0,,,True,True,True,True,False
1353,ounces,pattern_violation,16.0 OZ.,16,0,,,True,True,True,True,False
1354,ounces,pattern_violation,16.0 ounce,16,0,,,True,True,True,True,False
1355,ounces,pattern_violation,16.0 oz.,16,0,,,True,True,True,True,False
1356,ounces,pattern_violation,16.0 oz.,16,0,,,True,True,True,True,False
1356,abv,pattern_violation,0.08%,0.075,0,,,True,True,True,True,False
1357,ounces,pattern_violation,16.0 oz,16,0,,,True,True,True,True,False
1357,abv,pattern_violation,0.07%,0.065,0,,,True,True,True,True,False
1358,ounces,pattern_violation,16.0 ounce,16,0,,,True,True,True,True,False
1359,ounces,pattern_violation,16.0 oz.,16,0,,,True,True,True,True,False
1359,abv,pattern_violation,0.05%,0.048,0,,,True,True,True,True,False
1360,ounces,pattern_violation,16.0 oz,16,0,,,True,True,True,True,False
1361,ounces,pattern_violation,24.0 oz.,24,0,,,True,True,True,True,False
1362,ounces,pattern_violation,16.0 ounce,16,0,,,True,True,True,True,False
1362,abv,pattern_violation,0.05%,0.054,0,,,True,True,True,True,False
1363,ounces,pattern_violation,12.0 oz.,12,0,,,True,True,True,True,False
1364,ounces,pattern_violation,12.0 ounce,12,0,,,True,True,True,True,False
1364,abv,pattern_violation,0.05%,0.05,0,,,True,True,True,True,False
1365,ounces,pattern_violation,16.0 oz.,16,0,,,True,True,True,True,False
1366,ounces,pattern_violation,12.0 oz.,12,0,,,True,True,True,True,False
1367,ounces,pattern_violation,16.0 oz.,16,0,,,True,True,True,True,False
1368,ounces,pattern_violation,12.0 oz. Alumi-Tek,12,0,,,True,True,True,True,False
1368,abv,pattern_violation,0.06%,0.055,0,,,True,True,True,True,False
1369,ounces,pattern_violation,12.0 oz.,12,0,,,True,True,True,True,False
1370,ounces,pattern_violation,24.0 oz.,24,0,,,True,True,True,True,False
1371,ounces,pattern_violation,12.0 oz.,12,0,,,True,True,True,True,False
1372,ounces,pattern_violation,12.0 OZ.,12,0,,,True,True,True,True,False
1373,ounces,pattern_violation,12.0 OZ.,12,0,,,True,True,True,True,False
1374,ounces,pattern_violation,32.0 oz. Alumi-Tek,32,0,,,True,True,True,True,False
1375,ounces,pattern_violation,32.0 OZ.,32,0,,,True,True,True,True,False
1376,ounces,pattern_violation,32.0 oz.,32,0,,,True,True,True,True,False
1377,ounces,pattern_violation,32.0 oz.,32,0,,,True,True,True,True,False
1378,ounces,pattern_violation,16.0 OZ.,16,0,,,True,True,True,True,False
1379,ounces,pattern_violation,16.0 oz.,16,0,,,True,True,True,True,False
1380,ounces,pattern_violation,16.0 ounce,16,0,,,True,True,True,True,False
1381,ounces,pattern_violation,16.0 oz.,16,0,,,True,True,True,True,False
1382,ounces,pattern_violation,24.0 ounce,24,0,,,True,True,True,True,False
1382,abv,pattern_violation,0.06%,0.055,0,,,True,True,True,True,False
1383,ounces,pattern_violation,24.0 oz. Alumi-Tek,24,0,,,True,True,True,True,False
1384,ounces,pattern_violation,12.0 oz.,12,0,,,True,True,True,True,False
1385,ounces,pattern_violation,16.0 oz.,16,0,,,True,True,True,True,False
1386,ounces,pattern_violation,16.0 oz.,16,0,,,True,True,True,True,False
1387,ounces,pattern_violation,16.0 ounce,16,0,,,True,True,True,True,False
1388,ounces,pattern_violation,16.0 ounce,16,0,,,True,True,True,True,False
1389,ounces,pattern_violation,16.0 oz.,16,0,,,True,True,True,True,False
1389,abv,pattern_violation,0.06%,0.055,0,,,True,True,True,True,False
1390,ounces,pattern_violation,16.0 ounce,16,0,,,True,True,True,True,False
1391,ounces,pattern_violation,16.0 oz.,16,0,,,True,True,True,True,False
1392,ounces,pattern_violation,16.0 ounce,16,0,,,True,True,True,True,False
1393,ounces,pattern_violation,12.0 oz,12,0,,,True,True,True,True,False
1394,ounces,pattern_violation,16.0 OZ.,16,0,,,True,True,True,True,False
1394,abv,pattern_violation,0.05%,0.054,0,,,True,True,True,True,False
1395,ounces,pattern_violation,16.0 ounce,16,0,,,True,True,True,True,False
1396,ounces,pattern_violation,16.0 oz,16,0,,,True,True,True,True,False
1397,ounces,pattern_violation,12.0 oz.,12,0,,,True,True,True,True,False
1397,abv,pattern_violation,0.06%,0.056,0,,,True,True,True,True,False
1398,ounces,pattern_violation,12.0 ounce,12,0,,,True,True,True,True,False
1399,ounces,pattern_violation,12.0 ounce,12,0,,,True,True,True,True,False
1400,ounces,pattern_violation,12.0 oz.,12,0,,,True,True,True,True,False
1401,ounces,pattern_violation,12.0 oz,12,0,,,True,True,True,True,False
1402,ounces,pattern_violation,12.0 oz.,12,0,,,True,True,True,True,False
1402,abv,pattern_violation,0.05%,0.046,0,,,True,True,True,True,False
1403,ounces,pattern_violation,12.0 oz,12,0,,,True,True,True,True,False
1403,abv,pattern_violation,0.05%,0.05,0,,,True,True,True,True,False
1404,ounces,pattern_violation,12.0 oz,12,0,,,True,True,True,True,False
1405,ounces,pattern_violation,12.0 oz,12,0,,,True,True,True,True,False
1406,ounces,pattern_violation,12.0 oz.,12,0,,,True,True,True,True,False
1406,abv,pattern_violation,0.05%,0.05,0,,,True,True,True,True,False
1407,ounces,pattern_violation,12.0 oz,12,0,,,True,True,True,True,False
1408,ounces,pattern_violation,12.0 ounce,12,0,,,True,True,True,True,False
1409,ounces,pattern_violation,16.0 oz.,16,0,,,True,True,True,True,False
1410,ounces,pattern_violation,12.0 ounce,12,0,,,True,True,True,True,False
1411,ounces,pattern_violation,12.0 oz.,12,0,,,True,True,True,True,False
1412,ounces,pattern_violation,12.0 ounce,12,0,,,True,True,True,True,False
1413,ounces,pattern_violation,12.0 oz.,12,0,,,True,True,True,True,False
1414,ounces,pattern_violation,12.0 OZ.,12,0,,,True,True,True,True,False
1415,ounces,pattern_violation,12.0 ounce,12,0,,,True,True,True,True,False
1416,ounces,pattern_violation,12.0 ounce,12,0,,,True,True,True,True,False
1417,ounces,pattern_violation,12.0 oz.,12,0,,,True,True,True,True,False
1418,ounces,pattern_violation,12.0 oz,12,0,,,True,True,True,True,False
1419,ounces,pattern_violation,12.0 OZ.,12,0,,,True,True,True,True,False
1420,ounces,pattern_violation,16.0 oz,16,0,,,True,True,True,True,False
1421,ounces,pattern_violation,16.0 oz.,16,0,,,True,True,True,True,False
1421,abv,pattern_violation,0.05%,0.052,0,,,True,True,True,True,False
1422,ounces,pattern_violation,16.0 oz.,16,0,,,True,True,True,True,False
1423,ounces,pattern_violation,16.0 ounce,16,0,,,True,True,True,True,False
1423,abv,pattern_violation,0.09%,0.086,0,,,True,True,True,True,False
1424,ounces,pattern_violation,12.0 oz.,12,0,,,True,True,True,True,False
1425,ounces,pattern_violation,16.0 ounce,16,0,,,True,True,True,True,False
1426,ounces,pattern_violation,16.0 oz.,16,0,,,True,True,True,True,False
1426,abv,pattern_violation,0.04%,0.042,0,,,True,True,True,True,False
1427,ounces,pattern_violation,16.0 oz,16,0,,,True,True,True,True,False
1428,ounces,pattern_violation,16.0 oz.,16,0,,,True,True,True,True,False
1429,ounces,pattern_violation,16.0 oz. Alumi-Tek,16,0,,,True,True,True,True,False
1430,ounces,pattern_violation,16.0 oz.,16,0,,,True,True,True,True,False
1430,abv,pattern_violation,0.05%,0.053,0,,,True,True,True,True,False
1431,ounces,pattern_violation,16.0 oz,16,0,,,True,True,True,True,False
1431,abv,pattern_violation,0.07%,0.074,0,,,True,True,True,True,False
1432,ounces,pattern_violation,16.0 oz,16,0,,,True,True,True,True,False
1433,ounces,pattern_violation,16.0 ounce,16,0,,,True,True,True,True,False
1434,ounces,pattern_violation,16.0 oz.,16,0,,,True,True,True,True,False
1434,abv,pattern_violation,0.07%,0.074,0,,,True,True,True,True,False
1435,ounces,pattern_violation,16.0 oz.,16,0,,,True,True,True,True,False
1436,ounces,pattern_violation,12.0 oz,12,0,,,True,True,True,True,False
1437,ounces,pattern_violation,12.0 ounce,12,0,,,True,True,True,True,False
1438,ounces,pattern_violation,12.0 ounce,12,0,,,True,True,True,True,False
1439,ounces,pattern_violation,12.0 oz,12,0,,,True,True,True,True,False
1440,ounces,pattern_violation,12.0 oz. Alumi-Tek,12,0,,,True,True,True,True,False
1441,ounces,pattern_violation,12.0 ounce,12,0,,,True,True,True,True,False
1441,abv,pattern_violation,0.07%,0.066,0,,,True,True,True,True,False
1442,ounces,pattern_violation,12.0 oz.,12,0,,,True,True,True,True,False
1444,ounces,pattern_violation,12.0 ounce,12,0,,,True,True,True,True,False
1445,ounces,pattern_violation,12.0 oz,12,0,,,True,True,True,True,False
1445,abv,pattern_violation,0.05%,0.05,0,,,True,True,True,True,False
1446,ounces,pattern_violation,12.0 oz.,12,0,,,True,True,True,True,False
1446,abv,pattern_violation,0.06%,0.056,0,,,True,True,True,True,False
1447,ounces,pattern_violation,12.0 oz.,12,0,,,True,True,True,True,False
1448,ounces,pattern_violation,12.0 oz.,12,0,,,True,True,True,True,False
1448,abv,pattern_violation,0.06%,0.055,0,,,True,True,True,True,False
1449,ounces,pattern_violation,16.0 ounce,16,0,,,True,True,True,True,False
1450,ounces,pattern_violation,12.0 oz.,12,0,,,True,True,True,True,False
1450,abv,pattern_violation,0.05%,0.048,0,,,True,True,True,True,False
1451,ounces,pattern_violation,12.0 oz.,12,0,,,True,True,True,True,False
1451,abv,pattern_violation,0.05%,0.052,0,,,True,True,True,True,False
1452,ounces,pattern_violation,12.0 oz.,12,0,,,True,True,True,True,False
1453,ounces,pattern_violation,12.0 oz.,12,0,,,True,True,True,True,False
1454,ounces,pattern_violation,16.0 oz,16,0,,,True,True,True,True,False
1455,ounces,pattern_violation,16.0 oz.,16,0,,,True,True,True,True,False
1455,abv,pattern_violation,0.07%,0.065,0,,,True,True,True,True,False
1456,ounces,pattern_violation,16.0 oz.,16,0,,,True,True,True,True,False
1457,ounces,pattern_violation,12.0 oz.,12,0,,,True,True,True,True,False
1458,ounces,pattern_violation,12.0 ounce,12,0,,,True,True,True,True,False
1459,ounces,pattern_violation,12.0 ounce,12,0,,,True,True,True,True,False
1459,abv,pattern_violation,0.05%,0.052,0,,,True,True,True,True,False
1460,ounces,pattern_violation,12.0 oz.,12,0,,,True,True,True,True,False
1461,ounces,pattern_violation,12.0 oz.,12,0,,,True,True,True,True,False
1461,abv,pattern_violation,0.06%,0.062,0,,,True,True,True,True,False
1462,ounces,pattern_violation,12.0 ounce,12,0,,,True,True,True,True,False
1463,ounces,pattern_violation,12.0 OZ.,12,0,,,True,True,True,True,False
1464,ounces,pattern_violation,12.0 oz.,12,0,,,True,True,True,True,False
1465,ounces,pattern_violation,12.0 ounce,12,0,,,True,True,True,True,False
1466,ounces,pattern_violation,16.0 oz.,16,0,,,True,True,True,True,False
1466,abv,pattern_violation,0.09%,0.09,0,,,True,True,True,True,False
1467,ounces,pattern_violation,16.0 oz.,16,0,,,True,True,True,True,False
1468,ounces,pattern_violation,12.0 oz,12,0,,,True,True,True,True,False
1469,ounces,pattern_violation,12.0 ounce,12,0,,,True,True,True,True,False
1469,abv,pattern_violation,0.05%,0.05,0,,,True,True,True,True,False
1470,ounces,pattern_violation,12.0 OZ.,12,0,,,True,True,True,True,False
1471,ounces,pattern_violation,12.0 oz.,12,0,,,True,True,True,True,False
1471,abv,pattern_violation,0.05%,0.05,0,,,True,True,True,True,False
1472,ounces,pattern_violation,16.0 oz.,16,0,,,True,True,True,True,False
1473,ounces,pattern_violation,16.0 oz.,16,0,,,True,True,True,True,False
1474,ounces,pattern_violation,16.0 oz.,16,0,,,True,True,True,True,False
1474,abv,pattern_violation,0.07%,0.065,0,,,True,True,True,True,False
1475,ounces,pattern_violation,12.0 OZ.,12,0,,,True,True,True,True,False
1476,ounces,pattern_violation,12.0 oz,12,0,,,True,True,True,True,False
1476,abv,pattern_violation,0.05%,0.049,0,,,True,True,True,True,False
1477,ounces,pattern_violation,12.0 oz. Alumi-Tek,12,0,,,True,True,True,True,False
1478,ounces,pattern_violation,12.0 oz.,12,0,,,True,True,True,True,False
1479,ounces,pattern_violation,12.0 oz. Alumi-Tek,12,0,,,True,True,True,True,False
1479,abv,pattern_violation,0.05%,0.052,0,,,True,True,True,True,False
1480,ounces,pattern_violation,12.0 oz,12,0,,,True,True,True,True,False
1480,abv,pattern_violation,0.05%,0.054,0,,,True,True,True,True,False
1481,ounces,pattern_violation,12.0 ounce,12,0,,,True,True,True,True,False
1482,ounces,pattern_violation,12.0 oz,12,0,,,True,True,True,True,False
1482,abv,pattern_violation,0.04%,0.042,0,,,True,True,True,True,False
1483,ounces,pattern_violation,12.0 oz,12,0,,,True,True,True,True,False
1484,ounces,pattern_violation,12.0 oz.,12,0,,,True,True,True,True,False
1485,ounces,pattern_violation,12.0 oz.,12,0,,,True,True,True,True,False
1486,ounces,pattern_violation,16.0 oz,16,0,,,True,True,True,True,False
1486,abv,pattern_violation,0.06%,0.055,0,,,True,True,True,True,False
1487,ounces,pattern_violation,16.0 oz.,16,0,,,True,True,True,True,False
1487,abv,pattern_violation,0.05%,0.051,0,,,True,True,True,True,False
1488,ounces,pattern_violation,16.0 oz.,16,0,,,True,True,True,True,False
1489,ounces,pattern_violation,12.0 ounce,12,0,,,True,True,True,True,False
1490,ounces,pattern_violation,12.0 oz.,12,0,,,True,True,True,True,False
1491,ounces,pattern_violation,12.0 oz,12,0,,,True,True,True,True,False
1492,ounces,pattern_violation,12.0 oz,12,0,,,True,True,True,True,False
1493,ounces,pattern_violation,16.0 ounce,16,0,,,True,True,True,True,False
1493,abv,pattern_violation,0.05%,0.045,0,,,True,True,True,True,False
1494,ounces,pattern_violation,16.0 oz,16,0,,,True,True,True,True,False
1494,abv,pattern_violation,0.05%,0.049,0,,,True,True,True,True,False
1495,ounces,pattern_violation,16.0 oz.,16,0,,,True,True,True,True,False
1495,abv,pattern_violation,0.05%,0.048,0,,,True,True,True,True,False
1496,ounces,pattern_violation,16.0 oz.,16,0,,,True,True,True,True,False
1497,ounces,pattern_violation,16.0 oz,16,0,,,True,True,True,True,False
1498,ounces,pattern_violation,16.0 oz.,16,0,,,True,True,True,True,False
1499,ounces,pattern_violation,16.0 oz.,16,0,,,True,True,True,True,False
1499,abv,pattern_violation,0.07%,0.069,0,,,True,True,True,True,False
1500,ounces,pattern_violation,16.0 oz.,16,0,,,True,True,True,True,False
1501,ounces,pattern_violation,16.0 oz.,16,0,,,True,True,True,True,False
1501,abv,pattern_violation,0.06%,0.063,0,,,True,True,True,True,False
1502,ounces,pattern_violation,12.0 ounce,12,0,,,True,True,True,True,False
1503,ounces,pattern_violation,12.0 oz.,12,0,,,True,True,True,True,False
1504,ounces,pattern_violation,12.0 ounce,12,0,,,True,True,True,True,False
1505,ounces,pattern_violation,12.0 oz.,12,0,,,True,True,True,True,False
1506,ounces,pattern_violation,12.0 ounce,12,0,,,True,True,True,True,False
1507,ounces,pattern_violation,12.0 oz,12,0,,,True,True,True,True,False
1508,ounces,pattern_violation,12.0 oz.,12,0,,,True,True,True,True,False
1509,ounces,pattern_violation,12.0 ounce,12,0,,,True,True,True,True,False
1510,ounces,pattern_violation,12.0 oz,12,0,,,True,True,True,True,False
1511,ounces,pattern_violation,12.0 oz,12,0,,,True,True,True,True,False
1512,ounces,pattern_violation,12.0 ounce,12,0,,,True,True,True,True,False
1512,abv,pattern_violation,0.07%,0.067,0,,,True,True,True,True,False
1513,ounces,pattern_violation,16.0 oz,16,0,,,True,True,True,True,False
1514,ounces,pattern_violation,12.0 oz.,12,0,,,True,True,True,True,False
1515,ounces,pattern_violation,12.0 OZ.,12,0,,,True,True,True,True,False
1516,abv,pattern_violation,0.05%,0.048,0,,,True,True,True,True,False
1517,ounces,pattern_violation,16.0 ounce,16,0,,,True,True,True,True,False
1518,ounces,pattern_violation,16.0 ounce,16,0,,,True,True,True,True,False
1518,abv,pattern_violation,0.05%,0.051,0,,,True,True,True,True,False
1519,ounces,pattern_violation,16.0 oz,16,0,,,True,True,True,True,False
1520,ounces,pattern_violation,16.0 ounce,16,0,,,True,True,True,True,False
1521,ounces,pattern_violation,12.0 oz.,12,0,,,True,True,True,True,False
1521,abv,pattern_violation,0.09%,0.092,0,,,True,True,True,True,False
1522,ounces,pattern_violation,12.0 oz.,12,0,,,True,True,True,True,False
1523,ounces,pattern_violation,12.0 oz,12,0,,,True,True,True,True,False
1524,ounces,pattern_violation,12.0 oz.,12,0,,,True,True,True,True,False
1525,ounces,pattern_violation,12.0 oz,12,0,,,True,True,True,True,False
1525,abv,pattern_violation,0.05%,0.051,0,,,True,True,True,True,False
1526,ounces,pattern_violation,12.0 ounce,12,0,,,True,True,True,True,False
1527,ounces,pattern_violation,12.0 oz,12,0,,,True,True,True,True,False
1528,ounces,pattern_violation,16.0 oz,16,0,,,True,True,True,True,False
1528,abv,pattern_violation,0.10%,0.095,0,,,True,True,True,True,False
1529,ounces,pattern_violation,16.0 oz.,16,0,,,True,True,True,True,False
1530,ounces,pattern_violation,16.0 oz,16,0,,,True,True,True,True,False
1530,abv,pattern_violation,0.06%,0.06,0,,,True,True,True,True,False
1531,ounces,pattern_violation,16.0 ounce,16,0,,,True,True,True,True,False
1531,abv,pattern_violation,0.05%,0.05,0,,,True,True,True,True,False
1532,ounces,pattern_violation,16.0 oz,16,0,,,True,True,True,True,False
1533,ounces,pattern_violation,16.0 oz.,16,0,,,True,True,True,True,False
1533,abv,pattern_violation,0.05%,0.05,0,,,True,True,True,True,False
1534,ounces,pattern_violation,16.0 oz.,16,0,,,True,True,True,True,False
1535,ounces,pattern_violation,16.0 oz.,16,0,,,True,True,True,True,False
1536,ounces,pattern_violation,16.0 oz.,16,0,,,True,True,True,True,False
1537,ounces,pattern_violation,16.0 oz,16,0,,,True,True,True,True,False
1538,ounces,pattern_violation,16.0 ounce,16,0,,,True,True,True,True,False
1538,abv,pattern_violation,0.05%,0.046,0,,,True,True,True,True,False
1539,ounces,pattern_violation,16.0 oz.,16,0,,,True,True,True,True,False
1540,ounces,pattern_violation,16.0 OZ.,16,0,,,True,True,True,True,False
1541,ounces,pattern_violation,16.0 oz,16,0,,,True,True,True,True,False
1541,abv,pattern_violation,0.08%,0.075,0,,,True,True,True,True,False
1542,ounces,pattern_violation,16.0 ounce,16,0,,,True,True,True,True,False
1543,ounces,pattern_violation,16.0 oz,16,0,,,True,True,True,True,False
1543,abv,pattern_violation,0.05%,0.048,0,,,True,True,True,True,False
1544,ounces,pattern_violation,16.0 oz.,16,0,,,True,True,True,True,False
1544,abv,pattern_violation,0.05%,0.053,0,,,True,True,True,True,False
1545,ounces,pattern_violation,16.0 oz.,16,0,,,True,True,True,True,False
1545,abv,pattern_violation,0.06%,0.055,0,,,True,True,True,True,False
1546,ounces,pattern_violation,16.0 oz,16,0,,,True,True,True,True,False
1546,abv,pattern_violation,0.07%,0.067,0,,,True,True,True,True,False
1547,ounces,pattern_violation,16.0 oz.,16,0,,,True,True,True,True,False
1548,ounces,pattern_violation,16.0 oz,16,0,,,True,True,True,True,False
1548,abv,pattern_violation,0.04%,0.041,0,,,True,True,True,True,False
1549,ounces,pattern_violation,12.0 oz.,12,0,,,True,True,True,True,False
1550,ounces,pattern_violation,12.0 ounce,12,0,,,True,True,True,True,False
1551,ounces,pattern_violation,12.0 oz,12,0,,,True,True,True,True,False
1551,abv,pattern_violation,0.05%,0.049,0,,,True,True,True,True,False
1552,ounces,pattern_violation,19.2 oz. Alumi-Tek,19.2,0,,,True,True,True,True,False
1553,ounces,pattern_violation,16.0 oz,16,0,,,True,True,True,True,False
1554,ounces,pattern_violation,32.0 oz.,32,0,,,True,True,True,True,False
1555,ounces,pattern_violation,12.0 ounce,12,0,,,True,True,True,True,False
1556,ounces,pattern_violation,16.0 ounce,16,0,,,True,True,True,True,False
1558,ounces,pattern_violation,12.0 ounce,12,0,,,True,True,True,True,False
1559,ounces,pattern_violation,12.0 OZ.,12,0,,,True,True,True,True,False
1560,ounces,pattern_violation,12.0 oz,12,0,,,True,True,True,True,False
1561,ounces,pattern_violation,19.2 OZ.,19.2,0,,,True,True,True,True,False
1561,abv,pattern_violation,0.05%,0.053,0,,,True,True,True,True,False
1562,ounces,pattern_violation,19.2 oz.,19.2,0,,,True,True,True,True,False
1563,ounces,pattern_violation,16.0 ounce,16,0,,,True,True,True,True,False
1564,ounces,pattern_violation,19.2 OZ.,19.2,0,,,True,True,True,True,False
1565,ounces,pattern_violation,16.0 oz,16,0,,,True,True,True,True,False
1566,ounces,pattern_violation,12.0 ounce,12,0,,,True,True,True,True,False
1567,ounces,pattern_violation,12.0 oz,12,0,,,True,True,True,True,False
1568,ounces,pattern_violation,12.0 oz,12,0,,,True,True,True,True,False
1568,abv,pattern_violation,0.09%,0.087,0,,,True,True,True,True,False
1569,ounces,pattern_violation,12.0 oz.,12,0,,,True,True,True,True,False
1570,ounces,pattern_violation,12.0 ounce,12,0,,,True,True,True,True,False
1571,ounces,pattern_violation,16.0 oz.,16,0,,,True,True,True,True,False
1572,ounces,pattern_violation,16.0 oz,16,0,,,True,True,True,True,False
1572,abv,pattern_violation,0.09%,0.09,0,,,True,True,True,True,False
1573,ounces,pattern_violation,16.0 oz.,16,0,,,True,True,True,True,False
1574,ounces,pattern_violation,12.0 ounce,12,0,,,True,True,True,True,False
1576,ounces,pattern_violation,12.0 ounce,12,0,,,True,True,True,True,False
1577,ounces,pattern_violation,12.0 oz.,12,0,,,True,True,True,True,False
1578,ounces,pattern_violation,12.0 ounce,12,0,,,True,True,True,True,False
1579,ounces,pattern_violation,12.0 OZ.,12,0,,,True,True,True,True,False
1579,abv,pattern_violation,0.05%,0.053,0,,,True,True,True,True,False
1580,ounces,pattern_violation,12.0 ounce,12,0,,,True,True,True,True,False
1581,ounces,pattern_violation,12.0 oz.,12,0,,,True,True,True,True,False
1582,ounces,pattern_violation,12.0 oz,12,0,,,True,True,True,True,False
1583,ounces,pattern_violation,12.0 oz.,12,0,,,True,True,True,True,False
1584,ounces,pattern_violation,12.0 oz.,12,0,,,True,True,True,True,False
1585,ounces,pattern_violation,12.0 oz.,12,0,,,True,True,True,True,False
1586,ounces,pattern_violation,12.0 oz.,12,0,,,True,True,True,True,False
1587,ounces,pattern_violation,12.0 oz.,12,0,,,True,True,True,True,False
1588,ounces,pattern_violation,12.0 oz.,12,0,,,True,True,True,True,False
1589,ounces,pattern_violation,12.0 oz,12,0,,,True,True,True,True,False
1590,ounces,pattern_violation,12.0 ounce,12,0,,,True,True,True,True,False
1591,ounces,pattern_violation,12.0 oz.,12,0,,,True,True,True,True,False
1591,abv,pattern_violation,0.07%,0.065,0,,,True,True,True,True,False
1592,ounces,pattern_violation,12.0 oz,12,0,,,True,True,True,True,False
1593,ounces,pattern_violation,12.0 oz.,12,0,,,True,True,True,True,False
1593,abv,pattern_violation,0.07%,0.065,0,,,True,True,True,True,False
1594,ounces,pattern_violation,12.0 oz,12,0,,,True,True,True,True,False
1595,ounces,pattern_violation,12.0 oz,12,0,,,True,True,True,True,False
1595,abv,pattern_violation,0.05%,0.052,0,,,True,True,True,True,False
1596,ounces,pattern_violation,12.0 ounce,12,0,,,True,True,True,True,False
1597,ounces,pattern_violation,12.0 OZ.,12,0,,,True,True,True,True,False
1597,abv,pattern_violation,0.09%,0.087,0,,,True,True,True,True,False
1598,ounces,pattern_violation,12.0 oz,12,0,,,True,True,True,True,False
1598,abv,pattern_violation,0.10%,0.099,0,,,True,True,True,True,False
1600,ounces,pattern_violation,12.0 oz,12,0,,,True,True,True,True,False
1601,ounces,pattern_violation,19.2 oz.,19.2,0,,,True,True,True,True,False
1602,ounces,pattern_violation,12.0 oz.,12,0,,,True,True,True,True,False
1603,ounces,pattern_violation,12.0 oz,12,0,,,True,True,True,True,False
1603,abv,pattern_violation,0.06%,0.055,0,,,True,True,True,True,False
1604,ounces,pattern_violation,12.0 oz,12,0,,,True,True,True,True,False
1605,ounces,pattern_violation,12.0 oz.,12,0,,,True,True,True,True,False
1606,ounces,pattern_violation,12.0 oz. Alumi-Tek,12,0,,,True,True,True,True,False
1607,ounces,pattern_violation,12.0 oz,12,0,,,True,True,True,True,False
1608,ounces,pattern_violation,16.0 ounce,16,0,,,True,True,True,True,False
1609,ounces,pattern_violation,16.0 ounce,16,0,,,True,True,True,True,False
1609,abv,pattern_violation,0.05%,0.053,0,,,True,True,True,True,False
1610,ounces,pattern_violation,16.0 oz.,16,0,,,True,True,True,True,False
1611,ounces,pattern_violation,16.0 ounce,16,0,,,True,True,True,True,False
1612,ounces,pattern_violation,16.0 oz.,16,0,,,True,True,True,True,False
1613,ounces,pattern_violation,12.0 oz.,12,0,,,True,True,True,True,False
1614,ounces,pattern_violation,12.0 oz,12,0,,,True,True,True,True,False
1614,abv,pattern_violation,0.06%,0.062,0,,,True,True,True,True,False
1615,ounces,pattern_violation,12.0 oz,12,0,,,True,True,True,True,False
1616,ounces,pattern_violation,12.0 oz.,12,0,,,True,True,True,True,False
1617,ounces,pattern_violation,12.0 oz.,12,0,,,True,True,True,True,False
1617,abv,pattern_violation,0.06%,0.055,0,,,True,True,True,True,False
1618,ounces,pattern_violation,12.0 ounce,12,0,,,True,True,True,True,False
1618,abv,pattern_violation,0.05%,0.05,0,,,True,True,True,True,False
1619,ounces,pattern_violation,12.0 OZ.,12,0,,,True,True,True,True,False
1619,abv,pattern_violation,0.05%,0.046,0,,,True,True,True,True,False
1620,ounces,pattern_violation,12.0 oz.,12,0,,,True,True,True,True,False
1621,ounces,pattern_violation,12.0 ounce,12,0,,,True,True,True,True,False
1622,ounces,pattern_violation,12.0 oz.,12,0,,,True,True,True,True,False
1623,ounces,pattern_violation,12.0 oz.,12,0,,,True,True,True,True,False
1624,ounces,pattern_violation,12.0 ounce,12,0,,,True,True,True,True,False
1625,ounces,pattern_violation,12.0 ounce,12,0,,,True,True,True,True,False
1626,ounces,pattern_violation,12.0 oz,12,0,,,True,True,True,True,False
1627,ounces,pattern_violation,12.0 oz,12,0,,,True,True,True,True,False
1628,ounces,pattern_violation,12.0 oz.,12,0,,,True,True,True,True,False
1629,ounces,pattern_violation,12.0 oz.,12,0,,,True,True,True,True,False
1630,ounces,pattern_violation,12.0 ounce,12,0,,,True,True,True,True,False
1630,abv,pattern_violation,0.07%,0.065,0,,,True,True,True,True,False
1631,ounces,pattern_violation,12.0 oz.,12,0,,,True,True,True,True,False
1632,ounces,pattern_violation,12.0 oz.,12,0,,,True,True,True,True,False
1633,ounces,pattern_violation,12.0 OZ.,12,0,,,True,True,True,True,False
1634,ounces,pattern_violation,12.0 ounce,12,0,,,True,True,True,True,False
1634,abv,pattern_violation,0.05%,0.047,0,,,True,True,True,True,False
1635,ounces,pattern_violation,12.0 oz. Alumi-Tek,12,0,,,True,True,True,True,False
1635,abv,pattern_violation,0.05%,0.049,0,,,True,True,True,True,False
1636,ounces,pattern_violation,12.0 oz,12,0,,,True,True,True,True,False
1637,ounces,pattern_violation,12.0 ounce,12,0,,,True,True,True,True,False
1637,abv,pattern_violation,0.05%,0.047,0,,,True,True,True,True,False
1638,ounces,pattern_violation,12.0 oz,12,0,,,True,True,True,True,False
1639,ounces,pattern_violation,12.0 oz,12,0,,,True,True,True,True,False
1640,ounces,pattern_violation,16.0 oz.,16,0,,,True,True,True,True,False
1641,ounces,pattern_violation,16.0 oz.,16,0,,,True,True,True,True,False
1642,ounces,pattern_violation,16.0 oz.,16,0,,,True,True,True,True,False
1643,ounces,pattern_violation,16.0 oz. Alumi-Tek,16,0,,,True,True,True,True,False
1644,ounces,pattern_violation,12.0 oz.,12,0,,,True,True,True,True,False
1645,ounces,pattern_violation,16.0 oz.,16,0,,,True,True,True,True,False
1645,abv,pattern_violation,0.06%,0.056,0,,,True,True,True,True,False
1646,ounces,pattern_violation,16.0 oz,16,0,,,True,True,True,True,False
1647,ounces,pattern_violation,12.0 oz.,12,0,,,True,True,True,True,False
1648,ounces,pattern_violation,12.0 oz.,12,0,,,True,True,True,True,False
1649,ounces,pattern_violation,12.0 ounce,12,0,,,True,True,True,True,False
1650,ounces,pattern_violation,16.0 oz,16,0,,,True,True,True,True,False
1651,ounces,pattern_violation,16.0 ounce,16,0,,,True,True,True,True,False
1652,ounces,pattern_violation,16.0 oz.,16,0,,,True,True,True,True,False
1653,ounces,pattern_violation,16.0 oz.,16,0,,,True,True,True,True,False
1654,ounces,pattern_violation,16.0 oz,16,0,,,True,True,True,True,False
1655,ounces,pattern_violation,16.0 oz,16,0,,,True,True,True,True,False
1656,ounces,pattern_violation,16.0 ounce,16,0,,,True,True,True,True,False
1657,ounces,pattern_violation,16.0 ounce,16,0,,,True,True,True,True,False
1657,abv,pattern_violation,0.07%,0.07,0,,,True,True,True,True,False
1658,ounces,pattern_violation,16.0 oz.,16,0,,,True,True,True,True,False
1659,ounces,pattern_violation,12.0 oz.,12,0,,,True,True,True,True,False
1660,ounces,pattern_violation,12.0 ounce,12,0,,,True,True,True,True,False
1661,ounces,pattern_violation,16.0 oz,16,0,,,True,True,True,True,False
1662,ounces,pattern_violation,16.0 oz,16,0,,,True,True,True,True,False
1663,ounces,pattern_violation,16.0 ounce,16,0,,,True,True,True,True,False
1664,ounces,pattern_violation,12.0 OZ.,12,0,,,True,True,True,True,False
1664,abv,pattern_violation,0.05%,0.05,0,,,True,True,True,True,False
1665,ounces,pattern_violation,12.0 ounce,12,0,,,True,True,True,True,False
1666,ounces,pattern_violation,12.0 ounce,12,0,,,True,True,True,True,False
1667,ounces,pattern_violation,12.0 oz.,12,0,,,True,True,True,True,False
1668,ounces,pattern_violation,12.0 oz.,12,0,,,True,True,True,True,False
1669,ounces,pattern_violation,12.0 OZ.,12,0,,,True,True,True,True,False
1669,abv,pattern_violation,0.06%,0.059,0,,,True,True,True,True,False
1670,ounces,pattern_violation,12.0 oz.,12,0,,,True,True,True,True,False
1670,abv,pattern_violation,0.07%,0.069,0,,,True,True,True,True,False
1671,ounces,pattern_violation,12.0 ounce,12,0,,,True,True,True,True,False
1672,ounces,pattern_violation,12.0 oz.,12,0,,,True,True,True,True,False
1673,ounces,pattern_violation,12.0 OZ.,12,0,,,True,True,True,True,False
1674,ounces,pattern_violation,12.0 oz.,12,0,,,True,True,True,True,False
1674,abv,pattern_violation,0.06%,0.058,0,,,True,True,True,True,False
1675,ounces,pattern_violation,12.0 oz.,12,0,,,True,True,True,True,False
1676,ounces,pattern_violation,12.0 oz.,12,0,,,True,True,True,True,False
1676,abv,pattern_violation,0.05%,0.052,0,,,True,True,True,True,False
1677,ounces,pattern_violation,16.0 oz.,16,0,,,True,True,True,True,False
1677,abv,pattern_violation,0.05%,0.052,0,,,True,True,True,True,False
1678,ounces,pattern_violation,12.0 oz,12,0,,,True,True,True,True,False
1679,ounces,pattern_violation,12.0 oz,12,0,,,True,True,True,True,False
1680,ounces,pattern_violation,12.0 ounce,12,0,,,True,True,True,True,False
1681,ounces,pattern_violation,12.0 OZ.,12,0,,,True,True,True,True,False
1682,ounces,pattern_violation,12.0 oz.,12,0,,,True,True,True,True,False
1683,ounces,pattern_violation,12.0 oz.,12,0,,,True,True,True,True,False
1684,ounces,pattern_violation,12.0 OZ.,12,0,,,True,True,True,True,False
1684,abv,pattern_violation,0.10%,0.099,0,,,True,True,True,True,False
1685,ounces,pattern_violation,12.0 oz,12,0,,,True,True,True,True,False
1685,abv,pattern_violation,0.05%,0.051,0,,,True,True,True,True,False
1686,ounces,pattern_violation,12.0 oz.,12,0,,,True,True,True,True,False
1687,ounces,pattern_violation,12.0 oz,12,0,,,True,True,True,True,False
1688,ounces,pattern_violation,12.0 oz.,12,0,,,True,True,True,True,False
1689,ounces,pattern_violation,12.0 oz.,12,0,,,True,True,True,True,False
1689,abv,pattern_violation,0.05%,0.051,0,,,True,True,True,True,False
1690,ounces,pattern_violation,12.0 oz,12,0,,,True,True,True,True,False
1691,ounces,pattern_violation,12.0 oz.,12,0,,,True,True,True,True,False
1691,abv,pattern_violation,0.06%,0.062,0,,,True,True,True,True,False
1692,ounces,pattern_violation,12.0 oz.,12,0,,,True,True,True,True,False
1693,ounces,pattern_violation,16.0 oz.,16,0,,,True,True,True,True,False
1694,ounces,pattern_violation,16.0 oz,16,0,,,True,True,True,True,False
1695,ounces,pattern_violation,16.0 oz.,16,0,,,True,True,True,True,False
1695,abv,pattern_violation,0.07%,0.07,0,,,True,True,True,True,False
1696,abv,pattern_violation,0.05%,0.047,0,,,True,True,True,True,False
1697,ounces,pattern_violation,16.0 ounce,16,0,,,True,True,True,True,False
1697,abv,pattern_violation,0.06%,0.058,0,,,True,True,True,True,False
1698,ounces,pattern_violation,16.0 ounce,16,0,,,True,True,True,True,False
1699,ounces,pattern_violation,16.0 oz.,16,0,,,True,True,True,True,False
1700,ounces,pattern_violation,12.0 oz.,12,0,,,True,True,True,True,False
1701,ounces,pattern_violation,12.0 oz,12,0,,,True,True,True,True,False
1702,ounces,pattern_violation,16.0 ounce,16,0,,,True,True,True,True,False
1703,ounces,pattern_violation,16.0 oz.,16,0,,,True,True,True,True,False
1704,ounces,pattern_violation,16.0 ounce,16,0,,,True,True,True,True,False
1704,abv,pattern_violation,0.08%,0.08,0,,,True,True,True,True,False
1705,ounces,pattern_violation,16.0 ounce,16,0,,,True,True,True,True,False
1706,ounces,pattern_violation,12.0 ounce,12,0,,,True,True,True,True,False
1706,abv,pattern_violation,0.05%,0.05,0,,,True,True,True,True,False
1707,ounces,pattern_violation,12.0 oz.,12,0,,,True,True,True,True,False
1708,ounces,pattern_violation,16.0 ounce,16,0,,,True,True,True,True,False
1709,ounces,pattern_violation,12.0 OZ.,12,0,,,True,True,True,True,False
1710,ounces,pattern_violation,16.0 oz.,16,0,,,True,True,True,True,False
1711,ounces,pattern_violation,16.0 oz.,16,0,,,True,True,True,True,False
1711,abv,pattern_violation,0.07%,0.07,0,,,True,True,True,True,False
1712,ounces,pattern_violation,16.0 oz.,16,0,,,True,True,True,True,False
1713,ounces,pattern_violation,16.0 oz.,16,0,,,True,True,True,True,False
1714,ounces,pattern_violation,16.0 oz.,16,0,,,True,True,True,True,False
1715,ounces,pattern_violation,16.0 oz.,16,0,,,True,True,True,True,False
1716,ounces,pattern_violation,16.0 oz.,16,0,,,True,True,True,True,False
1717,ounces,pattern_violation,16.0 oz.,16,0,,,True,True,True,True,False
1718,ounces,pattern_violation,12.0 oz,12,0,,,True,True,True,True,False
1719,ounces,pattern_violation,12.0 oz,12,0,,,True,True,True,True,False
1720,ounces,pattern_violation,12.0 ounce,12,0,,,True,True,True,True,False
1721,ounces,pattern_violation,12.0 ounce,12,0,,,True,True,True,True,False
1722,ounces,pattern_violation,12.0 ounce,12,0,,,True,True,True,True,False
1723,ounces,pattern_violation,12.0 ounce,12,0,,,True,True,True,True,False
1724,ounces,pattern_violation,12.0 oz.,12,0,,,True,True,True,True,False
1724,abv,pattern_violation,0.06%,0.057,0,,,True,True,True,True,False
1725,ounces,pattern_violation,12.0 oz.,12,0,,,True,True,True,True,False
1726,ounces,pattern_violation,12.0 oz,12,0,,,True,True,True,True,False
1727,ounces,pattern_violation,12.0 ounce,12,0,,,True,True,True,True,False
1727,abv,pattern_violation,0.05%,0.05,0,,,True,True,True,True,False
1728,ounces,pattern_violation,12.0 oz.,12,0,,,True,True,True,True,False
1728,abv,pattern_violation,0.06%,0.057,0,,,True,True,True,True,False
1729,ounces,pattern_violation,12.0 oz,12,0,,,True,True,True,True,False
1730,ounces,pattern_violation,12.0 oz.,12,0,,,True,True,True,True,False
1731,ounces,pattern_violation,12.0 oz.,12,0,,,True,True,True,True,False
1732,ounces,pattern_violation,12.0 oz. Alumi-Tek,12,0,,,True,True,True,True,False
1733,ounces,pattern_violation,12.0 oz.,12,0,,,True,True,True,True,False
1733,abv,pattern_violation,0.04%,0.043,0,,,True,True,True,True,False
1734,ounces,pattern_violation,12.0 oz.,12,0,,,True,True,True,True,False
1735,ounces,pattern_violation,12.0 oz.,12,0,,,True,True,True,True,False
1735,abv,pattern_violation,0.05%,0.048,0,,,True,True,True,True,False
1736,ounces,pattern_violation,16.0 oz. Alumi-Tek,16,0,,,True,True,True,True,False
1737,ounces,pattern_violation,16.0 oz,16,0,,,True,True,True,True,False
1737,abv,pattern_violation,0.04%,0.035,0,,,True,True,True,True,False
1738,ounces,pattern_violation,16.0 oz.,16,0,,,True,True,True,True,False
1739,ounces,pattern_violation,16.0 ounce,16,0,,,True,True,True,True,False
1740,ounces,pattern_violation,16.0 oz.,16,0,,,True,True,True,True,False
1741,ounces,pattern_violation,16.0 ounce,16,0,,,True,True,True,True,False
1742,ounces,pattern_violation,16.0 oz,16,0,,,True,True,True,True,False
1742,abv,pattern_violation,0.06%,0.055,0,,,True,True,True,True,False
1743,ounces,pattern_violation,12.0 oz,12,0,,,True,True,True,True,False
1745,ounces,pattern_violation,12.0 oz. Alumi-Tek,12,0,,,True,True,True,True,False
1746,ounces,pattern_violation,12.0 oz,12,0,,,True,True,True,True,False
1747,ounces,pattern_violation,12.0 oz. Alumi-Tek,12,0,,,True,True,True,True,False
1748,ounces,pattern_violation,12.0 oz.,12,0,,,True,True,True,True,False
1749,ounces,pattern_violation,12.0 oz.,12,0,,,True,True,True,True,False
1750,ounces,pattern_violation,12.0 OZ.,12,0,,,True,True,True,True,False
1751,ounces,pattern_violation,12.0 oz.,12,0,,,True,True,True,True,False
1752,ounces,pattern_violation,12.0 oz. Alumi-Tek,12,0,,,True,True,True,True,False
1753,ounces,pattern_violation,12.0 oz,12,0,,,True,True,True,True,False
1754,ounces,pattern_violation,12.0 oz.,12,0,,,True,True,True,True,False
1755,ounces,pattern_violation,12.0 oz.,12,0,,,True,True,True,True,False
1756,ounces,pattern_violation,12.0 ounce,12,0,,,True,True,True,True,False
1757,ounces,pattern_violation,12.0 ounce,12,0,,,True,True,True,True,False
1758,ounces,pattern_violation,16.0 oz,16,0,,,True,True,True,True,False
1759,ounces,pattern_violation,16.0 oz.,16,0,,,True,True,True,True,False
1760,ounces,pattern_violation,16.0 oz.,16,0,,,True,True,True,True,False
1761,ounces,pattern_violation,16.0 ounce,16,0,,,True,True,True,True,False
1761,abv,pattern_violation,0.06%,0.055,0,,,True,True,True,True,False
1762,ounces,pattern_violation,16.0 oz. Alumi-Tek,16,0,,,True,True,True,True,False
1763,ounces,pattern_violation,16.0 oz.,16,0,,,True,True,True,True,False
1764,ounces,pattern_violation,16.0 ounce,16,0,,,True,True,True,True,False
1764,abv,pattern_violation,0.07%,0.07,0,,,True,True,True,True,False
1765,ounces,pattern_violation,12.0 oz. Alumi-Tek,12,0,,,True,True,True,True,False
1765,abv,pattern_violation,0.06%,0.055,0,,,True,True,True,True,False
1766,ounces,pattern_violation,16.0 oz,16,0,,,True,True,True,True,False
1767,ounces,pattern_violation,16.0 oz.,16,0,,,True,True,True,True,False
1768,ounces,pattern_violation,16.0 ounce,16,0,,,True,True,True,True,False
1769,ounces,pattern_violation,16.0 OZ.,16,0,,,True,True,True,True,False
1770,ounces,pattern_violation,12.0 ounce,12,0,,,True,True,True,True,False
1770,abv,pattern_violation,0.07%,0.071,0,,,True,True,True,True,False
1771,ounces,pattern_violation,12.0 ounce,12,0,,,True,True,True,True,False
1772,ounces,pattern_violation,12.0 oz.,12,0,,,True,True,True,True,False
1773,ounces,pattern_violation,12.0 oz.,12,0,,,True,True,True,True,False
1774,ounces,pattern_violation,12.0 oz,12,0,,,True,True,True,True,False
1774,abv,pattern_violation,0.07%,0.072,0,,,True,True,True,True,False
1775,ounces,pattern_violation,12.0 oz.,12,0,,,True,True,True,True,False
1775,abv,pattern_violation,0.06%,0.063,0,,,True,True,True,True,False
1776,ounces,pattern_violation,12.0 oz.,12,0,,,True,True,True,True,False
1776,abv,pattern_violation,0.05%,0.045,0,,,True,True,True,True,False
1777,ounces,pattern_violation,12.0 oz,12,0,,,True,True,True,True,False
1777,abv,pattern_violation,0.06%,0.056,0,,,True,True,True,True,False
1778,ounces,pattern_violation,12.0 oz.,12,0,,,True,True,True,True,False
1779,ounces,pattern_violation,12.0 oz.,12,0,,,True,True,True,True,False
1780,ounces,pattern_violation,16.0 oz.,16,0,,,True,True,True,True,False
1780,abv,pattern_violation,0.07%,0.073,0,,,True,True,True,True,False
1781,ounces,pattern_violation,16.0 ounce,16,0,,,True,True,True,True,False
1782,ounces,pattern_violation,12.0 oz,12,0,,,True,True,True,True,False
1783,ounces,pattern_violation,12.0 oz.,12,0,,,True,True,True,True,False
1783,abv,pattern_violation,0.07%,0.068,0,,,True,True,True,True,False
1784,ounces,pattern_violation,12.0 oz.,12,0,,,True,True,True,True,False
1784,abv,pattern_violation,0.05%,0.052,0,,,True,True,True,True,False
1785,ounces,pattern_violation,12.0 ounce,12,0,,,True,True,True,True,False
1785,abv,pattern_violation,0.05%,0.048,0,,,True,True,True,True,False
1786,ounces,pattern_violation,12.0 oz.,12,0,,,True,True,True,True,False
1786,abv,pattern_violation,0.07%,0.069,0,,,True,True,True,True,False
1787,ounces,pattern_violation,16.0 ounce,16,0,,,True,True,True,True,False
1788,ounces,pattern_violation,16.0 oz,16,0,,,True,True,True,True,False
1788,abv,pattern_violation,0.09%,0.091,0,,,True,True,True,True,False
1790,ounces,pattern_violation,12.0 ounce,12,0,,,True,True,True,True,False
1790,abv,pattern_violation,0.05%,0.05,0,,,True,True,True,True,False
1791,ounces,pattern_violation,12.0 oz.,12,0,,,True,True,True,True,False
1792,ounces,pattern_violation,12.0 oz,12,0,,,True,True,True,True,False
1793,ounces,pattern_violation,12.0 OZ.,12,0,,,True,True,True,True,False
1793,abv,pattern_violation,0.06%,0.055,0,,,True,True,True,True,False
1794,ounces,pattern_violation,12.0 oz.,12,0,,,True,True,True,True,False
1794,abv,pattern_violation,0.05%,0.05,0,,,True,True,True,True,False
1795,ounces,pattern_violation,12.0 ounce,12,0,,,True,True,True,True,False
1796,ounces,pattern_violation,12.0 oz.,12,0,,,True,True,True,True,False
1796,abv,pattern_violation,0.07%,0.069,0,,,True,True,True,True,False
1797,ounces,pattern_violation,12.0 oz,12,0,,,True,True,True,True,False
1798,ounces,pattern_violation,12.0 oz.,12,0,,,True,True,True,True,False
1799,ounces,pattern_violation,12.0 ounce,12,0,,,True,True,True,True,False
1800,ounces,pattern_violation,12.0 ounce,12,0,,,True,True,True,True,False
1801,ounces,pattern_violation,12.0 oz,12,0,,,True,True,True,True,False
1802,ounces,pattern_violation,12.0 oz.,12,0,,,True,True,True,True,False
1803,ounces,pattern_violation,12.0 ounce,12,0,,,True,True,True,True,False
1803,abv,pattern_violation,0.06%,0.055,0,,,True,True,True,True,False
1804,ounces,pattern_violation,12.0 oz.,12,0,,,True,True,True,True,False
1804,abv,pattern_violation,0.06%,0.055,0,,,True,True,True,True,False
1805,ounces,pattern_violation,12.0 ounce,12,0,,,True,True,True,True,False
1805,abv,pattern_violation,0.06%,0.058,0,,,True,True,True,True,False
1806,ounces,pattern_violation,12.0 oz,12,0,,,True,True,True,True,False
1807,ounces,pattern_violation,16.0 ounce,16,0,,,True,True,True,True,False
1807,abv,pattern_violation,0.09%,0.089,0,,,True,True,True,True,False
1808,ounces,pattern_violation,12.0 ounce,12,0,,,True,True,True,True,False
1808,abv,pattern_violation,0.05%,0.054,0,,,True,True,True,True,False
1809,ounces,pattern_violation,16.0 ounce,16,0,,,True,True,True,True,False
1810,ounces,pattern_violation,12.0 ounce,12,0,,,True,True,True,True,False
1811,ounces,pattern_violation,12.0 oz,12,0,,,True,True,True,True,False
1812,ounces,pattern_violation,12.0 oz.,12,0,,,True,True,True,True,False
1813,ounces,pattern_violation,12.0 oz.,12,0,,,True,True,True,True,False
1814,ounces,pattern_violation,12.0 oz.,12,0,,,True,True,True,True,False
1814,abv,pattern_violation,0.08%,0.08,0,,,True,True,True,True,False
1815,ounces,pattern_violation,12.0 oz.,12,0,,,True,True,True,True,False
1816,ounces,pattern_violation,12.0 oz.,12,0,,,True,True,True,True,False
1817,ounces,pattern_violation,16.0 oz.,16,0,,,True,True,True,True,False
1817,abv,pattern_violation,0.05%,0.05,0,,,True,True,True,True,False
1818,ounces,pattern_violation,12.0 oz,12,0,,,True,True,True,True,False
1819,ounces,pattern_violation,12.0 oz.,12,0,,,True,True,True,True,False
1819,abv,pattern_violation,0.07%,0.065,0,,,True,True,True,True,False
1820,ounces,pattern_violation,12.0 oz.,12,0,,,True,True,True,True,False
1821,ounces,pattern_violation,12.0 oz,12,0,,,True,True,True,True,False
1822,ounces,pattern_violation,12.0 oz.,12,0,,,True,True,True,True,False
1823,ounces,pattern_violation,12.0 ounce,12,0,,,True,True,True,True,False
1823,abv,pattern_violation,0.05%,0.045,0,,,True,True,True,True,False
1824,ounces,pattern_violation,12.0 oz.,12,0,,,True,True,True,True,False
1825,ounces,pattern_violation,12.0 oz. Alumi-Tek,12,0,,,True,True,True,True,False
1825,abv,pattern_violation,0.04%,0.041,0,,,True,True,True,True,False
1826,ounces,pattern_violation,12.0 oz.,12,0,,,True,True,True,True,False
1826,abv,pattern_violation,0.05%,0.045,0,,,True,True,True,True,False
1827,ounces,pattern_violation,12.0 oz.,12,0,,,True,True,True,True,False
1828,ounces,pattern_violation,12.0 oz.,12,0,,,True,True,True,True,False
1829,ounces,pattern_violation,16.0 oz,16,0,,,True,True,True,True,False
1830,ounces,pattern_violation,16.0 oz,16,0,,,True,True,True,True,False
1831,ounces,pattern_violation,16.0 oz.,16,0,,,True,True,True,True,False
1832,ounces,pattern_violation,16.0 ounce,16,0,,,True,True,True,True,False
1833,ounces,pattern_violation,16.0 oz,16,0,,,True,True,True,True,False
1833,abv,pattern_violation,0.08%,0.077,0,,,True,True,True,True,False
1834,ounces,pattern_violation,16.0 ounce,16,0,,,True,True,True,True,False
1835,ounces,pattern_violation,16.0 ounce,16,0,,,True,True,True,True,False
1836,ounces,pattern_violation,16.0 oz.,16,0,,,True,True,True,True,False
1837,ounces,pattern_violation,16.0 oz.,16,0,,,True,True,True,True,False
1838,ounces,pattern_violation,12.0 oz.,12,0,,,True,True,True,True,False
1839,ounces,pattern_violation,12.0 ounce,12,0,,,True,True,True,True,False
1840,ounces,pattern_violation,12.0 oz.,12,0,,,True,True,True,True,False
1840,abv,pattern_violation,0.07%,0.069,0,,,True,True,True,True,False
1841,ounces,pattern_violation,12.0 oz,12,0,,,True,True,True,True,False
1842,ounces,pattern_violation,12.0 oz.,12,0,,,True,True,True,True,False
1843,ounces,pattern_violation,12.0 oz.,12,0,,,True,True,True,True,False
1844,ounces,pattern_violation,12.0 ounce,12,0,,,True,True,True,True,False
1845,ounces,pattern_violation,12.0 oz.,12,0,,,True,True,True,True,False
1846,ounces,pattern_violation,12.0 oz.,12,0,,,True,True,True,True,False
1847,ounces,pattern_violation,12.0 oz.,12,0,,,True,True,True,True,False
1848,ounces,pattern_violation,16.0 oz.,16,0,,,True,True,True,True,False
1848,abv,pattern_violation,0.06%,0.056,0,,,True,True,True,True,False
1849,ounces,pattern_violation,12.0 ounce,12,0,,,True,True,True,True,False
1849,abv,pattern_violation,0.05%,0.048,0,,,True,True,True,True,False
1850,ounces,pattern_violation,12.0 oz.,12,0,,,True,True,True,True,False
1850,abv,pattern_violation,0.05%,0.05,0,,,True,True,True,True,False
1851,ounces,pattern_violation,16.0 oz.,16,0,,,True,True,True,True,False
1852,ounces,pattern_violation,12.0 oz. Alumi-Tek,12,0,,,True,True,True,True,False
1852,abv,pattern_violation,0.06%,0.056,0,,,True,True,True,True,False
1853,ounces,pattern_violation,16.0 oz,16,0,,,True,True,True,True,False
1853,abv,pattern_violation,0.07%,0.069,0,,,True,True,True,True,False
1854,ounces,pattern_violation,12.0 oz.,12,0,,,True,True,True,True,False
1854,abv,pattern_violation,0.04%,0.042,0,,,True,True,True,True,False
1855,ounces,pattern_violation,12.0 oz.,12,0,,,True,True,True,True,False
1856,ounces,pattern_violation,12.0 oz,12,0,,,True,True,True,True,False
1856,abv,pattern_violation,0.07%,0.068,0,,,True,True,True,True,False
1857,ounces,pattern_violation,12.0 oz. Alumi-Tek,12,0,,,True,True,True,True,False
1858,ounces,pattern_violation,12.0 oz,12,0,,,True,True,True,True,False
1859,ounces,pattern_violation,12.0 OZ.,12,0,,,True,True,True,True,False
1860,ounces,pattern_violation,16.0 ounce,16,0,,,True,True,True,True,False
1861,ounces,pattern_violation,24.0 ounce,24,0,,,True,True,True,True,False
1862,ounces,pattern_violation,12.0 oz.,12,0,,,True,True,True,True,False
1863,ounces,pattern_violation,12.0 oz.,12,0,,,True,True,True,True,False
1864,ounces,pattern_violation,12.0 ounce,12,0,,,True,True,True,True,False
1865,ounces,pattern_violation,16.0 OZ.,16,0,,,True,True,True,True,False
1866,ounces,pattern_violation,16.0 ounce,16,0,,,True,True,True,True,False
1867,ounces,pattern_violation,16.0 oz.,16,0,,,True,True,True,True,False
1867,abv,pattern_violation,0.05%,0.052,0,,,True,True,True,True,False
1868,ounces,pattern_violation,16.0 oz.,16,0,,,True,True,True,True,False
1868,abv,pattern_violation,0.06%,0.063,0,,,True,True,True,True,False
1869,ounces,pattern_violation,16.0 oz,16,0,,,True,True,True,True,False
1870,ounces,pattern_violation,12.0 oz. Alumi-Tek,12,0,,,True,True,True,True,False
1870,abv,pattern_violation,0.10%,0.099,0,,,True,True,True,True,False
1871,ounces,pattern_violation,16.0 oz.,16,0,,,True,True,True,True,False
1872,ounces,pattern_violation,16.0 oz.,16,0,,,True,True,True,True,False
1873,ounces,pattern_violation,16.0 ounce,16,0,,,True,True,True,True,False
1874,ounces,pattern_violation,12.0 oz,12,0,,,True,True,True,True,False
1874,abv,pattern_violation,0.09%,0.091,0,,,True,True,True,True,False
1875,ounces,pattern_violation,16.0 OZ.,16,0,,,True,True,True,True,False
1876,ounces,pattern_violation,16.0 ounce,16,0,,,True,True,True,True,False
1877,ounces,pattern_violation,16.0 ounce,16,0,,,True,True,True,True,False
1877,abv,pattern_violation,0.05%,0.054,0,,,True,True,True,True,False
1878,ounces,pattern_violation,16.0 oz.,16,0,,,True,True,True,True,False
1879,ounces,pattern_violation,16.0 oz.,16,0,,,True,True,True,True,False
1880,ounces,pattern_violation,16.0 ounce,16,0,,,True,True,True,True,False
1881,ounces,pattern_violation,12.0 oz,12,0,,,True,True,True,True,False
1882,ounces,pattern_violation,12.0 oz,12,0,,,True,True,True,True,False
1883,ounces,pattern_violation,12.0 OZ.,12,0,,,True,True,True,True,False
1883,abv,pattern_violation,0.07%,0.068,0,,,True,True,True,True,False
1884,ounces,pattern_violation,12.0 ounce,12,0,,,True,True,True,True,False
1885,ounces,pattern_violation,12.0 oz.,12,0,,,True,True,True,True,False
1886,ounces,pattern_violation,12.0 oz,12,0,,,True,True,True,True,False
1887,ounces,pattern_violation,12.0 oz.,12,0,,,True,True,True,True,False
1888,ounces,pattern_violation,12.0 ounce,12,0,,,True,True,True,True,False
1889,ounces,pattern_violation,12.0 oz.,12,0,,,True,True,True,True,False
1890,ounces,pattern_violation,12.0 oz,12,0,,,True,True,True,True,False
1891,ounces,pattern_violation,12.0 oz,12,0,,,True,True,True,True,False
1892,ounces,pattern_violation,12.0 oz.,12,0,,,True,True,True,True,False
1893,ounces,pattern_violation,12.0 oz,12,0,,,True,True,True,True,False
1893,abv,pattern_violation,0.06%,0.058,0,,,True,True,True,True,False
1894,ounces,pattern_violation,12.0 ounce,12,0,,,True,True,True,True,False
1895,ounces,pattern_violation,24.0 ounce,24,0,,,True,True,True,True,False
1896,ounces,pattern_violation,24.0 ounce,24,0,,,True,True,True,True,False
1897,ounces,pattern_violation,12.0 ounce,12,0,,,True,True,True,True,False
1897,abv,pattern_violation,0.05%,0.049,0,,,True,True,True,True,False
1898,ounces,pattern_violation,12.0 oz. Alumi-Tek,12,0,,,True,True,True,True,False
1899,ounces,pattern_violation,12.0 oz,12,0,,,True,True,True,True,False
1900,ounces,pattern_violation,12.0 ounce,12,0,,,True,True,True,True,False
1901,ounces,pattern_violation,12.0 oz.,12,0,,,True,True,True,True,False
1901,abv,pattern_violation,0.06%,0.062,0,,,True,True,True,True,False
1902,ounces,pattern_violation,12.0 ounce,12,0,,,True,True,True,True,False
1903,ounces,pattern_violation,12.0 oz.,12,0,,,True,True,True,True,False
1904,ounces,pattern_violation,12.0 oz.,12,0,,,True,True,True,True,False
1905,ounces,pattern_violation,12.0 oz. Alumi-Tek,12,0,,,True,True,True,True,False
1905,abv,pattern_violation,0.06%,0.058,0,,,True,True,True,True,False
1906,ounces,pattern_violation,12.0 oz.,12,0,,,True,True,True,True,False
1907,ounces,pattern_violation,12.0 oz. Alumi-Tek,12,0,,,True,True,True,True,False
1908,ounces,pattern_violation,12.0 OZ.,12,0,,,True,True,True,True,False
1908,abv,pattern_violation,0.06%,0.056,0,,,True,True,True,True,False
1909,ounces,pattern_violation,12.0 ounce,12,0,,,True,True,True,True,False
1909,abv,pattern_violation,0.05%,0.049,0,,,True,True,True,True,False
1910,ounces,pattern_violation,12.0 oz.,12,0,,,True,True,True,True,False
1911,ounces,pattern_violation,12.0 oz,12,0,,,True,True,True,True,False
1911,abv,pattern_violation,0.07%,0.07,0,,,True,True,True,True,False
1912,ounces,pattern_violation,12.0 oz.,12,0,,,True,True,True,True,False
1914,ounces,pattern_violation,12.0 ounce,12,0,,,True,True,True,True,False
1915,ounces,pattern_violation,12.0 oz. Alumi-Tek,12,0,,,True,True,True,True,False
1916,ounces,pattern_violation,12.0 oz.,12,0,,,True,True,True,True,False
1916,abv,pattern_violation,0.05%,0.054,0,,,True,True,True,True,False
1917,ounces,pattern_violation,12.0 oz.,12,0,,,True,True,True,True,False
1918,ounces,pattern_violation,12.0 oz,12,0,,,True,True,True,True,False
1919,ounces,pattern_violation,12.0 oz.,12,0,,,True,True,True,True,False
1920,ounces,pattern_violation,12.0 oz.,12,0,,,True,True,True,True,False
1921,ounces,pattern_violation,12.0 ounce,12,0,,,True,True,True,True,False
1922,ounces,pattern_violation,12.0 oz. Alumi-Tek,12,0,,,True,True,True,True,False
1923,ounces,pattern_violation,12.0 OZ.,12,0,,,True,True,True,True,False
1924,ounces,pattern_violation,12.0 oz,12,0,,,True,True,True,True,False
1925,ounces,pattern_violation,16.0 oz,16,0,,,True,True,True,True,False
1925,abv,pattern_violation,0.06%,0.06,0,,,True,True,True,True,False
1926,ounces,pattern_violation,12.0 oz,12,0,,,True,True,True,True,False
1927,ounces,pattern_violation,12.0 OZ.,12,0,,,True,True,True,True,False
1928,ounces,pattern_violation,16.0 oz.,16,0,,,True,True,True,True,False
1928,abv,pattern_violation,0.06%,0.055,0,,,True,True,True,True,False
1929,ounces,pattern_violation,16.0 oz,16,0,,,True,True,True,True,False
1930,ounces,pattern_violation,12.0 oz,12,0,,,True,True,True,True,False
1931,ounces,pattern_violation,12.0 OZ.,12,0,,,True,True,True,True,False
1931,abv,pattern_violation,0.10%,0.099,0,,,True,True,True,True,False
1932,ounces,pattern_violation,12.0 oz. Alumi-Tek,12,0,,,True,True,True,True,False
1932,abv,pattern_violation,0.04%,0.043,0,,,True,True,True,True,False
1933,ounces,pattern_violation,12.0 oz.,12,0,,,True,True,True,True,False
1933,abv,pattern_violation,0.05%,0.052,0,,,True,True,True,True,False
1934,ounces,pattern_violation,12.0 oz.,12,0,,,True,True,True,True,False
1935,ounces,pattern_violation,12.0 OZ.,12,0,,,True,True,True,True,False
1935,abv,pattern_violation,0.06%,0.057,0,,,True,True,True,True,False
1936,ounces,pattern_violation,16.0 oz.,16,0,,,True,True,True,True,False
1937,ounces,pattern_violation,12.0 ounce,12,0,,,True,True,True,True,False
1938,ounces,pattern_violation,16.0 ounce,16,0,,,True,True,True,True,False
1939,ounces,pattern_violation,16.0 oz. Alumi-Tek,16,0,,,True,True,True,True,False
1940,ounces,pattern_violation,16.0 oz.,16,0,,,True,True,True,True,False
1941,ounces,pattern_violation,16.0 oz.,16,0,,,True,True,True,True,False
1941,abv,pattern_violation,0.05%,0.05,0,,,True,True,True,True,False
1942,ounces,pattern_violation,12.0 oz.,12,0,,,True,True,True,True,False
1942,abv,pattern_violation,0.04%,0.035,0,,,True,True,True,True,False
1943,ounces,pattern_violation,16.0 oz.,16,0,,,True,True,True,True,False
1944,ounces,pattern_violation,16.0 ounce,16,0,,,True,True,True,True,False
1945,ounces,pattern_violation,16.0 oz,16,0,,,True,True,True,True,False
1946,ounces,pattern_violation,16.0 oz.,16,0,,,True,True,True,True,False
1947,ounces,pattern_violation,12.0 oz,12,0,,,True,True,True,True,False
1947,abv,pattern_violation,0.05%,0.053,0,,,True,True,True,True,False
1948,ounces,pattern_violation,12.0 oz.,12,0,,,True,True,True,True,False
1949,ounces,pattern_violation,12.0 OZ.,12,0,,,True,True,True,True,False
1950,ounces,pattern_violation,16.0 oz,16,0,,,True,True,True,True,False
1951,ounces,pattern_violation,16.0 oz,16,0,,,True,True,True,True,False
1951,abv,pattern_violation,0.06%,0.058,0,,,True,True,True,True,False
1952,ounces,pattern_violation,16.0 oz. Alumi-Tek,16,0,,,True,True,True,True,False
1952,abv,pattern_violation,0.05%,0.05,0,,,True,True,True,True,False
1953,ounces,pattern_violation,16.0 ounce,16,0,,,True,True,True,True,False
1954,ounces,pattern_violation,12.0 oz,12,0,,,True,True,True,True,False
1955,ounces,pattern_violation,12.0 ounce,12,0,,,True,True,True,True,False
1956,ounces,pattern_violation,12.0 oz.,12,0,,,True,True,True,True,False
1957,ounces,pattern_violation,12.0 oz.,12,0,,,True,True,True,True,False
1958,ounces,pattern_violation,12.0 ounce,12,0,,,True,True,True,True,False
1959,ounces,pattern_violation,12.0 oz.,12,0,,,True,True,True,True,False
1959,abv,pattern_violation,0.09%,0.085,0,,,True,True,True,True,False
1960,ounces,pattern_violation,12.0 oz,12,0,,,True,True,True,True,False
1961,ounces,pattern_violation,16.0 oz.,16,0,,,True,True,True,True,False
1962,ounces,pattern_violation,12.0 oz,12,0,,,True,True,True,True,False
1963,ounces,pattern_violation,12.0 ounce,12,0,,,True,True,True,True,False
1964,ounces,pattern_violation,12.0 oz,12,0,,,True,True,True,True,False
1965,ounces,pattern_violation,12.0 oz,12,0,,,True,True,True,True,False
1966,ounces,pattern_violation,16.0 ounce,16,0,,,True,True,True,True,False
1967,ounces,pattern_violation,12.0 oz.,12,0,,,True,True,True,True,False
1968,ounces,pattern_violation,12.0 oz.,12,0,,,True,True,True,True,False
1969,ounces,pattern_violation,16.0 oz,16,0,,,True,True,True,True,False
1970,ounces,pattern_violation,16.0 oz,16,0,,,True,True,True,True,False
1971,ounces,pattern_violation,16.0 oz.,16,0,,,True,True,True,True,False
1972,ounces,pattern_violation,16.0 OZ.,16,0,,,True,True,True,True,False
1973,ounces,pattern_violation,16.0 oz,16,0,,,True,True,True,True,False
1973,abv,pattern_violation,0.08%,0.079,0,,,True,True,True,True,False
1974,ounces,pattern_violation,16.0 oz.,16,0,,,True,True,True,True,False
1975,ounces,pattern_violation,16.0 oz.,16,0,,,True,True,True,True,False
1976,ounces,pattern_violation,12.0 oz,12,0,,,True,True,True,True,False
1976,abv,pattern_violation,0.10%,0.096,0,,,True,True,True,True,False
1977,ounces,pattern_violation,16.0 OZ.,16,0,,,True,True,True,True,False
1978,ounces,pattern_violation,12.0 oz.,12,0,,,True,True,True,True,False
1978,abv,pattern_violation,0.06%,0.062,0,,,True,True,True,True,False
1979,ounces,pattern_violation,12.0 oz.,12,0,,,True,True,True,True,False
1980,ounces,pattern_violation,12.0 oz,12,0,,,True,True,True,True,False
1981,ounces,pattern_violation,12.0 oz.,12,0,,,True,True,True,True,False
1982,ounces,pattern_violation,12.0 ounce,12,0,,,True,True,True,True,False
1983,ounces,pattern_violation,12.0 ounce,12,0,,,True,True,True,True,False
1983,abv,pattern_violation,0.05%,0.05,0,,,True,True,True,True,False
1984,ounces,pattern_violation,12.0 oz,12,0,,,True,True,True,True,False
1985,ounces,pattern_violation,16.0 oz,16,0,,,True,True,True,True,False
1986,ounces,pattern_violation,12.0 oz,12,0,,,True,True,True,True,False
1987,ounces,pattern_violation,16.0 ounce,16,0,,,True,True,True,True,False
1988,ounces,pattern_violation,12.0 oz,12,0,,,True,True,True,True,False
1988,abv,pattern_violation,0.05%,0.048,0,,,True,True,True,True,False
1989,ounces,pattern_violation,12.0 ounce,12,0,,,True,True,True,True,False
1989,abv,pattern_violation,0.07%,0.065,0,,,True,True,True,True,False
1990,ounces,pattern_violation,12.0 oz.,12,0,,,True,True,True,True,False
1991,ounces,pattern_violation,12.0 oz,12,0,,,True,True,True,True,False
1991,abv,pattern_violation,0.05%,0.049,0,,,True,True,True,True,False
1992,ounces,pattern_violation,12.0 oz,12,0,,,True,True,True,True,False
1993,ounces,pattern_violation,12.0 oz. Alumi-Tek,12,0,,,True,True,True,True,False
1994,ounces,pattern_violation,12.0 oz.,12,0,,,True,True,True,True,False
1995,ounces,pattern_violation,12.0 oz. Alumi-Tek,12,0,,,True,True,True,True,False
1996,ounces,pattern_violation,12.0 oz,12,0,,,True,True,True,True,False
1997,ounces,pattern_violation,12.0 ounce,12,0,,,True,True,True,True,False
1998,ounces,pattern_violation,12.0 oz.,12,0,,,True,True,True,True,False
1998,abv,pattern_violation,0.05%,0.052,0,,,True,True,True,True,False
1999,ounces,pattern_violation,12.0 oz. Alumi-Tek,12,0,,,True,True,True,True,False
2000,ounces,pattern_violation,12.0 oz,12,0,,,True,True,True,True,False
2000,abv,pattern_violation,0.05%,0.047,0,,,True,True,True,True,False
2001,ounces,pattern_violation,12.0 oz,12,0,,,True,True,True,True,False
2001,abv,pattern_violation,0.05%,0.047,0,,,True,True,True,True,False
2002,ounces,pattern_violation,16.0 oz.,16,0,,,True,True,True,True,False
2002,abv,pattern_violation,0.05%,0.047,0,,,True,True,True,True,False
2003,ounces,pattern_violation,12.0 oz.,12,0,,,True,True,True,True,False
2004,ounces,pattern_violation,16.0 ounce,16,0,,,True,True,True,True,False
2005,ounces,pattern_violation,16.0 oz,16,0,,,True,True,True,True,False
2005,abv,pattern_violation,0.05%,0.052,0,,,True,True,True,True,False
2006,ounces,pattern_violation,12.0 oz. Alumi-Tek,12,0,,,True,True,True,True,False
2007,ounces,pattern_violation,12.0 oz. Alumi-Tek,12,0,,,True,True,True,True,False
2007,abv,pattern_violation,0.05%,0.05,0,,,True,True,True,True,False
2008,ounces,pattern_violation,12.0 oz,12,0,,,True,True,True,True,False
2009,ounces,pattern_violation,12.0 oz.,12,0,,,True,True,True,True,False
2010,ounces,pattern_violation,12.0 ounce,12,0,,,True,True,True,True,False
2010,abv,pattern_violation,0.06%,0.057,0,,,True,True,True,True,False
2011,ounces,pattern_violation,12.0 oz,12,0,,,True,True,True,True,False
2012,ounces,pattern_violation,12.0 oz,12,0,,,True,True,True,True,False
2012,abv,pattern_violation,0.05%,0.05,0,,,True,True,True,True,False
2013,ounces,pattern_violation,12.0 ounce,12,0,,,True,True,True,True,False
2014,ounces,pattern_violation,12.0 oz.,12,0,,,True,True,True,True,False
2015,ounces,pattern_violation,12.0 oz,12,0,,,True,True,True,True,False
2016,ounces,pattern_violation,16.0 ounce,16,0,,,True,True,True,True,False
2016,abv,pattern_violation,0.05%,0.051,0,,,True,True,True,True,False
2017,ounces,pattern_violation,12.0 OZ.,12,0,,,True,True,True,True,False
2018,ounces,pattern_violation,12.0 oz.,12,0,,,True,True,True,True,False
2019,ounces,pattern_violation,12.0 ounce,12,0,,,True,True,True,True,False
2020,ounces,pattern_violation,12.0 oz,12,0,,,True,True,True,True,False
2021,ounces,pattern_violation,12.0 oz.,12,0,,,True,True,True,True,False
2022,ounces,pattern_violation,12.0 oz.,12,0,,,True,True,True,True,False
2023,ounces,pattern_violation,12.0 oz.,12,0,,,True,True,True,True,False
2023,abv,pattern_violation,0.07%,0.072,0,,,True,True,True,True,False
2024,ounces,pattern_violation,12.0 oz,12,0,,,True,True,True,True,False
2025,ounces,pattern_violation,12.0 oz.,12,0,,,True,True,True,True,False
2026,ounces,pattern_violation,12.0 oz.,12,0,,,True,True,True,True,False
2027,ounces,pattern_violation,12.0 oz.,12,0,,,True,True,True,True,False
2028,ounces,pattern_violation,12.0 oz.,12,0,,,True,True,True,True,False
2029,ounces,pattern_violation,12.0 ounce,12,0,,,True,True,True,True,False
2030,ounces,pattern_violation,16.0 ounce,16,0,,,True,True,True,True,False
2030,abv,pattern_violation,0.05%,0.047,0,,,True,True,True,True,False
2031,ounces,pattern_violation,16.0 oz.,16,0,,,True,True,True,True,False
2031,abv,pattern_violation,0.08%,0.083,0,,,True,True,True,True,False
2032,ounces,pattern_violation,16.0 ounce,16,0,,,True,True,True,True,False
2033,ounces,pattern_violation,16.0 ounce,16,0,,,True,True,True,True,False
2034,ounces,pattern_violation,16.0 oz.,16,0,,,True,True,True,True,False
2035,ounces,pattern_violation,16.0 ounce,16,0,,,True,True,True,True,False
2035,abv,pattern_violation,0.06%,0.058,0,,,True,True,True,True,False
2036,ounces,pattern_violation,16.0 oz.,16,0,,,True,True,True,True,False
2037,ounces,pattern_violation,16.0 ounce,16,0,,,True,True,True,True,False
2037,abv,pattern_violation,0.10%,0.099,0,,,True,True,True,True,False
2038,ounces,pattern_violation,16.0 oz,16,0,,,True,True,True,True,False
2039,ounces,pattern_violation,16.0 ounce,16,0,,,True,True,True,True,False
2039,abv,pattern_violation,0.05%,0.053,0,,,True,True,True,True,False
2040,ounces,pattern_violation,16.0 oz. Alumi-Tek,16,0,,,True,True,True,True,False
2041,ounces,pattern_violation,16.0 oz,16,0,,,True,True,True,True,False
2042,ounces,pattern_violation,16.0 oz.,16,0,,,True,True,True,True,False
2043,ounces,pattern_violation,16.0 oz,16,0,,,True,True,True,True,False
2044,ounces,pattern_violation,16.0 ounce,16,0,,,True,True,True,True,False
2045,ounces,pattern_violation,16.0 ounce,16,0,,,True,True,True,True,False
2046,ounces,pattern_violation,16.0 oz. Silo Can,16,0,,,True,True,True,True,False
2046,abv,pattern_violation,0.07%,0.065,0,,,True,True,True,True,False
2047,ounces,pattern_violation,16.0 oz,16,0,,,True,True,True,True,False
2048,ounces,pattern_violation,16.0 ounce,16,0,,,True,True,True,True,False
2048,abv,pattern_violation,0.06%,0.056,0,,,True,True,True,True,False
2049,ounces,pattern_violation,16.0 oz.,16,0,,,True,True,True,True,False
2050,ounces,pattern_violation,16.0 oz.,16,0,,,True,True,True,True,False
2051,ounces,pattern_violation,16.0 OZ.,16,0,,,True,True,True,True,False
2052,ounces,pattern_violation,16.0 ounce,16,0,,,True,True,True,True,False
2053,ounces,pattern_violation,16.0 oz.,16,0,,,True,True,True,True,False
2053,abv,pattern_violation,0.07%,0.071,0,,,True,True,True,True,False
2054,ounces,pattern_violation,16.0 oz.,16,0,,,True,True,True,True,False
2055,ounces,pattern_violation,16.0 oz,16,0,,,True,True,True,True,False
2055,abv,pattern_violation,0.10%,0.099,0,,,True,True,True,True,False
2056,ounces,pattern_violation,16.0 oz,16,0,,,True,True,True,True,False
2056,abv,pattern_violation,0.07%,0.07,0,,,True,True,True,True,False
2057,ounces,pattern_violation,16.0 ounce,16,0,,,True,True,True,True,False
2058,ounces,pattern_violation,16.0 oz. Alumi-Tek,16,0,,,True,True,True,True,False
2059,ounces,pattern_violation,16.0 oz,16,0,,,True,True,True,True,False
2060,ounces,pattern_violation,16.0 oz,16,0,,,True,True,True,True,False
2061,ounces,pattern_violation,16.0 oz,16,0,,,True,True,True,True,False
2062,ounces,pattern_violation,16.0 oz.,16,0,,,True,True,True,True,False
2062,abv,pattern_violation,0.09%,0.091,0,,,True,True,True,True,False
2063,ounces,pattern_violation,16.0 oz,16,0,,,True,True,True,True,False
2063,abv,pattern_violation,0.09%,0.09,0,,,True,True,True,True,False
2064,ounces,pattern_violation,16.0 oz.,16,0,,,True,True,True,True,False
2065,ounces,pattern_violation,16.0 ounce,16,0,,,True,True,True,True,False
2066,ounces,pattern_violation,16.0 oz,16,0,,,True,True,True,True,False
2066,abv,pattern_violation,0.10%,0.099,0,,,True,True,True,True,False
2067,ounces,pattern_violation,16.0 oz.,16,0,,,True,True,True,True,False
2068,ounces,pattern_violation,16.0 oz,16,0,,,True,True,True,True,False
2069,ounces,pattern_violation,16.0 oz. Alumi-Tek,16,0,,,True,True,True,True,False
2069,abv,pattern_violation,0.06%,0.056,0,,,True,True,True,True,False
2070,ounces,pattern_violation,12.0 OZ.,12,0,,,True,True,True,True,False
2071,ounces,pattern_violation,12.0 ounce,12,0,,,True,True,True,True,False
2072,ounces,pattern_violation,16.0 oz.,16,0,,,True,True,True,True,False
2072,abv,pattern_violation,0.07%,0.072,0,,,True,True,True,True,False
2073,ounces,pattern_violation,16.0 oz.,16,0,,,True,True,True,True,False
2074,ounces,pattern_violation,16.0 oz,16,0,,,True,True,True,True,False
2074,abv,pattern_violation,0.10%,0.099,0,,,True,True,True,True,False
2075,ounces,pattern_violation,16.0 ounce,16,0,,,True,True,True,True,False
2075,abv,pattern_violation,0.07%,0.073,0,,,True,True,True,True,False
2076,ounces,pattern_violation,16.0 ounce,16,0,,,True,True,True,True,False
2077,ounces,pattern_violation,16.0 ounce,16,0,,,True,True,True,True,False
2078,ounces,pattern_violation,16.0 oz,16,0,,,True,True,True,True,False
2079,ounces,pattern_violation,16.0 oz,16,0,,,True,True,True,True,False
2080,ounces,pattern_violation,16.0 oz.,16,0,,,True,True,True,True,False
2081,ounces,pattern_violation,16.0 OZ.,16,0,,,True,True,True,True,False
2081,abv,pattern_violation,0.10%,0.097,0,,,True,True,True,True,False
2082,ounces,pattern_violation,16.0 oz.,16,0,,,True,True,True,True,False
2082,abv,pattern_violation,0.05%,0.051,0,,,True,True,True,True,False
2083,ounces,pattern_violation,16.0 oz.,16,0,,,True,True,True,True,False
2084,ounces,pattern_violation,16.0 oz. Alumi-Tek,16,0,,,True,True,True,True,False
2085,ounces,pattern_violation,12.0 oz,12,0,,,True,True,True,True,False
2086,ounces,pattern_violation,12.0 oz.,12,0,,,True,True,True,True,False
2086,abv,pattern_violation,0.05%,0.05,0,,,True,True,True,True,False
2087,ounces,pattern_violation,12.0 OZ.,12,0,,,True,True,True,True,False
2088,ounces,pattern_violation,12.0 OZ.,12,0,,,True,True,True,True,False
2089,ounces,pattern_violation,12.0 oz,12,0,,,True,True,True,True,False
2089,abv,pattern_violation,0.06%,0.059,0,,,True,True,True,True,False
2090,ounces,pattern_violation,12.0 OZ.,12,0,,,True,True,True,True,False
2091,ounces,pattern_violation,12.0 oz.,12,0,,,True,True,True,True,False
2092,ounces,pattern_violation,12.0 oz.,12,0,,,True,True,True,True,False
2092,abv,pattern_violation,0.06%,0.057,0,,,True,True,True,True,False
2093,ounces,pattern_violation,12.0 oz.,12,0,,,True,True,True,True,False
2093,abv,pattern_violation,0.06%,0.064,0,,,True,True,True,True,False
2094,ounces,pattern_violation,12.0 oz.,12,0,,,True,True,True,True,False
2095,ounces,pattern_violation,12.0 ounce,12,0,,,True,True,True,True,False
2096,ounces,pattern_violation,12.0 oz.,12,0,,,True,True,True,True,False
2096,abv,pattern_violation,0.05%,0.05,0,,,True,True,True,True,False
2097,ounces,pattern_violation,24.0 oz.,24,0,,,True,True,True,True,False
2098,ounces,pattern_violation,12.0 oz. Silo Can,12,0,,,True,True,True,True,False
2099,ounces,pattern_violation,24.0 oz.,24,0,,,True,True,True,True,False
2099,abv,pattern_violation,0.05%,0.049,0,,,True,True,True,True,False
2100,ounces,pattern_violation,24.0 oz.,24,0,,,True,True,True,True,False
2100,abv,pattern_violation,0.05%,0.05,0,,,True,True,True,True,False
2101,ounces,pattern_violation,12.0 oz,12,0,,,True,True,True,True,False
2102,ounces,pattern_violation,12.0 ounce,12,0,,,True,True,True,True,False
2102,abv,pattern_violation,0.05%,0.049,0,,,True,True,True,True,False
2103,ounces,pattern_violation,16.9 OZ.,16.9,0,,,True,True,True,True,False
2104,ounces,pattern_violation,16.0 oz.,16,0,,,True,True,True,True,False
2104,abv,pattern_violation,0.05%,0.048,0,,,True,True,True,True,False
2105,ounces,pattern_violation,16.0 oz.,16,0,,,True,True,True,True,False
2106,ounces,pattern_violation,16.0 OZ.,16,0,,,True,True,True,True,False
2106,abv,pattern_violation,0.06%,0.056,0,,,True,True,True,True,False
2107,ounces,pattern_violation,16.0 oz,16,0,,,True,True,True,True,False
2108,ounces,pattern_violation,16.0 oz,16,0,,,True,True,True,True,False
2108,abv,pattern_violation,0.07%,0.068,0,,,True,True,True,True,False
2109,ounces,pattern_violation,16.0 oz,16,0,,,True,True,True,True,False
2109,abv,pattern_violation,0.04%,0.044,0,,,True,True,True,True,False
2110,ounces,pattern_violation,16.0 ounce,16,0,,,True,True,True,True,False
2111,ounces,pattern_violation,16.0 oz.,16,0,,,True,True,True,True,False
2112,ounces,pattern_violation,16.0 ounce,16,0,,,True,True,True,True,False
2113,ounces,pattern_violation,16.0 oz.,16,0,,,True,True,True,True,False
2114,ounces,pattern_violation,16.0 OZ.,16,0,,,True,True,True,True,False
2115,ounces,pattern_violation,12.0 ounce,12,0,,,True,True,True,True,False
2116,ounces,pattern_violation,16.0 oz,16,0,,,True,True,True,True,False
2117,ounces,pattern_violation,16.0 oz.,16,0,,,True,True,True,True,False
2117,abv,pattern_violation,0.07%,0.072,0,,,True,True,True,True,False
2118,ounces,pattern_violation,16.0 oz.,16,0,,,True,True,True,True,False
2119,ounces,pattern_violation,16.0 oz,16,0,,,True,True,True,True,False
2120,ounces,pattern_violation,16.0 oz,16,0,,,True,True,True,True,False
2121,ounces,pattern_violation,16.0 oz. Alumi-Tek,16,0,,,True,True,True,True,False
2122,ounces,pattern_violation,16.0 oz.,16,0,,,True,True,True,True,False
2122,abv,pattern_violation,0.06%,0.056,0,,,True,True,True,True,False
2123,ounces,pattern_violation,16.0 oz.,16,0,,,True,True,True,True,False
2124,ounces,pattern_violation,16.0 oz. Alumi-Tek,16,0,,,True,True,True,True,False
2124,abv,pattern_violation,0.07%,0.07,0,,,True,True,True,True,False
2125,ounces,pattern_violation,16.0 oz.,16,0,,,True,True,True,True,False
2126,ounces,pattern_violation,16.0 oz.,16,0,,,True,True,True,True,False
2126,abv,pattern_violation,0.07%,0.07,0,,,True,True,True,True,False
2127,ounces,pattern_violation,16.0 oz,16,0,,,True,True,True,True,False
2128,ounces,pattern_violation,12.0 oz,12,0,,,True,True,True,True,False
2129,ounces,pattern_violation,12.0 ounce,12,0,,,True,True,True,True,False
2130,ounces,pattern_violation,12.0 oz.,12,0,,,True,True,True,True,False
2131,ounces,pattern_violation,12.0 oz.,12,0,,,True,True,True,True,False
2132,ounces,pattern_violation,12.0 oz.,12,0,,,True,True,True,True,False
2132,abv,pattern_violation,0.05%,0.048,0,,,True,True,True,True,False
2133,ounces,pattern_violation,12.0 oz. Alumi-Tek,12,0,,,True,True,True,True,False
2133,abv,pattern_violation,0.04%,0.04,0,,,True,True,True,True,False
2134,ounces,pattern_violation,12.0 ounce,12,0,,,True,True,True,True,False
2135,ounces,pattern_violation,12.0 oz,12,0,,,True,True,True,True,False
2135,abv,pattern_violation,0.05%,0.047,0,,,True,True,True,True,False
2135,city,pattern_violation,Athens GA,Athens,0,,,True,True,True,True,False
2136,ounces,pattern_violation,12.0 ounce,12,0,,,True,True,True,True,False
2137,ounces,pattern_violation,12.0 oz,12,0,,,True,True,True,True,False
2138,ounces,pattern_violation,12.0 oz,12,0,,,True,True,True,True,False
2139,ounces,pattern_violation,12.0 oz.,12,0,,,True,True,True,True,False
2140,ounces,pattern_violation,16.0 oz,16,0,,,True,True,True,True,False
2141,ounces,pattern_violation,16.0 oz.,16,0,,,True,True,True,True,False
2141,abv,pattern_violation,0.10%,0.096,0,,,True,True,True,True,False
2142,ounces,pattern_violation,16.0 oz.,16,0,,,True,True,True,True,False
2143,ounces,pattern_violation,16.0 oz.,16,0,,,True,True,True,True,False
2144,ounces,pattern_violation,16.0 oz. Alumi-Tek,16,0,,,True,True,True,True,False
2145,ounces,pattern_violation,16.0 oz. Alumi-Tek,16,0,,,True,True,True,True,False
2146,ounces,pattern_violation,12.0 ounce,12,0,,,True,True,True,True,False
2146,abv,pattern_violation,0.05%,0.046,0,,,True,True,True,True,False
2147,ounces,pattern_violation,12.0 ounce,12,0,,,True,True,True,True,False
2147,abv,pattern_violation,0.07%,0.07,0,,,True,True,True,True,False
2148,ounces,pattern_violation,12.0 ounce,12,0,,,True,True,True,True,False
2148,abv,pattern_violation,0.05%,0.048,0,,,True,True,True,True,False
2149,ounces,pattern_violation,12.0 oz.,12,0,,,True,True,True,True,False
2150,ounces,pattern_violation,12.0 ounce,12,0,,,True,True,True,True,False
2151,ounces,pattern_violation,12.0 oz,12,0,,,True,True,True,True,False
2152,ounces,pattern_violation,12.0 oz,12,0,,,True,True,True,True,False
2152,abv,pattern_violation,0.07%,0.07,0,,,True,True,True,True,False
2153,ounces,pattern_violation,16.0 oz,16,0,,,True,True,True,True,False
2154,ounces,pattern_violation,16.0 oz,16,0,,,True,True,True,True,False
2154,abv,pattern_violation,0.06%,0.057,0,,,True,True,True,True,False
2155,ounces,pattern_violation,16.0 ounce,16,0,,,True,True,True,True,False
2156,ounces,pattern_violation,16.0 ounce,16,0,,,True,True,True,True,False
2157,ounces,pattern_violation,16.0 oz.,16,0,,,True,True,True,True,False
2157,abv,pattern_violation,0.06%,0.055,0,,,True,True,True,True,False
2158,ounces,pattern_violation,16.0 oz,16,0,,,True,True,True,True,False
2159,ounces,pattern_violation,16.0 oz.,16,0,,,True,True,True,True,False
2160,ounces,pattern_violation,16.0 oz,16,0,,,True,True,True,True,False
2161,ounces,pattern_violation,12.0 ounce,12,0,,,True,True,True,True,False
2162,ounces,pattern_violation,12.0 oz. Alumi-Tek,12,0,,,True,True,True,True,False
2163,ounces,pattern_violation,12.0 ounce,12,0,,,True,True,True,True,False
2164,ounces,pattern_violation,16.0 oz.,16,0,,,True,True,True,True,False
2165,ounces,pattern_violation,12.0 OZ.,12,0,,,True,True,True,True,False
2166,ounces,pattern_violation,16.0 oz.,16,0,,,True,True,True,True,False
2167,ounces,pattern_violation,16.0 oz.,16,0,,,True,True,True,True,False
2168,ounces,pattern_violation,12.0 oz.,12,0,,,True,True,True,True,False
2169,ounces,pattern_violation,12.0 oz. Alumi-Tek,12,0,,,True,True,True,True,False
2170,ounces,pattern_violation,12.0 oz,12,0,,,True,True,True,True,False
2170,abv,pattern_violation,0.05%,0.052,0,,,True,True,True,True,False
2171,ounces,pattern_violation,12.0 oz,12,0,,,True,True,True,True,False
2171,abv,pattern_violation,0.04%,0.041,0,,,True,True,True,True,False
2172,ounces,pattern_violation,12.0 ounce,12,0,,,True,True,True,True,False
2173,abv,pattern_violation,0.05%,0.051,0,,,True,True,True,True,False
2174,ounces,pattern_violation,12.0 oz. Alumi-Tek,12,0,,,True,True,True,True,False
2174,abv,pattern_violation,0.04%,0.04,0,,,True,True,True,True,False
2175,ounces,pattern_violation,12.0 oz.,12,0,,,True,True,True,True,False
2176,ounces,pattern_violation,12.0 oz.,12,0,,,True,True,True,True,False
2177,ounces,pattern_violation,12.0 oz. Silo Can,12,0,,,True,True,True,True,False
2178,ounces,pattern_violation,12.0 oz,12,0,,,True,True,True,True,False
2179,ounces,pattern_violation,16.0 oz,16,0,,,True,True,True,True,False
2179,abv,pattern_violation,0.06%,0.055,0,,,True,True,True,True,False
2180,ounces,pattern_violation,16.0 oz.,16,0,,,True,True,True,True,False
2181,ounces,pattern_violation,16.0 oz,16,0,,,True,True,True,True,False
2182,ounces,pattern_violation,16.0 OZ.,16,0,,,True,True,True,True,False
2183,ounces,pattern_violation,12.0 ounce,12,0,,,True,True,True,True,False
2184,ounces,pattern_violation,12.0 oz,12,0,,,True,True,True,True,False
2184,abv,pattern_violation,0.07%,0.065,0,,,True,True,True,True,False
2185,ounces,pattern_violation,12.0 oz,12,0,,,True,True,True,True,False
2186,ounces,pattern_violation,12.0 oz,12,0,,,True,True,True,True,False
2187,ounces,pattern_violation,16.0 ounce,16,0,,,True,True,True,True,False
2188,ounces,pattern_violation,16.0 oz,16,0,,,True,True,True,True,False
2189,ounces,pattern_violation,16.0 oz,16,0,,,True,True,True,True,False
2190,ounces,pattern_violation,16.0 OZ.,16,0,,,True,True,True,True,False
2190,abv,pattern_violation,0.06%,0.055,0,,,True,True,True,True,False
2191,ounces,pattern_violation,16.0 ounce,16,0,,,True,True,True,True,False
2192,ounces,pattern_violation,16.0 oz.,16,0,,,True,True,True,True,False
2193,ounces,pattern_violation,16.0 oz,16,0,,,True,True,True,True,False
2194,ounces,pattern_violation,16.0 oz.,16,0,,,True,True,True,True,False
2195,ounces,pattern_violation,16.0 oz.,16,0,,,True,True,True,True,False
2196,ounces,pattern_violation,12.0 ounce,12,0,,,True,True,True,True,False
2197,ounces,pattern_violation,12.0 oz,12,0,,,True,True,True,True,False
2197,abv,pattern_violation,0.07%,0.07,0,,,True,True,True,True,False
2198,ounces,pattern_violation,12.0 oz,12,0,,,True,True,True,True,False
2199,ounces,pattern_violation,12.0 ounce,12,0,,,True,True,True,True,False
2200,ounces,pattern_violation,12.0 oz.,12,0,,,True,True,True,True,False
2201,ounces,pattern_violation,12.0 oz,12,0,,,True,True,True,True,False
2202,ounces,pattern_violation,12.0 oz.,12,0,,,True,True,True,True,False
2203,ounces,pattern_violation,12.0 oz.,12,0,,,True,True,True,True,False
2204,ounces,pattern_violation,12.0 oz.,12,0,,,True,True,True,True,False
2204,abv,pattern_violation,0.06%,0.055,0,,,True,True,True,True,False
2205,ounces,pattern_violation,16.0 oz.,16,0,,,True,True,True,True,False
2206,ounces,pattern_violation,16.0 oz.,16,0,,,True,True,True,True,False
2207,ounces,pattern_violation,12.0 oz.,12,0,,,True,True,True,True,False
2208,ounces,pattern_violation,12.0 oz,12,0,,,True,True,True,True,False
2208,abv,pattern_violation,0.07%,0.065,0,,,True,True,True,True,False
2209,ounces,pattern_violation,12.0 oz. Alumi-Tek,12,0,,,True,True,True,True,False
2210,ounces,pattern_violation,12.0 oz.,12,0,,,True,True,True,True,False
2211,ounces,pattern_violation,12.0 ounce,12,0,,,True,True,True,True,False
2212,ounces,pattern_violation,12.0 ounce,12,0,,,True,True,True,True,False
2212,abv,pattern_violation,0.08%,0.08,0,,,True,True,True,True,False
2213,ounces,pattern_violation,16.0 ounce,16,0,,,True,True,True,True,False
2214,ounces,pattern_violation,16.0 ounce,16,0,,,True,True,True,True,False
2215,ounces,pattern_violation,12.0 oz.,12,0,,,True,True,True,True,False
2216,ounces,pattern_violation,16.0 ounce,16,0,,,True,True,True,True,False
2216,abv,pattern_violation,0.08%,0.082,0,,,True,True,True,True,False
2217,ounces,pattern_violation,12.0 ounce,12,0,,,True,True,True,True,False
2217,abv,pattern_violation,0.08%,0.075,0,,,True,True,True,True,False
2218,ounces,pattern_violation,12.0 oz.,12,0,,,True,True,True,True,False
2218,abv,pattern_violation,0.06%,0.055,0,,,True,True,True,True,False
2219,ounces,pattern_violation,16.0 ounce,16,0,,,True,True,True,True,False
2220,ounces,pattern_violation,12.0 ounce,12,0,,,True,True,True,True,False
2220,abv,pattern_violation,0.05%,0.054,0,,,True,True,True,True,False
2221,ounces,pattern_violation,12.0 oz. Alumi-Tek,12,0,,,True,True,True,True,False
2222,ounces,pattern_violation,12.0 oz.,12,0,,,True,True,True,True,False
2222,abv,pattern_violation,0.05%,0.051,0,,,True,True,True,True,False
2223,ounces,pattern_violation,12.0 oz,12,0,,,True,True,True,True,False
2224,ounces,pattern_violation,12.0 oz,12,0,,,True,True,True,True,False
2225,ounces,pattern_violation,12.0 oz,12,0,,,True,True,True,True,False
2225,abv,pattern_violation,0.05%,0.052,0,,,True,True,True,True,False
2226,ounces,pattern_violation,12.0 ounce,12,0,,,True,True,True,True,False
2226,abv,pattern_violation,0.06%,0.062,0,,,True,True,True,True,False
2227,ounces,pattern_violation,12.0 ounce,12,0,,,True,True,True,True,False
2228,ounces,pattern_violation,12.0 oz.,12,0,,,True,True,True,True,False
2228,abv,pattern_violation,0.06%,0.062,0,,,True,True,True,True,False
2229,ounces,pattern_violation,12.0 ounce,12,0,,,True,True,True,True,False
2230,ounces,pattern_violation,12.0 ounce,12,0,,,True,True,True,True,False
2231,ounces,pattern_violation,12.0 oz,12,0,,,True,True,True,True,False
2232,ounces,pattern_violation,12.0 oz.,12,0,,,True,True,True,True,False
2233,ounces,pattern_violation,12.0 ounce,12,0,,,True,True,True,True,False
2234,ounces,pattern_violation,12.0 ounce,12,0,,,True,True,True,True,False
2235,ounces,pattern_violation,16.0 oz,16,0,,,True,True,True,True,False
2236,ounces,pattern_violation,12.0 oz,12,0,,,True,True,True,True,False
2236,abv,pattern_violation,0.06%,0.058,0,,,True,True,True,True,False
2237,ounces,pattern_violation,12.0 oz.,12,0,,,True,True,True,True,False
2237,abv,pattern_violation,0.06%,0.058,0,,,True,True,True,True,False
2238,ounces,pattern_violation,12.0 oz.,12,0,,,True,True,True,True,False
2238,abv,pattern_violation,0.05%,0.051,0,,,True,True,True,True,False
2239,ounces,pattern_violation,12.0 oz. Alumi-Tek,12,0,,,True,True,True,True,False
2239,abv,pattern_violation,0.05%,0.051,0,,,True,True,True,True,False
2240,ounces,pattern_violation,12.0 oz,12,0,,,True,True,True,True,False
2241,ounces,pattern_violation,12.0 ounce,12,0,,,True,True,True,True,False
2242,ounces,pattern_violation,12.0 ounce,12,0,,,True,True,True,True,False
2243,ounces,pattern_violation,12.0 oz,12,0,,,True,True,True,True,False
2244,ounces,pattern_violation,12.0 OZ.,12,0,,,True,True,True,True,False
2244,abv,pattern_violation,0.07%,0.065,0,,,True,True,True,True,False
2245,ounces,pattern_violation,12.0 oz,12,0,,,True,True,True,True,False
2246,ounces,pattern_violation,16.0 oz.,16,0,,,True,True,True,True,False
2247,ounces,pattern_violation,12.0 oz,12,0,,,True,True,True,True,False
2248,ounces,pattern_violation,12.0 oz.,12,0,,,True,True,True,True,False
2249,ounces,pattern_violation,12.0 oz,12,0,,,True,True,True,True,False
2249,abv,pattern_violation,0.05%,0.048,0,,,True,True,True,True,False
2250,ounces,pattern_violation,12.0 ounce,12,0,,,True,True,True,True,False
2250,abv,pattern_violation,0.05%,0.05,0,,,True,True,True,True,False
2251,ounces,pattern_violation,12.0 OZ.,12,0,,,True,True,True,True,False
2252,ounces,pattern_violation,12.0 oz,12,0,,,True,True,True,True,False
2253,ounces,pattern_violation,12.0 oz.,12,0,,,True,True,True,True,False
2254,ounces,pattern_violation,12.0 OZ.,12,0,,,True,True,True,True,False
2254,abv,pattern_violation,0.07%,0.073,0,,,True,True,True,True,False
2255,ounces,pattern_violation,12.0 ounce,12,0,,,True,True,True,True,False
2255,abv,pattern_violation,0.04%,0.04,0,,,True,True,True,True,False
2256,ounces,pattern_violation,12.0 oz,12,0,,,True,True,True,True,False
2256,abv,pattern_violation,0.04%,0.04,0,,,True,True,True,True,False
2257,ounces,pattern_violation,12.0 oz.,12,0,,,True,True,True,True,False
2258,ounces,pattern_violation,12.0 oz.,12,0,,,True,True,True,True,False
2258,abv,pattern_violation,0.04%,0.04,0,,,True,True,True,True,False
2259,ounces,pattern_violation,12.0 oz.,12,0,,,True,True,True,True,False
2260,ounces,pattern_violation,12.0 ounce,12,0,,,True,True,True,True,False
2261,ounces,pattern_violation,16.0 oz,16,0,,,True,True,True,True,False
2261,abv,pattern_violation,0.06%,0.06,0,,,True,True,True,True,False
2262,ounces,pattern_violation,16.0 oz.,16,0,,,True,True,True,True,False
2262,abv,pattern_violation,0.05%,0.047,0,,,True,True,True,True,False
2263,ounces,pattern_violation,16.0 ounce,16,0,,,True,True,True,True,False
2264,ounces,pattern_violation,16.0 ounce,16,0,,,True,True,True,True,False
2264,abv,pattern_violation,0.07%,0.065,0,,,True,True,True,True,False
2265,ounces,pattern_violation,16.0 oz,16,0,,,True,True,True,True,False
2266,ounces,pattern_violation,16.0 ounce,16,0,,,True,True,True,True,False
2266,abv,pattern_violation,0.00%,0.001,0,,,True,True,True,True,False
2267,ounces,pattern_violation,16.0 oz,16,0,,,True,True,True,True,False
2267,abv,pattern_violation,0.07%,0.068,0,,,True,True,True,True,False
2268,ounces,pattern_violation,16.0 oz.,16,0,,,True,True,True,True,False
2269,ounces,pattern_violation,16.0 oz.,16,0,,,True,True,True,True,False
2270,ounces,pattern_violation,16.0 OZ.,16,0,,,True,True,True,True,False
2271,ounces,pattern_violation,12.0 oz,12,0,,,True,True,True,True,False
2272,ounces,pattern_violation,12.0 OZ.,12,0,,,True,True,True,True,False
2272,abv,pattern_violation,0.04%,0.042,0,,,True,True,True,True,False
2273,ounces,pattern_violation,12.0 oz,12,0,,,True,True,True,True,False
2274,ounces,pattern_violation,12.0 oz.,12,0,,,True,True,True,True,False
2275,ounces,pattern_violation,16.0 oz.,16,0,,,True,True,True,True,False
2276,ounces,pattern_violation,16.0 oz. Alumi-Tek,16,0,,,True,True,True,True,False
2277,ounces,pattern_violation,16.0 oz.,16,0,,,True,True,True,True,False
2278,ounces,pattern_violation,19.2 oz.,19.2,0,,,True,True,True,True,False
2278,abv,pattern_violation,0.13%,0.128,0,,,True,True,True,True,False
2279,ounces,pattern_violation,19.2 oz,19.2,0,,,True,True,True,True,False
2279,abv,pattern_violation,0.10%,0.104,0,,,True,True,True,True,False
2280,ounces,pattern_violation,19.2 oz.,19.2,0,,,True,True,True,True,False
2281,ounces,pattern_violation,19.2 OZ.,19.2,0,,,True,True,True,True,False
2282,ounces,pattern_violation,19.2 OZ.,19.2,0,,,True,True,True,True,False
2283,ounces,pattern_violation,12.0 oz.,12,0,,,True,True,True,True,False
2284,ounces,pattern_violation,12.0 oz.,12,0,,,True,True,True,True,False
2284,abv,pattern_violation,0.07%,0.065,0,,,True,True,True,True,False
2285,ounces,pattern_violation,19.2 oz,19.2,0,,,True,True,True,True,False
2286,ounces,pattern_violation,19.2 oz.,19.2,0,,,True,True,True,True,False
2287,ounces,pattern_violation,16.0 oz.,16,0,,,True,True,True,True,False
2288,ounces,pattern_violation,16.0 ounce,16,0,,,True,True,True,True,False
2289,ounces,pattern_violation,12.0 oz.,12,0,,,True,True,True,True,False
2290,ounces,pattern_violation,12.0 oz.,12,0,,,True,True,True,True,False
2290,abv,pattern_violation,0.07%,0.069,0,,,True,True,True,True,False
2291,ounces,pattern_violation,12.0 ounce,12,0,,,True,True,True,True,False
2291,abv,pattern_violation,0.05%,0.048,0,,,True,True,True,True,False
2292,ounces,pattern_violation,12.0 oz,12,0,,,True,True,True,True,False
2293,ounces,pattern_violation,12.0 oz,12,0,,,True,True,True,True,False
2294,ounces,pattern_violation,12.0 oz.,12,0,,,True,True,True,True,False
2295,ounces,pattern_violation,12.0 ounce,12,0,,,True,True,True,True,False
2296,ounces,pattern_violation,16.0 OZ.,16,0,,,True,True,True,True,False
2297,ounces,pattern_violation,12.0 oz,12,0,,,True,True,True,True,False
2297,abv,pattern_violation,0.07%,0.065,0,,,True,True,True,True,False
2298,ounces,pattern_violation,12.0 oz.,12,0,,,True,True,True,True,False
2298,abv,pattern_violation,0.04%,0.04,0,,,True,True,True,True,False
2299,ounces,pattern_violation,12.0 ounce,12,0,,,True,True,True,True,False
2300,ounces,pattern_violation,12.0 oz. Alumi-Tek,12,0,,,True,True,True,True,False
2300,abv,pattern_violation,0.08%,0.08,0,,,True,True,True,True,False
2301,ounces,pattern_violation,12.0 ounce,12,0,,,True,True,True,True,False
2302,ounces,pattern_violation,12.0 oz.,12,0,,,True,True,True,True,False
2303,ounces,pattern_violation,12.0 ounce,12,0,,,True,True,True,True,False
2304,ounces,pattern_violation,12.0 ounce,12,0,,,True,True,True,True,False
2305,ounces,pattern_violation,12.0 ounce,12,0,,,True,True,True,True,False
2306,ounces,pattern_violation,16.0 oz.,16,0,,,True,True,True,True,False
2307,ounces,pattern_violation,16.0 oz.,16,0,,,True,True,True,True,False
2308,ounces,pattern_violation,16.0 ounce,16,0,,,True,True,True,True,False
2308,abv,pattern_violation,0.07%,0.068,0,,,True,True,True,True,False
2309,ounces,pattern_violation,16.0 OZ.,16,0,,,True,True,True,True,False
2310,ounces,pattern_violation,16.0 oz,16,0,,,True,True,True,True,False
2311,ounces,pattern_violation,12.0 ounce,12,0,,,True,True,True,True,False
2312,ounces,pattern_violation,12.0 oz,12,0,,,True,True,True,True,False
2313,ounces,pattern_violation,12.0 oz.,12,0,,,True,True,True,True,False
2314,ounces,pattern_violation,12.0 OZ.,12,0,,,True,True,True,True,False
2314,abv,pattern_violation,0.08%,0.075,0,,,True,True,True,True,False
2315,ounces,pattern_violation,12.0 oz.,12,0,,,True,True,True,True,False
2316,ounces,pattern_violation,12.0 oz. Alumi-Tek,12,0,,,True,True,True,True,False
2317,ounces,pattern_violation,12.0 ounce,12,0,,,True,True,True,True,False
2317,abv,pattern_violation,0.08%,0.075,0,,,True,True,True,True,False
2318,ounces,pattern_violation,12.0 oz,12,0,,,True,True,True,True,False
2319,ounces,pattern_violation,12.0 oz,12,0,,,True,True,True,True,False
2320,ounces,pattern_violation,12.0 OZ.,12,0,,,True,True,True,True,False
2320,abv,pattern_violation,0.06%,0.056,0,,,True,True,True,True,False
2321,ounces,pattern_violation,12.0 OZ.,12,0,,,True,True,True,True,False
2322,ounces,pattern_violation,12.0 ounce,12,0,,,True,True,True,True,False
2323,ounces,pattern_violation,12.0 OZ.,12,0,,,True,True,True,True,False
2324,ounces,pattern_violation,12.0 ounce,12,0,,,True,True,True,True,False
2324,abv,pattern_violation,0.05%,0.051,0,,,True,True,True,True,False
2325,ounces,pattern_violation,12.0 oz,12,0,,,True,True,True,True,False
2325,abv,pattern_violation,0.04%,0.04,0,,,True,True,True,True,False
2326,ounces,pattern_violation,12.0 oz.,12,0,,,True,True,True,True,False
2327,ounces,pattern_violation,12.0 oz.,12,0,,,True,True,True,True,False
2327,abv,pattern_violation,0.05%,0.045,0,,,True,True,True,True,False
2328,ounces,pattern_violation,12.0 oz.,12,0,,,True,True,True,True,False
2329,ounces,pattern_violation,12.0 oz.,12,0,,,True,True,True,True,False
2330,ounces,pattern_violation,16.0 oz,16,0,,,True,True,True,True,False
2331,ounces,pattern_violation,16.0 oz.,16,0,,,True,True,True,True,False
2332,ounces,pattern_violation,16.0 oz.,16,0,,,True,True,True,True,False
2333,ounces,pattern_violation,16.0 oz.,16,0,,,True,True,True,True,False
2334,ounces,pattern_violation,12.0 oz.,12,0,,,True,True,True,True,False
2334,abv,pattern_violation,0.09%,0.09,0,,,True,True,True,True,False
2335,ounces,pattern_violation,12.0 oz.,12,0,,,True,True,True,True,False
2336,ounces,pattern_violation,12.0 ounce,12,0,,,True,True,True,True,False
2337,ounces,pattern_violation,12.0 oz.,12,0,,,True,True,True,True,False
2338,ounces,pattern_violation,12.0 ounce,12,0,,,True,True,True,True,False
2339,ounces,pattern_violation,12.0 ounce,12,0,,,True,True,True,True,False
2340,ounces,pattern_violation,12.0 oz.,12,0,,,True,True,True,True,False
2341,ounces,pattern_violation,12.0 oz,12,0,,,True,True,True,True,False
2342,ounces,pattern_violation,12.0 oz.,12,0,,,True,True,True,True,False
2343,ounces,pattern_violation,12.0 oz,12,0,,,True,True,True,True,False
2343,abv,pattern_violation,0.05%,0.052,0,,,True,True,True,True,False
2344,ounces,pattern_violation,12.0 oz,12,0,,,True,True,True,True,False
2345,ounces,pattern_violation,16.0 ounce,16,0,,,True,True,True,True,False
2346,ounces,pattern_violation,12.0 oz,12,0,,,True,True,True,True,False
2346,abv,pattern_violation,0.08%,0.08,0,,,True,True,True,True,False
2347,ounces,pattern_violation,12.0 ounce,12,0,,,True,True,True,True,False
2348,ounces,pattern_violation,12.0 ounce,12,0,,,True,True,True,True,False
2348,abv,pattern_violation,0.08%,0.075,0,,,True,True,True,True,False
2349,ounces,pattern_violation,12.0 oz,12,0,,,True,True,True,True,False
2350,ounces,pattern_violation,12.0 oz.,12,0,,,True,True,True,True,False
2350,abv,pattern_violation,0.05%,0.049,0,,,True,True,True,True,False
2351,ounces,pattern_violation,12.0 oz,12,0,,,True,True,True,True,False
2351,abv,pattern_violation,0.05%,0.052,0,,,True,True,True,True,False
2352,ounces,pattern_violation,12.0 oz,12,0,,,True,True,True,True,False
2352,abv,pattern_violation,0.06%,0.055,0,,,True,True,True,True,False
2353,ounces,pattern_violation,12.0 oz.,12,0,,,True,True,True,True,False
2354,ounces,pattern_violation,12.0 oz.,12,0,,,True,True,True,True,False
2355,ounces,pattern_violation,12.0 ounce,12,0,,,True,True,True,True,False
2355,abv,pattern_violation,0.06%,0.055,0,,,True,True,True,True,False
2356,ounces,pattern_violation,16.0 ounce,16,0,,,True,True,True,True,False
2357,ounces,pattern_violation,12.0 oz,12,0,,,True,True,True,True,False
2358,ounces,pattern_violation,12.0 oz.,12,0,,,True,True,True,True,False
2359,ounces,pattern_violation,12.0 oz.,12,0,,,True,True,True,True,False
2360,ounces,pattern_violation,12.0 oz. Alumi-Tek,12,0,,,True,True,True,True,False
2361,ounces,pattern_violation,12.0 oz,12,0,,,True,True,True,True,False
2362,ounces,pattern_violation,12.0 ounce,12,0,,,True,True,True,True,False
2363,ounces,pattern_violation,12.0 OZ.,12,0,,,True,True,True,True,False
2364,ounces,pattern_violation,12.0 oz,12,0,,,True,True,True,True,False
2365,ounces,pattern_violation,12.0 oz. Alumi-Tek,12,0,,,True,True,True,True,False
2366,ounces,pattern_violation,12.0 oz,12,0,,,True,True,True,True,False
2366,abv,pattern_violation,0.04%,0.042,0,,,True,True,True,True,False
2367,ounces,pattern_violation,12.0 oz.,12,0,,,True,True,True,True,False
2368,ounces,pattern_violation,12.0 ounce,12,0,,,True,True,True,True,False
2368,abv,pattern_violation,0.05%,0.045,0,,,True,True,True,True,False
2369,ounces,pattern_violation,12.0 oz,12,0,,,True,True,True,True,False
2369,abv,pattern_violation,0.06%,0.056,0,,,True,True,True,True,False
2370,ounces,pattern_violation,12.0 oz,12,0,,,True,True,True,True,False
2370,abv,pattern_violation,0.07%,0.068,0,,,True,True,True,True,False
2371,ounces,pattern_violation,12.0 oz.,12,0,,,True,True,True,True,False
2372,ounces,pattern_violation,12.0 ounce,12,0,,,True,True,True,True,False
2373,ounces,pattern_violation,12.0 oz,12,0,,,True,True,True,True,False
2374,ounces,pattern_violation,16.0 oz. Alumi-Tek,16,0,,,True,True,True,True,False
2374,abv,pattern_violation,0.05%,0.054,0,,,True,True,True,True,False
2375,ounces,pattern_violation,16.0 oz.,16,0,,,True,True,True,True,False
2376,ounces,pattern_violation,16.0 oz.,16,0,,,True,True,True,True,False
2377,ounces,pattern_violation,16.0 ounce,16,0,,,True,True,True,True,False
2378,ounces,pattern_violation,16.0 oz,16,0,,,True,True,True,True,False
2378,abv,pattern_violation,0.05%,0.05,0,,,True,True,True,True,False
2379,ounces,pattern_violation,16.0 ounce,16,0,,,True,True,True,True,False
2379,abv,pattern_violation,0.07%,0.074,0,,,True,True,True,True,False
2380,ounces,pattern_violation,16.0 oz,16,0,,,True,True,True,True,False
2381,ounces,pattern_violation,12.0 oz.,12,0,,,True,True,True,True,False
2381,abv,pattern_violation,0.06%,0.055,0,,,True,True,True,True,False
2382,ounces,pattern_violation,12.0 ounce,12,0,,,True,True,True,True,False
2382,abv,pattern_violation,0.07%,0.071,0,,,True,True,True,True,False
2383,ounces,pattern_violation,12.0 oz.,12,0,,,True,True,True,True,False
2384,ounces,pattern_violation,12.0 OZ.,12,0,,,True,True,True,True,False
2385,ounces,pattern_violation,12.0 oz,12,0,,,True,True,True,True,False
2385,abv,pattern_violation,0.06%,0.059,0,,,True,True,True,True,False
2386,ounces,pattern_violation,12.0 ounce,12,0,,,True,True,True,True,False
2387,ounces,pattern_violation,12.0 OZ.,12,0,,,True,True,True,True,False
2388,ounces,pattern_violation,12.0 oz.,12,0,,,True,True,True,True,False
2388,abv,pattern_violation,0.06%,0.058,0,,,True,True,True,True,False
2389,ounces,pattern_violation,12.0 oz.,12,0,,,True,True,True,True,False
2389,abv,pattern_violation,0.05%,0.045,0,,,True,True,True,True,False
2390,ounces,pattern_violation,12.0 oz,12,0,,,True,True,True,True,False
2390,abv,pattern_violation,0.06%,0.059,0,,,True,True,True,True,False
2391,ounces,pattern_violation,12.0 oz.,12,0,,,True,True,True,True,False
2392,ounces,pattern_violation,12.0 oz,12,0,,,True,True,True,True,False
2393,ounces,pattern_violation,12.0 ounce,12,0,,,True,True,True,True,False
2393,abv,pattern_violation,0.07%,0.065,0,,,True,True,True,True,False
2394,ounces,pattern_violation,12.0 oz.,12,0,,,True,True,True,True,False
2395,ounces,pattern_violation,16.0 oz,16,0,,,True,True,True,True,False
2396,ounces,pattern_violation,12.0 oz.,12,0,,,True,True,True,True,False
2397,ounces,pattern_violation,12.0 oz,12,0,,,True,True,True,True,False
2398,ounces,pattern_violation,12.0 oz,12,0,,,True,True,True,True,False
2398,abv,pattern_violation,0.08%,0.077,0,,,True,True,True,True,False
2399,ounces,pattern_violation,12.0 oz,12,0,,,True,True,True,True,False
2400,ounces,pattern_violation,12.0 oz,12,0,,,True,True,True,True,False
2401,ounces,pattern_violation,12.0 oz.,12,0,,,True,True,True,True,False
2402,ounces,pattern_violation,12.0 oz,12,0,,,True,True,True,True,False
2402,abv,pattern_violation,0.08%,0.082,0,,,True,True,True,True,False
2403,ounces,pattern_violation,12.0 oz.,12,0,,,True,True,True,True,False
2403,abv,pattern_violation,0.06%,0.055,0,,,True,True,True,True,False
2404,ounces,pattern_violation,12.0 oz.,12,0,,,True,True,True,True,False
2405,ounces,pattern_violation,12.0 oz.,12,0,,,True,True,True,True,False
2406,ounces,pattern_violation,12.0 oz. Alumi-Tek,12,0,,,True,True,True,True,False
2407,ounces,pattern_violation,12.0 oz.,12,0,,,True,True,True,True,False
2407,abv,pattern_violation,0.06%,0.055,0,,,True,True,True,True,False
2408,ounces,pattern_violation,12.0 ounce,12,0,,,True,True,True,True,False
2408,abv,pattern_violation,0.06%,0.055,0,,,True,True,True,True,False
2409,ounces,pattern_violation,12.0 oz.,12,0,,,True,True,True,True,False
20,state,missing_value,,CA,1,,,True,True,True,True,False
47,state,missing_value,,MO,1,,,True,True,True,True,False
90,state,missing_value,,WI,1,,,True,True,True,True,False
121,state,missing_value,,WI,1,,,True,True,True,True,False
134,state,missing_value,,TX,1,,,True,True,True,True,False
139,state,missing_value,,NC,1,,,True,True,True,True,False
155,state,missing_value,,MI,1,,,True,True,True,True,False
183,state,missing_value,,CA,1,,,True,True,True,True,False
230,state,missing_value,,MN,1,,,True,True,True,True,False
309,state,missing_value,,MA,1,,,True,True,True,True,False
310,state,missing_value,,VA,1,,,True,True,True,True,False
352,state,missing_value,,CO,1,,,True,True,True,True,False
381,state,missing_value,,CO,1,,,True,True,True,True,False
386,state,missing_value,,IN,1,,,True,True,True,True,False
410,state,missing_value,,MI,1,,,True,True,True,True,False
451,state,missing_value,,FL,1,,,True,True,True,True,False
461,state,missing_value,,NY,1,,,True,True,True,True,False
466,state,missing_value,,NV,1,,,True,True,True,True,False
472,state,missing_value,,TX,1,,,True,True,True,True,False
500,state,missing_value,,OK,1,,,True,True,True,True,False
508,state,missing_value,,OR,1,,,True,True,True,True,False
518,state,missing_value,,MA,1,,,True,True,True,True,False
528,state,missing_value,,MA,1,,,True,True,True,True,False
542,state,missing_value,,NC,1,,,True,True,True,True,False
543,state,missing_value,,NC,1,,,True,True,True,True,False
550,state,missing_value,,NJ,1,,,True,True,True,True,False
572,state,missing_value,,CO,1,,,True,True,True,True,False
578,state,missing_value,,CA,1,,,True,True,True,True,False
584,state,missing_value,,VA,1,,,True,True,True,True,False
588,state,missing_value,,IN,1,,,True,True,True,True,False
617,state,missing_value,,FL,1,,,True,True,True,True,False
642,state,missing_value,,IA,1,,,True,True,True,True,False
646,state,missing_value,,AR,1,,,True,True,True,True,False
715,state,missing_value,,IL,1,,,True,True,True,True,False
716,state,missing_value,,IL,1,,,True,True,True,True,False
723,state,missing_value,,CA,1,,,True,True,True,True,False
779,state,missing_value,,CO,1,,,True,True,True,True,False
793,state,missing_value,,CA,1,,,True,True,True,True,False
805,state,missing_value,,CA,1,,,True,True,True,True,False
836,state,missing_value,,PA,1,,,True,True,True,True,False
846,state,missing_value,,TX,1,,,True,True,True,True,False
864,state,missing_value,,MI,1,,,True,True,True,True,False
886,state,missing_value,,WI,1,,,True,True,True,True,False
889,state,missing_value,,ME,1,,,True,True,True,True,False
890,state,missing_value,,CA,1,,,True,True,True,True,False
897,state,missing_value,,CA,1,,,True,True,True,True,False
918,state,missing_value,,IL,1,,,True,True,True,True,False
940,state,missing_value,,IN,1,,,True,True,True,True,False
952,state,missing_value,,CO,1,,,True,True,True,True,False
1028,state,missing_value,,MA,1,,,True,True,True,True,False
1039,state,missing_value,,CA,1,,,True,True,True,True,False
1059,state,missing_value,,PA,1,,,True,True,True,True,False
1075,state,missing_value,,OR,1,,,True,True,True,True,False
1077,state,missing_value,,OR,1,,,True,True,True,True,False
1088,state,missing_value,,OR,1,,,True,True,True,True,False
1120,state,missing_value,,MA,1,,,True,True,True,True,False
1137,state,missing_value,,WI,1,,,True,True,True,True,False
1148,state,missing_value,,TX,1,,,True,True,True,True,False
1156,state,missing_value,,NY,1,,,True,True,True,True,False
1158,state,missing_value,,AK,1,,,True,True,True,True,False
1187,state,missing_value,,NM,1,,,True,True,True,True,False
1203,state,missing_value,,MT,1,,,True,True,True,True,False
1211,state,missing_value,,PA,1,,,True,True,True,True,False
1239,state,missing_value,,OR,1,,,True,True,True,True,False
1246,state,missing_value,,OH,1,,,True,True,True,True,False
1284,state,missing_value,,TX,1,,,True,True,True,True,False
1287,state,missing_value,,TX,1,,,True,True,True,True,False
1288,state,missing_value,,NY,1,,,True,True,True,True,False
1294,state,missing_value,,NY,1,,,True,True,True,True,False
1342,state,missing_value,,IL,1,,,True,True,True,True,False
1367,state,missing_value,,WI,1,,,True,True,True,True,False
1374,state,missing_value,,CA,1,,,True,True,True,True,False
1376,state,missing_value,,CA,1,,,True,True,True,True,False
1430,state,missing_value,,OR,1,,,True,True,True,True,False
1480,state,missing_value,,SC,1,,,True,True,True,True,False
1558,state,missing_value,,CO,1,,,True,True,True,True,False
1559,state,missing_value,,CO,1,,,True,True,True,True,False
1582,state,missing_value,,CO,1,,,True,True,True,True,False
1587,state,missing_value,,CO,1,,,True,True,True,True,False
1591,state,missing_value,,CO,1,,,True,True,True,True,False
1620,state,missing_value,,ME,1,,,True,True,True,True,False
1641,state,missing_value,,MI,1,,,True,True,True,True,False
1670,state,missing_value,,CO,1,,,True,True,True,True,False
1691,state,missing_value,,GA,1,,,True,True,True,True,False
1708,state,missing_value,,CO,1,,,True,True,True,True,False
1714,state,missing_value,,CO,1,,,True,True,True,True,False
1735,state,missing_value,,OH,1,,,True,True,True,True,False
1738,state,missing_value,,ME,1,,,True,True,True,True,False
1743,state,missing_value,,PA,1,,,True,True,True,True,False
1747,state,missing_value,,PA,1,,,True,True,True,True,False
1759,state,missing_value,,MI,1,,,True,True,True,True,False
1772,state,missing_value,,PA,1,,,True,True,True,True,False
1800,state,missing_value,,AZ,1,,,True,True,True,True,False
1831,state,missing_value,,OR,1,,,True,True,True,True,False
1851,state,missing_value,,CA,1,,,True,True,True,True,False
1860,state,missing_value,,NY,1,,,True,True,True,True,False
1865,state,missing_value,,NY,1,,,True,True,True,True,False
1883,state,missing_value,,CO,1,,,True,True,True,True,False
1905,state,missing_value,,PA,1,,,True,True,True,True,False
1926,state,missing_value,,ID,1,,,True,True,True,True,False
1932,state,missing_value,,ID,1,,,True,True,True,True,False
1955,state,missing_value,,TX,1,,,True,True,True,True,False
1979,state,missing_value,,IL,1,,,True,True,True,True,False
2019,state,missing_value,,MD,1,,,True,True,True,True,False
2030,state,missing_value,,MN,1,,,True,True,True,True,False
2041,state,missing_value,,IN,1,,,True,True,True,True,False
2042,state,missing_value,,IN,1,,,True,True,True,True,False
2044,state,missing_value,,IN,1,,,True,True,True,True,False
2060,state,missing_value,,IN,1,,,True,True,True,True,False
2073,state,missing_value,,MN,1,,,True,True,True,True,False
2112,state,missing_value,,KS,1,,,True,True,True,True,False
2132,state,missing_value,,IL,1,,,True,True,True,True,False
2135,state,missing_value,,GA,1,,,True,True,True,True,False
2143,state,missing_value,,VT,1,,,True,True,True,True,False
2186,state,missing_value,,NE,1,,,True,True,True,True,False
2195,state,missing_value,,IN,1,,,True,True,True,True,False
2204,state,missing_value,,CO,1,,,True,True,True,True,False
2217,state,missing_value,,PA,1,,,True,True,True,True,False
2270,state,missing_value,,CA,1,,,True,True,True,True,False
2286,state,missing_value,,CO,1,,,True,True,True,True,False
2293,state,missing_value,,CO,1,,,True,True,True,True,False
2314,state,missing_value,,PA,1,,,True,True,True,True,False
2319,state,missing_value,,MA,1,,,True,True,True,True,False
2364,state,missing_value,,IL,1,,,True,True,True,True,False
2370,state,missing_value,,VA,1,,,True,True,True,True,False
2376,state,missing_value,,MT,1,,,True,True,True,True,False
2393,state,missing_value,,NH,1,,,True,True,True,True,False
