row_id,column,error_type,error_value,right_value,missing_value,constraint,tuple_pairs,valid_key,table_difference,source_error_matches_dirty,source_right_matches_clean,annotation_orientation_fixed
2,categories,pattern_violation,Mexican Restaurants;Latin American Restaurants;Bar & Grills;Take Out Restaurants;Restaurants,Mexican Restaurants;Bar & Grills;Take Out Restaurants;Latin American Restaurants;Restaurants,0,,,True,True,True,True,False
10,categories,pattern_violation,Mediterranean Restaurants;Take Out Restaurants;Italian Restaurants;Family Style Restaurants;Restaurants,Mediterranean Restaurants;Family Style Restaurants;Italian Restaurants;Take Out Restaurants;Restaurants,0,,,True,True,True,True,False
13,categories,pattern_violation,Chinese Restaurants;Asian Restaurants;Family Style Restaurants;Take Out Restaurants;Restaurants,Chinese Restaurants;Asian Restaurants;Take Out Restaurants;Family Style Restaurants;Restaurants,0,,,True,True,True,True,False
16,categories,pattern_violation,Indian Restaurants;Take Out Restaurants;Caterers;Asian Restaurants;Middle Eastern Restaurants;Restaurants,Indian Restaurants;Middle Eastern Restaurants;Take Out Restaurants;Caterers;Asian Restaurants;Restaurants,0,,,True,True,True,True,False
29,neighborhood,pattern_violation,Midtown Manhattan;Hell's Kitchen,Hell's Kitchen;Midtown Manhattan,0,,,True,True,True,True,False
50,categories,pattern_violation,Latin American Restaurants;Seafood Restaurants;Family Style Restaurants;Mexican Restaurants;Take Out Restaurants;Restaurants,Latin American Restaurants;Mexican Restaurants;Seafood Restaurants;Family Style Restaurants;Take Out Restaurants;Restaurants,0,,,True,True,True,True,False
62,categories,pattern_violation,Chinese Restaurants;Family Style Restaurants;Take Out Restaurants;Asian Restaurants;Restaurants,Chinese Restaurants;Asian Restaurants;Take Out Restaurants;Family Style Restaurants;Restaurants,0,,,True,True,True,True,False
63,neighborhood,pattern_violation,Hell's Kitchen;Midtown Manhattan;Midtown;Hell'S Kitchen,Hell's Kitchen;Midtown Manhattan,0,,,True,True,True,True,False
78,categories,pattern_violation,Sushi Bars;Japanese Restaurants;Health Food Restaurants;Asian Restaurants;Restaurants,Sushi Bars;Japanese Restaurants;Asian Restaurants;Health Food Restaurants;Restaurants,0,,,True,True,True,True,False
78,neighborhood,pattern_violation,Midtown Manhattan;Midtown;Rose Hill;Kips Bay,Midtown Manhattan;Rose Hill;Kips Bay,0,,,True,True,True,True,False
101,categories,pattern_violation,Chinese Restaurants;Family Style Restaurants;Asian Restaurants;Take Out Restaurants;Restaurants,Chinese Restaurants;Asian Restaurants;Take Out Restaurants;Family Style Restaurants;Restaurants,0,,,True,True,True,True,False
102,categories,pattern_violation,Japanese Restaurants;Asian Restaurants;Sushi Bars;Family Style Restaurants;Take Out Restaurants;Restaurants,Japanese Restaurants;Take Out Restaurants;Asian Restaurants;Sushi Bars;Family Style Restaurants;Restaurants,0,,,True,True,True,True,False
111,categories,pattern_violation,Chinese Restaurants;Asian Restaurants;Family Style Restaurants;Take Out Restaurants;Restaurants,Chinese Restaurants;Asian Restaurants;Take Out Restaurants;Family Style Restaurants;Restaurants,0,,,True,True,True,True,False
115,categories,pattern_violation,Chinese Restaurants;Caterers;Asian Restaurants;Take Out Restaurants;Restaurants,Chinese Restaurants;Take Out Restaurants;Caterers;Asian Restaurants;Restaurants,0,,,True,True,True,True,False
117,neighborhood,pattern_violation,Midtown Manhattan;Midtown;Rose Hill;Kips Bay,Midtown Manhattan;Rose Hill;Kips Bay,0,,,True,True,True,True,False
118,neighborhood,pattern_violation,Midtown Manhattan;Turtle Bay;Midtown;Midtown East,Midtown Manhattan;Turtle Bay;Midtown East,0,,,True,True,True,True,False
132,categories,pattern_violation,Thai Restaurants;Take Out Restaurants;Breakfast Brunch & Lunch Restaurants;Asian Restaurants;Family Style Restaurants;Restaurants,Thai Restaurants;Asian Restaurants;Take Out Restaurants;Breakfast Brunch & Lunch Restaurants;Family Style Restaurants;Restaurants,0,,,True,True,True,True,False
139,categories,pattern_violation,Chinese Restaurants;Family Style Restaurants;Asian Restaurants;Restaurants,Chinese Restaurants;Asian Restaurants;Family Style Restaurants;Restaurants,0,,,True,True,True,True,False
139,neighborhood,pattern_violation,Midtown;Hell'S Kitchen;Midtown Manhattan;Hell's Kitchen,Hell's Kitchen;Midtown Manhattan,0,,,True,True,True,True,False
143,neighborhood,pattern_violation,Midtown Manhattan;Midtown;Gramercy Park,Midtown Manhattan;Gramercy Park,0,,,True,True,True,True,False
145,categories,pattern_violation,Health Food Restaurants;Family Style Restaurants;Vegetarian Restaurants;Breakfast Brunch & Lunch Restaurants;Take Out Restaurants;Restaurants,Health Food Restaurants;Breakfast Brunch & Lunch Restaurants;Vegetarian Restaurants;Family Style Restaurants;Take Out Restaurants;Restaurants,0,,,True,True,True,True,False
149,categories,pattern_violation,Chinese Restaurants;Family Style Restaurants;Asian Restaurants;Restaurants,Chinese Restaurants;Asian Restaurants;Family Style Restaurants;Restaurants,0,,,True,True,True,True,False
158,neighborhood,pattern_violation,Midtown Manhattan;Midtown;Gramercy Park,Midtown Manhattan;Gramercy Park,0,,,True,True,True,True,False
161,categories,pattern_violation,Mexican Restaurants;Seafood Restaurants;Take Out Restaurants;Latin American Restaurants;Restaurants,Mexican Restaurants;Latin American Restaurants;Take Out Restaurants;Seafood Restaurants;Restaurants,0,,,True,True,True,True,False
165,neighborhood,pattern_violation,Midtown Manhattan;Midtown;Midtown East,Midtown Manhattan;Midtown East,0,,,True,True,True,True,False
169,categories,pattern_violation,Family Style Restaurants;Caterers;Italian Restaurants;Mediterranean Restaurants;Take Out Restaurants;Restaurants,Family Style Restaurants;Take Out Restaurants;Caterers;Italian Restaurants;Mediterranean Restaurants;Restaurants,0,,,True,True,True,True,False
175,neighborhood,pattern_violation,Hell's Kitchen;Midtown Manhattan;Midtown;Hell'S Kitchen,Hell's Kitchen;Midtown Manhattan,0,,,True,True,True,True,False
179,neighborhood,pattern_violation,Midtown East;Midtown Manhattan;Midtown;Sutton Place,Midtown East;Midtown Manhattan;Sutton Place,0,,,True,True,True,True,False
186,neighborhood,pattern_violation,Midtown Manhattan;Hell's Kitchen;Midtown;Hell'S Kitchen,Hell's Kitchen;Midtown Manhattan,0,,,True,True,True,True,False
232,categories,pattern_violation,Chinese Restaurants;Take Out Restaurants;Asian Restaurants;Caterers;Restaurants,Chinese Restaurants;Asian Restaurants;Take Out Restaurants;Caterers;Restaurants,0,,,True,True,True,True,False
236,categories,pattern_violation,Chinese Restaurants;Caterers;Family Style Restaurants;Asian Restaurants;Restaurants,Chinese Restaurants;Asian Restaurants;Caterers;Family Style Restaurants;Restaurants,0,,,True,True,True,True,False
238,name,pattern_violation,sushi hana,hana sushi,0,,,True,True,True,True,False
241,streetAddress,pattern_violation,1713 1st Ave,1317 1st Ave,0,,,True,True,True,True,False
244,categories,pattern_violation,Health Food Restaurants;Take Out Restaurants;Breakfast Brunch & Lunch Restaurants;Family Style Restaurants;Sandwich Shops;Restaurants,Health Food Restaurants;Breakfast Brunch & Lunch Restaurants;Family Style Restaurants;Take Out Restaurants;Sandwich Shops;Restaurants,0,,,True,True,True,True,False
256,categories,pattern_violation,Japanese Restaurants;Family Style Restaurants;Asian Restaurants;Restaurants,Japanese Restaurants;Asian Restaurants;Family Style Restaurants;Restaurants,0,,,True,True,True,True,False
261,categories,pattern_violation,Sushi Bars;Japanese Restaurants;Thai Restaurants;Asian Restaurants;Take Out Restaurants;Caterers;Restaurants,Sushi Bars;Japanese Restaurants;Asian Restaurants;Thai Restaurants;Take Out Restaurants;Caterers;Restaurants,0,,,True,True,True,True,False
263,neighborhood,pattern_violation,Midtown Manhattan;Hell's Kitchen,Hell's Kitchen;Midtown Manhattan,0,,,True,True,True,True,False
264,categories,pattern_violation,Thai Restaurants;Take Out Restaurants;Bar & Grills;Breakfast Brunch & Lunch Restaurants;Asian Restaurants;Restaurants,Thai Restaurants;Asian Restaurants;Take Out Restaurants;Bar & Grills;Breakfast Brunch & Lunch Restaurants;Restaurants,0,,,True,True,True,True,False
267,categories,pattern_violation,Italian Restaurants;Take Out Restaurants;Mediterranean Restaurants;Caterers;Family Style Restaurants;Restaurants,Italian Restaurants;Mediterranean Restaurants;Take Out Restaurants;Caterers;Family Style Restaurants;Restaurants,0,,,True,True,True,True,False
280,neighborhood,pattern_violation,Midtown Manhattan;Midtown;Midtown East,Midtown Manhattan;Midtown East,0,,,True,True,True,True,False
289,categories,pattern_violation,Health Food Restaurants;Sandwich Shops;Take Out Restaurants;Breakfast Brunch & Lunch Restaurants;Family Style Restaurants;Restaurants,Health Food Restaurants;Breakfast Brunch & Lunch Restaurants;Family Style Restaurants;Sandwich Shops;Take Out Restaurants;Restaurants,0,,,True,True,True,True,False
295,categories,pattern_violation,Japanese Restaurants;Sushi Bars;Family Style Restaurants;Asian Restaurants;Take Out Restaurants;Restaurants,Japanese Restaurants;Take Out Restaurants;Asian Restaurants;Sushi Bars;Family Style Restaurants;Restaurants,0,,,True,True,True,True,False
300,categories,pattern_violation,Thai Restaurants;Family Style Restaurants;Asian Restaurants;Take Out Restaurants;Restaurants,Thai Restaurants;Asian Restaurants;Family Style Restaurants;Take Out Restaurants;Restaurants,0,,,True,True,True,True,False
318,name,pattern_violation,cowgirl seahorse,cowgirl sea horse,0,,,True,True,True,True,False
337,neighborhood,pattern_violation,Midtown Manhattan;Hell's Kitchen,Hell's Kitchen;Midtown Manhattan,0,,,True,True,True,True,False
341,neighborhood,pattern_violation,Midtown Manhattan;Midtown;Midtown East,Midtown Manhattan;Midtown East,0,,,True,True,True,True,False
342,categories,pattern_violation,Japanese Restaurants;Take Out Restaurants;Asian Restaurants;Bar & Grills;Family Style Restaurants;Restaurants,Japanese Restaurants;Bar & Grills;Family Style Restaurants;Asian Restaurants;Take Out Restaurants;Restaurants,0,,,True,True,True,True,False
364,categories,pattern_violation,Indian Restaurants;Vegetarian Restaurants;Health Food Restaurants;Middle Eastern Restaurants;Asian Restaurants;Restaurants,Indian Restaurants;Middle Eastern Restaurants;Asian Restaurants;Vegetarian Restaurants;Health Food Restaurants;Restaurants,0,,,True,True,True,True,False
365,neighborhood,pattern_violation,Midtown Manhattan;Midtown;Midtown East,Midtown Manhattan;Midtown East,0,,,True,True,True,True,False
369,categories,pattern_violation,Thai Restaurants;Asian Restaurants;Vegetarian Restaurants;Health Food Restaurants;Take Out Restaurants;Restaurants,Thai Restaurants;Asian Restaurants;Take Out Restaurants;Vegetarian Restaurants;Health Food Restaurants;Restaurants,0,,,True,True,True,True,False
385,neighborhood,pattern_violation,Hell's Kitchen;Midtown Manhattan;Midtown;Hell'S Kitchen,Hell's Kitchen;Midtown Manhattan,0,,,True,True,True,True,False
395,neighborhood,pattern_violation,Midtown;Hell'S Kitchen;Hell's Kitchen;Midtown Manhattan,Hell's Kitchen;Midtown Manhattan,0,,,True,True,True,True,False
401,categories,pattern_violation,Thai Restaurants;Take Out Restaurants;Breakfast Brunch & Lunch Restaurants;Asian Restaurants;Restaurants,Thai Restaurants;Breakfast Brunch & Lunch Restaurants;Asian Restaurants;Take Out Restaurants;Restaurants,0,,,True,True,True,True,False
406,categories,pattern_violation,Health Food Restaurants;Sandwich Shops;Take Out Restaurants;Family Style Restaurants;Restaurants,Health Food Restaurants;Family Style Restaurants;Sandwich Shops;Take Out Restaurants;Restaurants,0,,,True,True,True,True,False
407,neighborhood,pattern_violation,Midtown Manhattan;Hell's Kitchen,Hell's Kitchen;Midtown Manhattan,0,,,True,True,True,True,False
409,categories,pattern_violation,Sushi Bars;Japanese Restaurants;Take Out Restaurants;Asian Restaurants;Restaurants,Sushi Bars;Japanese Restaurants;Asian Restaurants;Take Out Restaurants;Restaurants,0,,,True,True,True,True,False
412,categories,pattern_violation,Japanese Restaurants;Asian Restaurants;Family Style Restaurants;Take Out Restaurants;Sushi Bars;Restaurants,Japanese Restaurants;Asian Restaurants;Take Out Restaurants;Family Style Restaurants;Sushi Bars;Restaurants,0,,,True,True,True,True,False
418,categories,pattern_violation,Chicken Restaurants;Barbecue Restaurants;American Restaurants;Take Out Restaurants;Caterers;Restaurants,Chicken Restaurants;American Restaurants;Barbecue Restaurants;Take Out Restaurants;Caterers;Restaurants,0,,,True,True,True,True,False
421,categories,pattern_violation,Chinese Restaurants;Family Style Restaurants;Asian Restaurants;Take Out Restaurants;Restaurants,Chinese Restaurants;Asian Restaurants;Take Out Restaurants;Family Style Restaurants;Restaurants,0,,,True,True,True,True,False
429,categories,pattern_violation,Mediterranean Restaurants;Italian Restaurants;Family Style Restaurants;Take Out Restaurants;Restaurants,Mediterranean Restaurants;Family Style Restaurants;Italian Restaurants;Take Out Restaurants;Restaurants,0,,,True,True,True,True,False
433,categories,pattern_violation,Vegetarian Restaurants;Take Out Restaurants;Caterers;Health Food Restaurants;Chinese Restaurants;Asian Restaurants;Restaurants,Vegetarian Restaurants;Chinese Restaurants;Asian Restaurants;Take Out Restaurants;Caterers;Health Food Restaurants;Restaurants,0,,,True,True,True,True,False
451,neighborhood,pattern_violation,Midtown Manhattan;Hell's Kitchen,Hell's Kitchen;Midtown Manhattan,0,,,True,True,True,True,False
458,categories,pattern_violation,Italian Restaurants;Family Style Restaurants;Mediterranean Restaurants;Take Out Restaurants;Restaurants,Italian Restaurants;Take Out Restaurants;Mediterranean Restaurants;Family Style Restaurants;Restaurants,0,,,True,True,True,True,False
476,categories,pattern_violation,Sushi Bars;Japanese Restaurants;Take Out Restaurants;Asian Restaurants;Restaurants,Sushi Bars;Japanese Restaurants;Asian Restaurants;Take Out Restaurants;Restaurants,0,,,True,True,True,True,False
478,neighborhood,pattern_violation,Hell's Kitchen;Midtown Manhattan;Midtown;Hell'S Kitchen,Hell's Kitchen;Midtown Manhattan,0,,,True,True,True,True,False
487,neighborhood,pattern_violation,Midtown Manhattan;Hell's Kitchen,Hell's Kitchen;Midtown Manhattan,0,,,True,True,True,True,False
503,categories,pattern_violation,Japanese Restaurants;Take Out Restaurants;Asian Restaurants;Restaurants,Japanese Restaurants;Asian Restaurants;Take Out Restaurants;Restaurants,0,,,True,True,True,True,False
504,categories,pattern_violation,Italian Restaurants;Take Out Restaurants;Caterers;Family Style Restaurants;Mediterranean Restaurants;Restaurants,Italian Restaurants;Mediterranean Restaurants;Take Out Restaurants;Caterers;Family Style Restaurants;Restaurants,0,,,True,True,True,True,False
506,streetAddress,pattern_violation,1191 1st Ave,119 1st Ave,0,,,True,True,True,True,False
507,categories,pattern_violation,Indian Restaurants;Middle Eastern Restaurants;Asian Restaurants;Breakfast Brunch & Lunch Restaurants;Take Out Restaurants;Restaurants,Indian Restaurants;Breakfast Brunch & Lunch Restaurants;Middle Eastern Restaurants;Asian Restaurants;Take Out Restaurants;Restaurants,0,,,True,True,True,True,False
511,neighborhood,pattern_violation,Midtown Manhattan;Koreatown;Midtown,Midtown Manhattan;Koreatown,0,,,True,True,True,True,False
520,neighborhood,pattern_violation,Midtown Manhattan;Midtown;Rose Hill;Kips Bay,Midtown Manhattan;Rose Hill;Kips Bay,0,,,True,True,True,True,False
536,neighborhood,pattern_violation,Midtown Manhattan;Midtown;Murray Hill,Midtown Manhattan;Murray Hill,0,,,True,True,True,True,False
545,categories,pattern_violation,Thai Restaurants;Breakfast Brunch & Lunch Restaurants;Asian Restaurants;Family Style Restaurants;Restaurants,Thai Restaurants;Asian Restaurants;Breakfast Brunch & Lunch Restaurants;Family Style Restaurants;Restaurants,0,,,True,True,True,True,False
562,categories,pattern_violation,Indian Restaurants;Asian Restaurants;Middle Eastern Restaurants;Restaurants,Indian Restaurants;Middle Eastern Restaurants;Asian Restaurants;Restaurants,0,,,True,True,True,True,False
563,neighborhood,pattern_violation,Midtown Manhattan;Midtown;Flatiron District,Midtown Manhattan;Flatiron District,0,,,True,True,True,True,False
564,categories,pattern_violation,Thai Restaurants;Take Out Restaurants;Family Style Restaurants;Asian Restaurants;Restaurants,Thai Restaurants;Asian Restaurants;Family Style Restaurants;Take Out Restaurants;Restaurants,0,,,True,True,True,True,False
566,neighborhood,pattern_violation,Midtown Manhattan;Midtown;Gramercy Park,Midtown Manhattan;Gramercy Park,0,,,True,True,True,True,False
573,categories,pattern_violation,Chinese Restaurants;Caterers;Take Out Restaurants;Asian Restaurants;Restaurants,Chinese Restaurants;Asian Restaurants;Caterers;Take Out Restaurants;Restaurants,0,,,True,True,True,True,False
583,streetAddress,pattern_violation,56 Macdougal St,56 MacDougal St,0,,,True,False,True,True,False
584,categories,pattern_violation,Chinese Restaurants;Take Out Restaurants;Asian Restaurants;Restaurants,Chinese Restaurants;Asian Restaurants;Take Out Restaurants;Restaurants,0,,,True,True,True,True,False
598,categories,pattern_violation,Family Style Restaurants;Seafood Restaurants;Take Out Restaurants;Mexican Restaurants;Restaurants,Family Style Restaurants;Seafood Restaurants;Mexican Restaurants;Take Out Restaurants;Restaurants,0,,,True,True,True,True,False
608,categories,pattern_violation,Italian Restaurants;Mediterranean Restaurants;Family Style Restaurants;Take Out Restaurants;Restaurants,Italian Restaurants;Take Out Restaurants;Mediterranean Restaurants;Family Style Restaurants;Restaurants,0,,,True,True,True,True,False
620,streetAddress,pattern_violation,87 Macdougal St,87 MacDougal St,0,,,True,False,True,True,False
624,categories,pattern_violation,Italian Restaurants;Take Out Restaurants;Caterers;Mediterranean Restaurants;Breakfast Brunch & Lunch Restaurants;Family Style Restaurants;Restaurants,Italian Restaurants;Take Out Restaurants;Breakfast Brunch & Lunch Restaurants;Family Style Restaurants;Caterers;Mediterranean Restaurants;Restaurants,0,,,True,True,True,True,False
625,neighborhood,pattern_violation,Midtown Manhattan;Midtown;Chelsea,Midtown Manhattan;Chelsea,0,,,True,True,True,True,False
627,categories,pattern_violation,Thai Restaurants;Asian Restaurants;Take Out Restaurants;Breakfast Brunch & Lunch Restaurants;Restaurants,Thai Restaurants;Breakfast Brunch & Lunch Restaurants;Asian Restaurants;Take Out Restaurants;Restaurants,0,,,True,True,True,True,False
628,categories,pattern_violation,Breakfast Brunch & Lunch Restaurants;Take Out Restaurants;Seafood Restaurants;Restaurants,Breakfast Brunch & Lunch Restaurants;Seafood Restaurants;Take Out Restaurants;Restaurants,0,,,True,True,True,True,False
628,neighborhood,pattern_violation,Midtown;Midtown East;Midtown Manhattan,Midtown East;Midtown Manhattan,0,,,True,True,True,True,False
653,streetAddress,pattern_violation,111 W 17th St,11 W 17th St,0,,,True,True,True,True,False
653,neighborhood,pattern_violation,Midtown Manhattan;Midtown;Chelsea,Midtown Manhattan;Chelsea,0,,,True,True,True,True,False
656,neighborhood,pattern_violation,Midtown;Midtown East;Midtown Manhattan;Turtle Bay,Midtown East;Midtown Manhattan;Turtle Bay,0,,,True,True,True,True,False
657,categories,pattern_violation,Chinese Restaurants;Take Out Restaurants;Asian Restaurants;Restaurants,Chinese Restaurants;Asian Restaurants;Take Out Restaurants;Restaurants,0,,,True,True,True,True,False
668,categories,pattern_violation,Vietnamese Restaurants;Asian Restaurants;Chinese Restaurants;Take Out Restaurants;Family Style Restaurants;Restaurants,Vietnamese Restaurants;Chinese Restaurants;Asian Restaurants;Take Out Restaurants;Family Style Restaurants;Restaurants,0,,,True,True,True,True,False
670,categories,pattern_violation,Indian Restaurants;Asian Restaurants;Middle Eastern Restaurants;Restaurants,Indian Restaurants;Middle Eastern Restaurants;Asian Restaurants;Restaurants,0,,,True,True,True,True,False
689,neighborhood,pattern_violation,Midtown Manhattan;Midtown;Midtown East,Midtown Manhattan;Midtown East,0,,,True,True,True,True,False
693,categories,pattern_violation,Sushi Bars;Japanese Restaurants;Asian Restaurants;Seafood Restaurants;Take Out Restaurants;Restaurants,Sushi Bars;Japanese Restaurants;Asian Restaurants;Take Out Restaurants;Seafood Restaurants;Restaurants,0,,,True,True,True,True,False
695,categories,pattern_violation,Thai Restaurants;Take Out Restaurants;Breakfast Brunch & Lunch Restaurants;Asian Restaurants;Restaurants,Thai Restaurants;Breakfast Brunch & Lunch Restaurants;Asian Restaurants;Take Out Restaurants;Restaurants,0,,,True,True,True,True,False
742,neighborhood,pattern_violation,Garment District;Midtown Manhattan;Hell's Kitchen,Garment District;Midtown Manhattan;Midtown;Hell'S Kitchen,0,,,True,True,True,True,False
743,neighborhood,pattern_violation,Midtown Manhattan;Turtle Bay;Midtown;Midtown East,Midtown Manhattan;Turtle Bay;Midtown East,0,,,True,True,True,True,False
758,categories,pattern_violation,Italian Restaurants;Mediterranean Restaurants;Family Style Restaurants;Restaurants,Italian Restaurants;Family Style Restaurants;Mediterranean Restaurants;Restaurants,0,,,True,True,True,True,False
763,categories,pattern_violation,Sushi Bars;Take Out Restaurants;Asian Restaurants;Japanese Restaurants;Restaurants,Sushi Bars;Take Out Restaurants;Japanese Restaurants;Asian Restaurants;Restaurants,0,,,True,True,True,True,False
766,neighborhood,pattern_violation,Turtle Bay;Midtown Manhattan;Midtown;Midtown East,Turtle Bay;Midtown Manhattan;Midtown East,0,,,True,True,True,True,False
774,categories,pattern_violation,Thai Restaurants;Take Out Restaurants;Asian Restaurants;Restaurants,Thai Restaurants;Asian Restaurants;Take Out Restaurants;Restaurants,0,,,True,True,True,True,False
785,categories,pattern_violation,Chinese Restaurants;Take Out Restaurants;Asian Restaurants;Family Style Restaurants;Restaurants,Chinese Restaurants;Asian Restaurants;Take Out Restaurants;Family Style Restaurants;Restaurants,0,,,True,True,True,True,False
790,categories,pattern_violation,Chinese Restaurants;Take Out Restaurants;Asian Restaurants;Restaurants,Chinese Restaurants;Asian Restaurants;Take Out Restaurants;Restaurants,0,,,True,True,True,True,False
793,neighborhood,pattern_violation,Midtown;Midtown East;Midtown Manhattan,Midtown East;Midtown Manhattan,0,,,True,True,True,True,False
804,categories,pattern_violation,Chinese Restaurants;Family Style Restaurants;Take Out Restaurants;Caterers;Asian Restaurants;Restaurants,Chinese Restaurants;Caterers;Asian Restaurants;Family Style Restaurants;Take Out Restaurants;Restaurants,0,,,True,True,True,True,False
815,neighborhood,pattern_violation,Midtown;Midtown East;Midtown Manhattan,Midtown East;Midtown Manhattan,0,,,True,True,True,True,False
816,categories,pattern_violation,Restaurants;Japanese Restaurants;Asian Restaurants,Restaurants;Asian Restaurants;Japanese Restaurants,0,,,True,True,True,True,False
817,categories,pattern_violation,Sushi Bars;Take Out Restaurants;Japanese Restaurants;Caterers;Asian Restaurants;Restaurants,Sushi Bars;Take Out Restaurants;Caterers;Asian Restaurants;Japanese Restaurants;Restaurants,0,,,True,True,True,True,False
830,neighborhood,pattern_violation,Midtown Manhattan;Midtown;Murray Hill,Midtown Manhattan;Murray Hill,0,,,True,True,True,True,False
831,categories,pattern_violation,Pizza;American Restaurants;Take Out Restaurants;Caterers;Italian Restaurants;Restaurants,Pizza;American Restaurants;Caterers;Italian Restaurants;Take Out Restaurants;Restaurants,0,,,True,True,True,True,False
835,neighborhood,pattern_violation,Midtown Manhattan;Midtown;Koreatown,Midtown Manhattan;Koreatown,0,,,True,True,True,True,False
843,neighborhood,pattern_violation,Midtown Manhattan;Midtown;Midtown East,Midtown Manhattan;Midtown East,0,,,True,True,True,True,False
851,streetAddress,pattern_violation,129 Macdougal St,129 MacDougal St,0,,,True,False,True,True,False
853,categories,pattern_violation,Japanese Restaurants;Family Style Restaurants;Asian Restaurants;Restaurants,Japanese Restaurants;Asian Restaurants;Family Style Restaurants;Restaurants,0,,,True,True,True,True,False
876,categories,pattern_violation,Thai Restaurants;Take Out Restaurants;Asian Restaurants;Restaurants,Thai Restaurants;Asian Restaurants;Take Out Restaurants;Restaurants,0,,,True,True,True,True,False
903,neighborhood,pattern_violation,Midtown;Hell'S Kitchen;Hell's Kitchen;Midtown Manhattan,Hell's Kitchen;Midtown Manhattan,0,,,True,True,True,True,False
908,categories,pattern_violation,Japanese Restaurants;Take Out Restaurants;Asian Restaurants;Family Style Restaurants;Restaurants,Japanese Restaurants;Asian Restaurants;Family Style Restaurants;Take Out Restaurants;Restaurants,0,,,True,True,True,True,False
916,categories,pattern_violation,Thai Restaurants;Asian Restaurants;Take Out Restaurants;Family Style Restaurants;Restaurants,Thai Restaurants;Asian Restaurants;Family Style Restaurants;Take Out Restaurants;Restaurants,0,,,True,True,True,True,False
920,categories,pattern_violation,Health Food Restaurants;Family Style Restaurants;Take Out Restaurants;Restaurants,Health Food Restaurants;Take Out Restaurants;Family Style Restaurants;Restaurants,0,,,True,True,True,True,False
921,categories,pattern_violation,Cuban Restaurants;Latin American Restaurants;Caribbean Restaurants;Take Out Restaurants;Caterers;Family Style Restaurants;Restaurants,Cuban Restaurants;Take Out Restaurants;Caterers;Family Style Restaurants;Latin American Restaurants;Caribbean Restaurants;Restaurants,0,,,True,True,True,True,False
941,categories,pattern_violation,Thai Restaurants;Breakfast Brunch & Lunch Restaurants;Asian Restaurants;Family Style Restaurants;Vietnamese Restaurants;Take Out Restaurants;Restaurants,Thai Restaurants;Asian Restaurants;Take Out Restaurants;Vietnamese Restaurants;Breakfast Brunch & Lunch Restaurants;Family Style Restaurants;Restaurants,0,,,True,True,True,True,False
943,neighborhood,pattern_violation,Midtown Manhattan;Turtle Bay;Midtown;Midtown East,Midtown Manhattan;Turtle Bay;Midtown East,0,,,True,True,True,True,False
946,categories,pattern_violation,Chinese Restaurants;Family Style Restaurants;Asian Restaurants;Take Out Restaurants;Restaurants,Chinese Restaurants;Asian Restaurants;Take Out Restaurants;Family Style Restaurants;Restaurants,0,,,True,True,True,True,False
963,categories,pattern_violation,Japanese Restaurants;Take Out Restaurants;Asian Restaurants;Restaurants,Japanese Restaurants;Asian Restaurants;Take Out Restaurants;Restaurants,0,,,True,True,True,True,False
964,neighborhood,pattern_violation,Midtown;Midtown East;Midtown Manhattan;Turtle Bay,Midtown East;Midtown Manhattan;Turtle Bay,0,,,True,True,True,True,False
978,categories,pattern_violation,Japanese Restaurants;Take Out Restaurants;Asian Restaurants;Restaurants,Japanese Restaurants;Asian Restaurants;Take Out Restaurants;Restaurants,0,,,True,True,True,True,False
990,categories,pattern_violation,Chinese Restaurants;Seafood Restaurants;Asian Restaurants;Family Style Restaurants;Restaurants,Chinese Restaurants;Asian Restaurants;Seafood Restaurants;Family Style Restaurants;Restaurants,0,,,True,True,True,True,False
993,categories,pattern_violation,Middle Eastern Restaurants;Take Out Restaurants;Indian Restaurants;Family Style Restaurants;Asian Restaurants;Restaurants,Middle Eastern Restaurants;Indian Restaurants;Take Out Restaurants;Asian Restaurants;Family Style Restaurants;Restaurants,0,,,True,True,True,True,False
1001,neighborhood,pattern_violation,Downtown Manhattan;Nolita;NoLita,Downtown Manhattan;NoLita,0,,,True,True,True,True,False
1002,categories,pattern_violation,Asian Restaurants;Take Out Restaurants;Chinese Restaurants;Family Style Restaurants;Restaurants,Asian Restaurants;Chinese Restaurants;Take Out Restaurants;Family Style Restaurants;Restaurants,0,,,True,True,True,True,False
1003,neighborhood,pattern_violation,Midtown Manhattan;Turtle Bay;Midtown;Midtown East,Midtown Manhattan;Turtle Bay;Midtown East,0,,,True,True,True,True,False
1005,name,pattern_violation,sun cafe,cafe sun,0,,,True,True,True,True,False
1009,categories,pattern_violation,Sushi Bars;Take Out Restaurants;Japanese Restaurants;Asian Restaurants;Seafood Restaurants;Restaurants,Sushi Bars;Take Out Restaurants;Seafood Restaurants;Japanese Restaurants;Asian Restaurants;Restaurants,0,,,True,True,True,True,False
1025,neighborhood,pattern_violation,Midtown Manhattan;Midtown;Chelsea,Midtown Manhattan;Chelsea,0,,,True,True,True,True,False
1030,categories,pattern_violation,Japanese Restaurants;Family Style Restaurants;Asian Restaurants;Restaurants,Japanese Restaurants;Asian Restaurants;Family Style Restaurants;Restaurants,0,,,True,True,True,True,False
1033,categories,pattern_violation,Japanese Restaurants;Take Out Restaurants;Asian Restaurants;Restaurants,Japanese Restaurants;Asian Restaurants;Take Out Restaurants;Restaurants,0,,,True,True,True,True,False
1037,neighborhood,pattern_violation,Midtown Manhattan;Turtle Bay;Midtown;Midtown East,Midtown Manhattan;Turtle Bay;Midtown East,0,,,True,True,True,True,False
1048,neighborhood,pattern_violation,Midtown Manhattan;Turtle Bay;Midtown;Midtown East,Midtown Manhattan;Turtle Bay;Midtown East,0,,,True,True,True,True,False
1055,categories,pattern_violation,Cuban Restaurants;Latin American Restaurants;Caribbean Restaurants;Family Style Restaurants;Bars;Take Out Restaurants;Restaurants,Cuban Restaurants;Bars;Take Out Restaurants;Latin American Restaurants;Family Style Restaurants;Caribbean Restaurants;Restaurants,0,,,True,True,True,True,False
1070,categories,pattern_violation,Japanese Restaurants;Take Out Restaurants;Asian Restaurants;Restaurant Delivery Service;Sushi Bars;Family Style Restaurants;Restaurants,Japanese Restaurants;Asian Restaurants;Take Out Restaurants;Restaurant Delivery Service;Sushi Bars;Family Style Restaurants;Restaurants,0,,,True,True,True,True,False
1100,neighborhood,pattern_violation,Midtown East;Turtle Bay;Midtown Manhattan,Turtle Bay;Midtown Manhattan;Midtown East,0,,,True,True,True,True,False
1105,categories,pattern_violation,Asian Restaurants;Family Style Restaurants;Take Out Restaurants;Chinese Restaurants;Restaurants,Asian Restaurants;Chinese Restaurants;Take Out Restaurants;Family Style Restaurants;Restaurants,0,,,True,True,True,True,False
1107,streetAddress,pattern_violation,119 Macdougal St,119 MacDougal St,0,,,True,False,True,True,False
1115,neighborhood,pattern_violation,Gramercy Park;Midtown;Midtown Manhattan,Gramercy Park;Midtown Manhattan,0,,,True,True,True,True,False
1144,categories,pattern_violation,Italian Restaurants;Mediterranean Restaurants;Breakfast Brunch & Lunch Restaurants;Restaurants,Italian Restaurants;Breakfast Brunch & Lunch Restaurants;Mediterranean Restaurants;Restaurants,0,,,True,True,True,True,False
1150,neighborhood,pattern_violation,Midtown;Murray Hill;Midtown Manhattan,Murray Hill;Midtown Manhattan,0,,,True,True,True,True,False
1156,neighborhood,pattern_violation,Midtown Manhattan;Midtown;Chelsea,Midtown Manhattan;Chelsea,0,,,True,True,True,True,False
1181,neighborhood,pattern_violation,Downtown Manhattan;Nolita;NoLita,Downtown Manhattan;NoLita,0,,,True,True,True,True,False
1197,neighborhood,pattern_violation,Midtown Manhattan;Hell's Kitchen,Hell's Kitchen;Midtown Manhattan,0,,,True,True,True,True,False
1204,neighborhood,pattern_violation,Midtown Manhattan;Turtle Bay;Midtown;Midtown East,Midtown Manhattan;Turtle Bay;Midtown East,0,,,True,True,True,True,False
1215,categories,pattern_violation,Sushi Bars;Seafood Restaurants;Take Out Restaurants;Japanese Restaurants;Asian Restaurants;Restaurants,Sushi Bars;Seafood Restaurants;Japanese Restaurants;Asian Restaurants;Take Out Restaurants;Restaurants,0,,,True,True,True,True,False
1216,categories,pattern_violation,Indian Restaurants;Take Out Restaurants;Caterers;Breakfast Brunch & Lunch Restaurants;Middle Eastern Restaurants;Asian Restaurants;Restaurants,Indian Restaurants;Middle Eastern Restaurants;Asian Restaurants;Take Out Restaurants;Caterers;Breakfast Brunch & Lunch Restaurants;Restaurants,0,,,True,True,True,True,False
1230,categories,pattern_violation,Indian Restaurants;Take Out Restaurants;Caterers;Asian Restaurants;Breakfast Brunch & Lunch Restaurants;Family Style Restaurants;Middle Eastern Restaurants;Restaurants,Indian Restaurants;Middle Eastern Restaurants;Take Out Restaurants;Caterers;Asian Restaurants;Breakfast Brunch & Lunch Restaurants;Family Style Restaurants;Restaurants,0,,,True,True,True,True,False
1233,categories,pattern_violation,Restaurants;Mediterranean Restaurants;Italian Restaurants,Restaurants;Italian Restaurants;Mediterranean Restaurants,0,,,True,True,True,True,False
1256,categories,pattern_violation,Chinese Restaurants;Take Out Restaurants;Asian Restaurants;Family Style Restaurants;Restaurants,Chinese Restaurants;Asian Restaurants;Take Out Restaurants;Family Style Restaurants;Restaurants,0,,,True,True,True,True,False
1264,categories,pattern_violation,Restaurants;Japanese Restaurants;Asian Restaurants,Restaurants;Asian Restaurants;Japanese Restaurants,0,,,True,True,True,True,False
1278,categories,pattern_violation,Japanese Restaurants;Family Style Restaurants;Asian Restaurants;Take Out Restaurants;Caterers;Restaurants,Japanese Restaurants;Asian Restaurants;Family Style Restaurants;Take Out Restaurants;Caterers;Restaurants,0,,,True,True,True,True,False
1286,name,pattern_violation,emc seafood & rawbar,emc seafood & raw bar,0,,,True,True,True,True,False
1306,neighborhood,pattern_violation,Hollywood;Central LA;Central Hollywood;Central La,Hollywood;Central La;Central LA;Central Hollywood,0,,,True,True,True,True,False
1321,categories,pattern_violation,Asian Restaurants;Family Style Restaurants;Chinese Restaurants;Take Out Restaurants;Restaurants,Asian Restaurants;Chinese Restaurants;Take Out Restaurants;Family Style Restaurants;Restaurants,0,,,True,True,True,True,False
1335,categories,pattern_violation,Chinese Restaurants;Take Out Restaurants;Caterers;Family Style Restaurants;Asian Restaurants;Restaurants,Chinese Restaurants;Asian Restaurants;Take Out Restaurants;Caterers;Family Style Restaurants;Restaurants,0,,,True,True,True,True,False
1350,categories,pattern_violation,Mexican Restaurants;Take Out Restaurants;Latin American Restaurants;Restaurants,Mexican Restaurants;Latin American Restaurants;Take Out Restaurants;Restaurants,0,,,True,True,True,True,False
1353,categories,pattern_violation,Family Style Restaurants;Take Out Restaurants;American Restaurants;Breakfast Brunch & Lunch Restaurants;Restaurants,Family Style Restaurants;American Restaurants;Breakfast Brunch & Lunch Restaurants;Take Out Restaurants;Restaurants,0,,,True,True,True,True,False
1358,categories,pattern_violation,Thai Restaurants;Take Out Restaurants;Asian Restaurants;Restaurants,Thai Restaurants;Asian Restaurants;Take Out Restaurants;Restaurants,0,,,True,True,True,True,False
1360,neighborhood,pattern_violation,East LA;Silver Lake;East La,Silver Lake;East LA,0,,,True,True,True,True,False
1365,categories,pattern_violation,Mexican Restaurants;Caterers;Latin American Restaurants;Bar & Grills;Breakfast Brunch & Lunch Restaurants;Take Out Restaurants;Restaurants,Mexican Restaurants;Bar & Grills;Breakfast Brunch & Lunch Restaurants;Take Out Restaurants;Caterers;Latin American Restaurants;Restaurants,0,,,True,True,True,True,False
1370,categories,pattern_violation,Chinese Restaurants;Take Out Restaurants;Asian Restaurants;Caterers;Restaurants,Chinese Restaurants;Asian Restaurants;Take Out Restaurants;Caterers;Restaurants,0,,,True,True,True,True,False
1371,categories,pattern_violation,Barbecue Restaurants;Caterers;Take Out Restaurants;American Restaurants;Restaurants,Barbecue Restaurants;American Restaurants;Caterers;Take Out Restaurants;Restaurants,0,,,True,True,True,True,False
1395,categories,pattern_violation,Mexican Restaurants;Breakfast Brunch & Lunch Restaurants;Family Style Restaurants;Take Out Restaurants;Latin American Restaurants;Restaurants,Mexican Restaurants;Breakfast Brunch & Lunch Restaurants;Family Style Restaurants;Latin American Restaurants;Take Out Restaurants;Restaurants,0,,,True,True,True,True,False
1413,categories,pattern_violation,Chinese Restaurants;Japanese Restaurants;Asian Restaurants;Take Out Restaurants;Restaurants,Chinese Restaurants;Asian Restaurants;Take Out Restaurants;Japanese Restaurants;Restaurants,0,,,True,True,True,True,False
1421,categories,pattern_violation,Thai Restaurants;Asian Restaurants;Take Out Restaurants;Breakfast Brunch & Lunch Restaurants;Family Style Restaurants;Caterers;Restaurants,Thai Restaurants;Asian Restaurants;Breakfast Brunch & Lunch Restaurants;Family Style Restaurants;Take Out Restaurants;Caterers;Restaurants,0,,,True,True,True,True,False
1447,categories,pattern_violation,Thai Restaurants;Asian Restaurants;Family Style Restaurants;Take Out Restaurants;Breakfast Brunch & Lunch Restaurants;Restaurants,Thai Restaurants;Asian Restaurants;Take Out Restaurants;Breakfast Brunch & Lunch Restaurants;Family Style Restaurants;Restaurants,0,,,True,True,True,True,False
1454,categories,pattern_violation,Japanese Restaurants;Take Out Restaurants;Asian Restaurants;Restaurants,Japanese Restaurants;Asian Restaurants;Take Out Restaurants;Restaurants,0,,,True,True,True,True,False
1476,name,pattern_violation,yamadaya ramen,ramen yamadaya,0,,,True,True,True,True,False
1494,categories,pattern_violation,Japanese Restaurants;Caterers;Family Style Restaurants;Asian Restaurants;Take Out Restaurants;Restaurants,Japanese Restaurants;Asian Restaurants;Take Out Restaurants;Caterers;Family Style Restaurants;Restaurants,0,,,True,True,True,True,False
1495,categories,pattern_violation,Chinese Restaurants;Family Style Restaurants;Asian Restaurants;Take Out Restaurants;Caterers;Restaurants,Chinese Restaurants;Asian Restaurants;Family Style Restaurants;Take Out Restaurants;Caterers;Restaurants,0,,,True,True,True,True,False
1509,name,pattern_violation,indias tandoori,india's tandoori,0,,,True,True,True,True,False
1517,categories,pattern_violation,French Restaurants;Family Style Restaurants;Caterers;Continental Restaurants;Restaurants,French Restaurants;Caterers;Continental Restaurants;Family Style Restaurants;Restaurants,0,,,True,True,True,True,False
1523,categories,pattern_violation,Health Food Restaurants;Family Style Restaurants;Take Out Restaurants;Breakfast Brunch & Lunch Restaurants;Restaurants,Health Food Restaurants;Take Out Restaurants;Breakfast Brunch & Lunch Restaurants;Family Style Restaurants;Restaurants,0,,,True,True,True,True,False
1538,categories,pattern_violation,Chinese Restaurants;Caterers;Asian Restaurants;Take Out Restaurants;Restaurants,Chinese Restaurants;Take Out Restaurants;Caterers;Asian Restaurants;Restaurants,0,,,True,True,True,True,False
1564,categories,pattern_violation,Restaurants;Chinese Restaurants;Asian Restaurants,Restaurants;Asian Restaurants;Chinese Restaurants,0,,,True,True,True,True,False
1572,name,pattern_violation,sushi sasabune,sasabune sushi,0,,,True,True,True,True,False
1580,name,pattern_violation,panini cafe downtown,panini cafe -downtown,0,,,True,True,True,True,False
1585,name,pattern_violation,los feliz cafe,cafe los feliz,0,,,True,True,True,True,False
1592,categories,pattern_violation,Chinese Restaurants;Caterers;Take Out Restaurants;Asian Restaurants;Family Style Restaurants;Restaurants,Chinese Restaurants;Caterers;Take Out Restaurants;Family Style Restaurants;Asian Restaurants;Restaurants,0,,,True,True,True,True,False
1612,streetAddress,pattern_violation,10509 W Pico Blvd.,10509 W Pico Blvd,0,,,True,True,True,True,False
1662,categories,pattern_violation,Chinese Restaurants;Seafood Restaurants;Asian Restaurants;Family Style Restaurants;Restaurants,Chinese Restaurants;Asian Restaurants;Seafood Restaurants;Family Style Restaurants;Restaurants,0,,,True,True,True,True,False
1673,categories,pattern_violation,Chinese Restaurants;Caterers;Asian Restaurants;Take Out Restaurants;Restaurants,Chinese Restaurants;Take Out Restaurants;Caterers;Asian Restaurants;Restaurants,0,,,True,True,True,True,False
1686,categories,pattern_violation,Chinese Restaurants;Take Out Restaurants;Asian Restaurants;Seafood Restaurants;Restaurants,Chinese Restaurants;Seafood Restaurants;Asian Restaurants;Take Out Restaurants;Restaurants,0,,,True,True,True,True,False
1701,categories,pattern_violation,Health Food Restaurants;Take Out Restaurants;Sandwich Shops;Breakfast Brunch & Lunch Restaurants;Family Style Restaurants;Restaurants,Health Food Restaurants;Sandwich Shops;Breakfast Brunch & Lunch Restaurants;Family Style Restaurants;Take Out Restaurants;Restaurants,0,,,True,True,True,True,False
1704,categories,pattern_violation,Indian Restaurants;Breakfast Brunch & Lunch Restaurants;Middle Eastern Restaurants;Asian Restaurants;Restaurants,Indian Restaurants;Asian Restaurants;Middle Eastern Restaurants;Breakfast Brunch & Lunch Restaurants;Restaurants,0,,,True,True,True,True,False
1712,neighborhood,pattern_violation,East LA;Eagle Rock;East La,Eagle Rock;East La;East LA,0,,,True,True,True,True,False
1723,name,pattern_violation,taj india palace,india taj palace,0,,,True,True,True,True,False
1741,streetAddress,pattern_violation,672 S La Brea Ave,672 S LA Brea Ave,0,,,True,False,True,True,False
1745,categories,pattern_violation,Mexican Restaurants;Take Out Restaurants;Latin American Restaurants;Restaurants,Mexican Restaurants;Latin American Restaurants;Take Out Restaurants;Restaurants,0,,,True,True,True,True,False
1747,categories,pattern_violation,Japanese Restaurants;Sushi Bars;Family Style Restaurants;Take Out Restaurants;Asian Restaurants;Restaurants,Japanese Restaurants;Take Out Restaurants;Asian Restaurants;Sushi Bars;Family Style Restaurants;Restaurants,0,,,True,True,True,True,False
1752,categories,pattern_violation,Thai Restaurants;Take Out Restaurants;Vegetarian Restaurants;Health Food Restaurants;Asian Restaurants;Restaurants,Thai Restaurants;Asian Restaurants;Take Out Restaurants;Vegetarian Restaurants;Health Food Restaurants;Restaurants,0,,,True,True,True,True,False
1805,categories,pattern_violation,Family Style Restaurants;Take Out Restaurants;Latin American Restaurants;Mexican Restaurants;Restaurants,Family Style Restaurants;Latin American Restaurants;Mexican Restaurants;Take Out Restaurants;Restaurants,0,,,True,True,True,True,False
1820,categories,pattern_violation,Restaurants;Breakfast Brunch & Lunch Restaurants;American Restaurants,Restaurants;American Restaurants;Breakfast Brunch & Lunch Restaurants,0,,,True,True,True,True,False
1845,categories,pattern_violation,Thai Restaurants;Family Style Restaurants;Take Out Restaurants;Asian Restaurants;Restaurants,Thai Restaurants;Asian Restaurants;Family Style Restaurants;Take Out Restaurants;Restaurants,0,,,True,True,True,True,False
1850,categories,pattern_violation,Health Food Restaurants;Family Style Restaurants;Take Out Restaurants;Restaurants,Health Food Restaurants;Take Out Restaurants;Family Style Restaurants;Restaurants,0,,,True,True,True,True,False
1852,categories,pattern_violation,Sushi Bars;Japanese Restaurants;Family Style Restaurants;Asian Restaurants;Take Out Restaurants;Restaurants,Sushi Bars;Japanese Restaurants;Asian Restaurants;Take Out Restaurants;Family Style Restaurants;Restaurants,0,,,True,True,True,True,False
1857,categories,pattern_violation,Health Food Restaurants;Breakfast Brunch & Lunch Restaurants;Take Out Restaurants;Family Style Restaurants;Sandwich Shops;Restaurants,Health Food Restaurants;Breakfast Brunch & Lunch Restaurants;Family Style Restaurants;Take Out Restaurants;Sandwich Shops;Restaurants,0,,,True,True,True,True,False
1899,name,pattern_violation,pace',pace,0,,,True,True,True,True,False
1912,categories,pattern_violation,Thai Restaurants;Family Style Restaurants;Asian Restaurants;Take Out Restaurants;Restaurants,Thai Restaurants;Asian Restaurants;Family Style Restaurants;Take Out Restaurants;Restaurants,0,,,True,True,True,True,False
1917,categories,pattern_violation,Latin American Restaurants;Caterers;Mexican Restaurants;Family Style Restaurants;Take Out Restaurants;Restaurants,Latin American Restaurants;Take Out Restaurants;Caterers;Mexican Restaurants;Family Style Restaurants;Restaurants,0,,,True,True,True,True,False
1921,categories,pattern_violation,American Restaurants;Take Out Restaurants;Family Style Restaurants;Restaurants,American Restaurants;Family Style Restaurants;Take Out Restaurants;Restaurants,0,,,True,True,True,True,False
1948,categories,pattern_violation,Japanese Restaurants;Family Style Restaurants;Asian Restaurants;Restaurants,Japanese Restaurants;Asian Restaurants;Family Style Restaurants;Restaurants,0,,,True,True,True,True,False
1949,categories,pattern_violation,Chinese Restaurants;Take Out Restaurants;Asian Restaurants;Restaurants,Chinese Restaurants;Asian Restaurants;Take Out Restaurants;Restaurants,0,,,True,True,True,True,False
1956,categories,pattern_violation,Japanese Restaurants;Take Out Restaurants;Asian Restaurants;Restaurants,Japanese Restaurants;Asian Restaurants;Take Out Restaurants;Restaurants,0,,,True,True,True,True,False
1975,categories,pattern_violation,Mexican Restaurants;Caterers;Latin American Restaurants;Breakfast Brunch & Lunch Restaurants;Family Style Restaurants;Take Out Restaurants;Restaurants,Mexican Restaurants;Breakfast Brunch & Lunch Restaurants;Family Style Restaurants;Caterers;Latin American Restaurants;Take Out Restaurants;Restaurants,0,,,True,True,True,True,False
1993,categories,pattern_violation,Sushi Bars;Japanese Restaurants;Take Out Restaurants;Asian Restaurants;Restaurants,Sushi Bars;Japanese Restaurants;Asian Restaurants;Take Out Restaurants;Restaurants,0,,,True,True,True,True,False
1997,categories,pattern_violation,Restaurants;Take Out Restaurants;Hamburgers & Hot Dogs;Family Style Restaurants;American Restaurants,Restaurants;Take Out Restaurants;American Restaurants;Hamburgers & Hot Dogs;Family Style Restaurants,0,,,True,True,True,True,False
2001,categories,pattern_violation,Chinese Restaurants;Caterers;Asian Restaurants;Take Out Restaurants;Restaurants,Chinese Restaurants;Take Out Restaurants;Caterers;Asian Restaurants;Restaurants,0,,,True,True,True,True,False
2007,categories,pattern_violation,Health Food Restaurants;Take Out Restaurants;Breakfast Brunch & Lunch Restaurants;Sandwich Shops;Restaurants,Health Food Restaurants;Breakfast Brunch & Lunch Restaurants;Take Out Restaurants;Sandwich Shops;Restaurants,0,,,True,True,True,True,False
2037,city,pattern_violation,chicago,Chicago,0,,,True,False,True,True,False
2045,categories,pattern_violation,Sushi Bars;Take Out Restaurants;Japanese Restaurants;Thai Restaurants;Asian Restaurants;Restaurants,Sushi Bars;Take Out Restaurants;Asian Restaurants;Japanese Restaurants;Thai Restaurants;Restaurants,0,,,True,True,True,True,False
2049,categories,pattern_violation,Thai Restaurants;Take Out Restaurants;Breakfast Brunch & Lunch Restaurants;Asian Restaurants;Restaurants,Thai Restaurants;Breakfast Brunch & Lunch Restaurants;Asian Restaurants;Take Out Restaurants;Restaurants,0,,,True,True,True,True,False
2058,categories,pattern_violation,Breakfast Brunch & Lunch Restaurants;Family Style Restaurants;Take Out Restaurants;American Restaurants;Restaurants,Breakfast Brunch & Lunch Restaurants;Family Style Restaurants;American Restaurants;Take Out Restaurants;Restaurants,0,,,True,True,True,True,False
2070,name,pattern_violation,thai spoon,spoon thai,0,,,True,True,True,True,False
2109,categories,pattern_violation,Asian Restaurants;Chinese Restaurants;Family Style Restaurants;Take Out Restaurants;Restaurants,Asian Restaurants;Chinese Restaurants;Take Out Restaurants;Family Style Restaurants;Restaurants,0,,,True,True,True,True,False
2125,categories,pattern_violation,American Restaurants;Take Out Restaurants;Breakfast Brunch & Lunch Restaurants;Restaurants,American Restaurants;Breakfast Brunch & Lunch Restaurants;Take Out Restaurants;Restaurants,0,,,True,True,True,True,False
2129,categories,pattern_violation,Chinese Restaurants;Take Out Restaurants;Asian Restaurants;Restaurants,Chinese Restaurants;Asian Restaurants;Take Out Restaurants;Restaurants,0,,,True,True,True,True,False
2133,categories,pattern_violation,Japanese Restaurants;Sushi Bars;Family Style Restaurants;Asian Restaurants;Restaurants,Japanese Restaurants;Asian Restaurants;Sushi Bars;Family Style Restaurants;Restaurants,0,,,True,True,True,True,False
2147,categories,pattern_violation,Mexican Restaurants;Take Out Restaurants;Latin American Restaurants;Breakfast Brunch & Lunch Restaurants;Family Style Restaurants;Restaurants,Mexican Restaurants;Breakfast Brunch & Lunch Restaurants;Family Style Restaurants;Latin American Restaurants;Take Out Restaurants;Restaurants,0,,,True,True,True,True,False
2148,categories,pattern_violation,American Restaurants;Take Out Restaurants;Breakfast Brunch & Lunch Restaurants;Family Style Restaurants;Restaurants,American Restaurants;Breakfast Brunch & Lunch Restaurants;Family Style Restaurants;Take Out Restaurants;Restaurants,0,,,True,True,True,True,False
2155,categories,pattern_violation,Restaurants;Seafood Restaurants;Family Style Restaurants;American Restaurants,Restaurants;Seafood Restaurants;American Restaurants;Family Style Restaurants,0,,,True,True,True,True,False
2160,categories,pattern_violation,Thai Restaurants;Health Food Restaurants;Asian Restaurants;Take Out Restaurants;Caterers;Restaurants,Thai Restaurants;Asian Restaurants;Health Food Restaurants;Take Out Restaurants;Caterers;Restaurants,0,,,True,True,True,True,False
2168,categories,pattern_violation,Thai Restaurants;Take Out Restaurants;Asian Restaurants;Restaurants,Thai Restaurants;Asian Restaurants;Take Out Restaurants;Restaurants,0,,,True,True,True,True,False
2174,categories,pattern_violation,Mexican Restaurants;Take Out Restaurants;Family Style Restaurants;Latin American Restaurants;Restaurants,Mexican Restaurants;Family Style Restaurants;Latin American Restaurants;Take Out Restaurants;Restaurants,0,,,True,True,True,True,False
2183,categories,pattern_violation,Thai Restaurants;Take Out Restaurants;Caterers;Breakfast Brunch & Lunch Restaurants;Asian Restaurants;Restaurants,Thai Restaurants;Asian Restaurants;Take Out Restaurants;Caterers;Breakfast Brunch & Lunch Restaurants;Restaurants,0,,,True,True,True,True,False
2192,categories,pattern_violation,Mexican Restaurants;Take Out Restaurants;Latin American Restaurants;Seafood Restaurants;Restaurants,Mexican Restaurants;Latin American Restaurants;Take Out Restaurants;Seafood Restaurants;Restaurants,0,,,True,True,True,True,False
2200,categories,pattern_violation,Sushi Bars;Take Out Restaurants;Japanese Restaurants;Asian Restaurants;Thai Restaurants;Restaurants,Sushi Bars;Take Out Restaurants;Asian Restaurants;Japanese Restaurants;Thai Restaurants;Restaurants,0,,,True,True,True,True,False
2201,categories,pattern_violation,Vietnamese Restaurants;Take Out Restaurants;Asian Restaurants;Restaurants,Vietnamese Restaurants;Asian Restaurants;Take Out Restaurants;Restaurants,0,,,True,True,True,True,False
2206,categories,pattern_violation,Thai Restaurants;Asian Restaurants;Take Out Restaurants;Chinese Restaurants;Restaurants,Thai Restaurants;Asian Restaurants;Chinese Restaurants;Take Out Restaurants;Restaurants,0,,,True,True,True,True,False
2238,categories,pattern_violation,Thai Restaurants;Family Style Restaurants;Asian Restaurants;Restaurants,Thai Restaurants;Asian Restaurants;Family Style Restaurants;Restaurants,0,,,True,True,True,True,False
2239,categories,pattern_violation,Sushi Bars;Take Out Restaurants;Thai Restaurants;Asian Restaurants;Japanese Restaurants;Restaurants,Sushi Bars;Take Out Restaurants;Asian Restaurants;Japanese Restaurants;Thai Restaurants;Restaurants,0,,,True,True,True,True,False
2259,categories,pattern_violation,Breakfast Brunch & Lunch Restaurants;American Restaurants;Family Style Restaurants;Take Out Restaurants;Restaurants,Breakfast Brunch & Lunch Restaurants;Family Style Restaurants;American Restaurants;Take Out Restaurants;Restaurants,0,,,True,True,True,True,False
2276,neighborhood,pattern_violation,Old Town;Old Town Triangle;Central Chicago;Near North Side,Old Town Triangle;Central Chicago;Near North Side,0,,,True,True,True,True,False
2302,categories,pattern_violation,Thai Restaurants;Breakfast Brunch & Lunch Restaurants;Asian Restaurants;Take Out Restaurants;Caterers;Restaurants,Thai Restaurants;Asian Restaurants;Breakfast Brunch & Lunch Restaurants;Take Out Restaurants;Caterers;Restaurants,0,,,True,True,True,True,False
2304,categories,pattern_violation,Italian Restaurants;Mediterranean Restaurants;Take Out Restaurants;Restaurants,Italian Restaurants;Take Out Restaurants;Mediterranean Restaurants;Restaurants,0,,,True,True,True,True,False
2310,categories,pattern_violation,Latin American Restaurants;Mexican Restaurants;Family Style Restaurants;Restaurants,Latin American Restaurants;Family Style Restaurants;Mexican Restaurants;Restaurants,0,,,True,True,True,True,False
2318,categories,pattern_violation,Thai Restaurants;Take Out Restaurants;Asian Restaurants;Breakfast Brunch & Lunch Restaurants;Family Style Restaurants;Restaurants,Thai Restaurants;Asian Restaurants;Take Out Restaurants;Breakfast Brunch & Lunch Restaurants;Family Style Restaurants;Restaurants,0,,,True,True,True,True,False
2324,categories,pattern_violation,Japanese Restaurants;Asian Restaurants;Take Out Restaurants;Family Style Restaurants;Restaurants,Japanese Restaurants;Asian Restaurants;Family Style Restaurants;Take Out Restaurants;Restaurants,0,,,True,True,True,True,False
2332,categories,pattern_violation,Chinese Restaurants;Take Out Restaurants;Asian Restaurants;Restaurants,Chinese Restaurants;Asian Restaurants;Take Out Restaurants;Restaurants,0,,,True,True,True,True,False
2346,categories,pattern_violation,Sushi Bars;Japanese Restaurants;Chinese Restaurants;Thai Restaurants;Asian Restaurants;Restaurants,Sushi Bars;Japanese Restaurants;Chinese Restaurants;Asian Restaurants;Thai Restaurants;Restaurants,0,,,True,True,True,True,False
2358,categories,pattern_violation,Vietnamese Restaurants;Take Out Restaurants;Asian Restaurants;Restaurants,Vietnamese Restaurants;Asian Restaurants;Take Out Restaurants;Restaurants,0,,,True,True,True,True,False
2363,categories,pattern_violation,Thai Restaurants;Take Out Restaurants;Asian Restaurants;Restaurants,Thai Restaurants;Asian Restaurants;Take Out Restaurants;Restaurants,0,,,True,True,True,True,False
2367,categories,pattern_violation,Mexican Restaurants;Latin American Restaurants;Breakfast Brunch & Lunch Restaurants;Family Style Restaurants;Restaurants,Mexican Restaurants;Breakfast Brunch & Lunch Restaurants;Family Style Restaurants;Latin American Restaurants;Restaurants,0,,,True,True,True,True,False
2384,categories,pattern_violation,Latin American Restaurants;Caribbean Restaurants;Mexican Restaurants;Family Style Restaurants;Cuban Restaurants;Restaurants,Latin American Restaurants;Caribbean Restaurants;Cuban Restaurants;Mexican Restaurants;Family Style Restaurants;Restaurants,0,,,True,True,True,True,False
2401,categories,pattern_violation,Mediterranean Restaurants;Greek Restaurants;Take Out Restaurants;Family Style Restaurants;Breakfast Brunch & Lunch Restaurants;Restaurants,Mediterranean Restaurants;Breakfast Brunch & Lunch Restaurants;Family Style Restaurants;Take Out Restaurants;Greek Restaurants;Restaurants,0,,,True,True,True,True,False
2441,categories,pattern_violation,Thai Restaurants;Health Food Restaurants;Asian Restaurants;Take Out Restaurants;Caterers;Restaurants,Thai Restaurants;Asian Restaurants;Health Food Restaurants;Take Out Restaurants;Caterers;Restaurants,0,,,True,True,True,True,False
2444,categories,pattern_violation,Thai Restaurants;Take Out Restaurants;Asian Restaurants;Restaurants,Thai Restaurants;Asian Restaurants;Take Out Restaurants;Restaurants,0,,,True,True,True,True,False
2480,streetAddress,pattern_violation,837 W. Fulton Market,837 W Fulton Market,0,,,True,True,True,True,False
2486,categories,pattern_violation,Breakfast Brunch & Lunch Restaurants;American Restaurants;Family Style Restaurants;Restaurants,Breakfast Brunch & Lunch Restaurants;Family Style Restaurants;American Restaurants;Restaurants,0,,,True,True,True,True,False
2488,categories,pattern_violation,Chinese Restaurants;Family Style Restaurants;Take Out Restaurants;Caterers;Asian Restaurants;Restaurants,Chinese Restaurants;Caterers;Asian Restaurants;Family Style Restaurants;Take Out Restaurants;Restaurants,0,,,True,True,True,True,False
2493,categories,pattern_violation,Asian Restaurants;Take Out Restaurants;Chinese Restaurants;Family Style Restaurants;Restaurants,Asian Restaurants;Chinese Restaurants;Take Out Restaurants;Family Style Restaurants;Restaurants,0,,,True,True,True,True,False
2493,neighborhood,pattern_violation,Noble Square;Northwest Side,Northwest Side;Noble Square,0,,,True,True,True,True,False
2503,categories,pattern_violation,Italian Restaurants;Mediterranean Restaurants;Fine Dining Restaurants;Breakfast Brunch & Lunch Restaurants;Restaurants,Italian Restaurants;Breakfast Brunch & Lunch Restaurants;Fine Dining Restaurants;Mediterranean Restaurants;Restaurants,0,,,True,True,True,True,False
2538,categories,pattern_violation,Italian Restaurants;Family Style Restaurants;Mediterranean Restaurants;Take Out Restaurants;Caterers;Restaurants,Italian Restaurants;Mediterranean Restaurants;Family Style Restaurants;Take Out Restaurants;Caterers;Restaurants,0,,,True,True,True,True,False
2551,categories,pattern_violation,Sushi Bars;Take Out Restaurants;Caterers;Japanese Restaurants;Health Food Restaurants;Asian Restaurants;Restaurants,Sushi Bars;Take Out Restaurants;Caterers;Japanese Restaurants;Asian Restaurants;Health Food Restaurants;Restaurants,0,,,True,True,True,True,False
2555,categories,pattern_violation,Barbecue Restaurants;Take Out Restaurants;Breakfast Brunch & Lunch Restaurants;Caterers;Restaurants,Barbecue Restaurants;Breakfast Brunch & Lunch Restaurants;Take Out Restaurants;Caterers;Restaurants,0,,,True,True,True,True,False
2557,categories,pattern_violation,Latin American Restaurants;Take Out Restaurants;Mexican Restaurants;Family Style Restaurants;Caterers;Restaurants,Latin American Restaurants;Mexican Restaurants;Family Style Restaurants;Take Out Restaurants;Caterers;Restaurants,0,,,True,True,True,True,False
2563,categories,pattern_violation,Asian Restaurants;Take Out Restaurants;Japanese Restaurants;Sushi Bars;Thai Restaurants;Restaurants,Asian Restaurants;Japanese Restaurants;Sushi Bars;Thai Restaurants;Take Out Restaurants;Restaurants,0,,,True,True,True,True,False
2594,categories,pattern_violation,Thai Restaurants;Take Out Restaurants;Breakfast Brunch & Lunch Restaurants;Asian Restaurants;Restaurants,Thai Restaurants;Breakfast Brunch & Lunch Restaurants;Asian Restaurants;Take Out Restaurants;Restaurants,0,,,True,True,True,True,False
2595,categories,pattern_violation,Chinese Restaurants;Take Out Restaurants;Asian Restaurants;Family Style Restaurants;Restaurant Delivery Service;Restaurants,Chinese Restaurants;Asian Restaurants;Take Out Restaurants;Family Style Restaurants;Restaurant Delivery Service;Restaurants,0,,,True,True,True,True,False
2597,categories,pattern_violation,Italian Restaurants;Pizza;Take Out Restaurants;Family Style Restaurants;Restaurant Delivery Service;Caterers;Mediterranean Restaurants;Restaurants,Italian Restaurants;Family Style Restaurants;Pizza;Take Out Restaurants;Restaurant Delivery Service;Caterers;Mediterranean Restaurants;Restaurants,0,,,True,True,True,True,False
2606,categories,pattern_violation,Chinese Restaurants;Asian Restaurants;Family Style Restaurants;Take Out Restaurants;Restaurants,Chinese Restaurants;Asian Restaurants;Take Out Restaurants;Family Style Restaurants;Restaurants,0,,,True,True,True,True,False
2607,categories,pattern_violation,Chinese Restaurants;Family Style Restaurants;Asian Restaurants;Restaurants,Chinese Restaurants;Asian Restaurants;Family Style Restaurants;Restaurants,0,,,True,True,True,True,False
2609,name,pattern_violation,pizza capri,capri pizza,0,,,True,True,True,True,False
2620,categories,pattern_violation,Health Food Restaurants;Sandwich Shops;Take Out Restaurants;Family Style Restaurants;Restaurants,Health Food Restaurants;Family Style Restaurants;Sandwich Shops;Take Out Restaurants;Restaurants,0,,,True,True,True,True,False
2632,name,pattern_violation,joes chicago,chicago joe's,0,,,True,True,True,True,False
2662,name,pattern_violation,pauly's pizza-ria,pauly's pizza ria,0,,,True,True,True,True,False
2664,categories,pattern_violation,Health Food Restaurants;Take Out Restaurants;Vegetarian Restaurants;Breakfast Brunch & Lunch Restaurants;Family Style Restaurants;Restaurants,Health Food Restaurants;Breakfast Brunch & Lunch Restaurants;Vegetarian Restaurants;Family Style Restaurants;Take Out Restaurants;Restaurants,0,,,True,True,True,True,False
2680,name,pattern_violation,caspian cafe,cafe caspian,0,,,True,True,True,True,False
2682,categories,pattern_violation,Japanese Restaurants;Asian Restaurants;Take Out Restaurants;Family Style Restaurants;Restaurants,Japanese Restaurants;Asian Restaurants;Family Style Restaurants;Take Out Restaurants;Restaurants,0,,,True,True,True,True,False
2687,categories,pattern_violation,Mexican Restaurants;Caterers;Take Out Restaurants;Latin American Restaurants;Breakfast Brunch & Lunch Restaurants;Family Style Restaurants;Restaurants,Mexican Restaurants;Caterers;Take Out Restaurants;Breakfast Brunch & Lunch Restaurants;Family Style Restaurants;Latin American Restaurants;Restaurants,0,,,True,True,True,True,False
2698,categories,pattern_violation,Pizza;Take Out Restaurants;Family Style Restaurants;Caterers;Italian Restaurants;Restaurants,Pizza;Take Out Restaurants;Caterers;Italian Restaurants;Family Style Restaurants;Restaurants,0,,,True,True,True,True,False
2706,categories,pattern_violation,Indian Restaurants;Middle Eastern Restaurants;Asian Restaurants;Take Out Restaurants;Breakfast Brunch & Lunch Restaurants;Caterers;Restaurants,Indian Restaurants;Breakfast Brunch & Lunch Restaurants;Middle Eastern Restaurants;Asian Restaurants;Take Out Restaurants;Caterers;Restaurants,0,,,True,True,True,True,False
2722,categories,pattern_violation,Thai Restaurants;Take Out Restaurants;Health Food Restaurants;Asian Restaurants;Vegetarian Restaurants;Breakfast Brunch & Lunch Restaurants;Restaurants,Thai Restaurants;Take Out Restaurants;Breakfast Brunch & Lunch Restaurants;Vegetarian Restaurants;Health Food Restaurants;Asian Restaurants;Restaurants,0,,,True,True,True,True,False
2742,neighborhood,pattern_violation,Sheffield;North Side;Depaul;DePaul,Sheffield;North Side;DePaul,0,,,True,True,True,True,False
2745,categories,pattern_violation,Thai Restaurants;Asian Restaurants;Take Out Restaurants;Breakfast Brunch & Lunch Restaurants;Restaurants,Thai Restaurants;Breakfast Brunch & Lunch Restaurants;Asian Restaurants;Take Out Restaurants;Restaurants,0,,,True,True,True,True,False
2798,categories,pattern_violation,Thai Restaurants;Breakfast Brunch & Lunch Restaurants;Family Style Restaurants;Take Out Restaurants;Asian Restaurants;Restaurants,Thai Restaurants;Asian Restaurants;Take Out Restaurants;Breakfast Brunch & Lunch Restaurants;Family Style Restaurants;Restaurants,0,,,True,True,True,True,False
2805,categories,pattern_violation,Japanese Restaurants;Take Out Restaurants;Sushi Bars;Asian Restaurants;Family Style Restaurants;Restaurants,Japanese Restaurants;Sushi Bars;Asian Restaurants;Take Out Restaurants;Family Style Restaurants;Restaurants,0,,,True,True,True,True,False
2837,categories,pattern_violation,Indian Restaurants;Middle Eastern Restaurants;Caterers;Asian Restaurants;Take Out Restaurants;Restaurants,Indian Restaurants;Middle Eastern Restaurants;Take Out Restaurants;Caterers;Asian Restaurants;Restaurants,0,,,True,True,True,True,False
2851,categories,pattern_violation,Mexican Restaurants;Take Out Restaurants;Latin American Restaurants;Restaurants,Mexican Restaurants;Latin American Restaurants;Take Out Restaurants;Restaurants,0,,,True,True,True,True,False
2852,categories,pattern_violation,Thai Restaurants;Take Out Restaurants;Asian Restaurants;Family Style Restaurants;Breakfast Brunch & Lunch Restaurants;Restaurants,Thai Restaurants;Asian Restaurants;Take Out Restaurants;Breakfast Brunch & Lunch Restaurants;Family Style Restaurants;Restaurants,0,,,True,True,True,True,False
2856,categories,pattern_violation,Mexican Restaurants;Take Out Restaurants;Latin American Restaurants;Restaurants,Mexican Restaurants;Latin American Restaurants;Take Out Restaurants;Restaurants,0,,,True,True,True,True,False
2865,categories,pattern_violation,Chinese Restaurants;Take Out Restaurants;Asian Restaurants;Restaurants,Chinese Restaurants;Asian Restaurants;Take Out Restaurants;Restaurants,0,,,True,True,True,True,False
2868,name,pattern_violation,del frisco's double eagle steakhouse,del frisco's double eagle steak house,0,,,True,True,True,True,False
2882,streetAddress,pattern_violation,2621 S Shepherd Dr Ste 290,2621 S Shepherd Dr Ste  290,0,,,True,False,True,True,False
2905,categories,pattern_violation,Italian Restaurants;Caterers;Mediterranean Restaurants;Take Out Restaurants;Restaurants,Italian Restaurants;Take Out Restaurants;Caterers;Mediterranean Restaurants;Restaurants,0,,,True,True,True,True,False
2915,categories,pattern_violation,Vietnamese Restaurants;Take Out Restaurants;Asian Restaurants;Family Style Restaurants;Restaurants,Vietnamese Restaurants;Asian Restaurants;Family Style Restaurants;Take Out Restaurants;Restaurants,0,,,True,True,True,True,False
2927,name,pattern_violation,zoes kitchen,zoës kitchen,0,,,True,True,True,True,False
2962,categories,pattern_violation,Mexican Restaurants;Take Out Restaurants;Seafood Restaurants;Latin American Restaurants;Restaurants,Mexican Restaurants;Latin American Restaurants;Take Out Restaurants;Seafood Restaurants;Restaurants,0,,,True,True,True,True,False
2987,categories,pattern_violation,Chinese Restaurants;Take Out Restaurants;Asian Restaurants;Family Style Restaurants;American Restaurants;Restaurants,Chinese Restaurants;Asian Restaurants;American Restaurants;Take Out Restaurants;Family Style Restaurants;Restaurants,0,,,True,True,True,True,False
3012,categories,pattern_violation,Chinese Restaurants;Family Style Restaurants;Take Out Restaurants;Asian Restaurants;Restaurants,Chinese Restaurants;Asian Restaurants;Take Out Restaurants;Family Style Restaurants;Restaurants,0,,,True,True,True,True,False
3023,categories,pattern_violation,Soul Food Restaurants;Take Out Restaurants;American Restaurants;Restaurants,Soul Food Restaurants;American Restaurants;Take Out Restaurants;Restaurants,0,,,True,True,True,True,False
3045,categories,pattern_violation,Vietnamese Restaurants;Take Out Restaurants;Family Style Restaurants;Restaurants,Vietnamese Restaurants;Family Style Restaurants;Take Out Restaurants;Restaurants,0,,,True,True,True,True,False
3046,name,pattern_violation,houstons restaurant,houston's restaurant,0,,,True,True,True,True,False
3066,name,pattern_violation,zoes kitchen,zoës kitchen,0,,,True,True,True,True,False
3072,categories,pattern_violation,Vietnamese Restaurants;Family Style Restaurants;Asian Restaurants;Restaurants,Vietnamese Restaurants;Asian Restaurants;Family Style Restaurants;Restaurants,0,,,True,True,True,True,False
3095,name,pattern_violation,champ-burger,champ burger,0,,,True,True,True,True,False
3096,categories,pattern_violation,Restaurants;Take Out Restaurants;Hamburgers & Hot Dogs;Family Style Restaurants;American Restaurants,Restaurants;Take Out Restaurants;American Restaurants;Hamburgers & Hot Dogs;Family Style Restaurants,0,,,True,True,True,True,False
3104,categories,pattern_violation,Vietnamese Restaurants;Take Out Restaurants;Asian Restaurants;Restaurants,Vietnamese Restaurants;Asian Restaurants;Take Out Restaurants;Restaurants,0,,,True,True,True,True,False
3110,categories,pattern_violation,Vietnamese Restaurants;Take Out Restaurants;Asian Restaurants;Restaurants,Vietnamese Restaurants;Asian Restaurants;Take Out Restaurants;Restaurants,0,,,True,True,True,True,False
3119,categories,pattern_violation,Chinese Restaurants;Take Out Restaurants;Asian Restaurants;Restaurants,Chinese Restaurants;Asian Restaurants;Take Out Restaurants;Restaurants,0,,,True,True,True,True,False
3138,neighborhood,pattern_violation,South Main;Southwest Houston,Southwest Houston;South Main,0,,,True,True,True,True,False
3140,categories,pattern_violation,Chinese Restaurants;Take Out Restaurants;Asian Restaurants;Family Style Restaurants;Restaurants,Chinese Restaurants;Asian Restaurants;Take Out Restaurants;Family Style Restaurants;Restaurants,0,,,True,True,True,True,False
3144,categories,pattern_violation,Thai Restaurants;Take Out Restaurants;Asian Restaurants;Restaurants,Thai Restaurants;Asian Restaurants;Take Out Restaurants;Restaurants,0,,,True,True,True,True,False
3161,categories,pattern_violation,Chinese Restaurants;Caterers;Asian Restaurants;Take Out Restaurants;Restaurants,Chinese Restaurants;Take Out Restaurants;Caterers;Asian Restaurants;Restaurants,0,,,True,True,True,True,False
3169,categories,pattern_violation,Mexican Restaurants;Take Out Restaurants;American Restaurants;Restaurants,Mexican Restaurants;American Restaurants;Take Out Restaurants;Restaurants,0,,,True,True,True,True,False
3172,name,pattern_violation,thomas bar-b-q,thomas bar b q,0,,,True,True,True,True,False
3180,categories,pattern_violation,Chinese Restaurants;Asian Restaurants;Family Style Restaurants;Take Out Restaurants;Restaurants,Chinese Restaurants;Asian Restaurants;Take Out Restaurants;Family Style Restaurants;Restaurants,0,,,True,True,True,True,False
3183,neighborhood,pattern_violation,Westchase;Westside,Westside;Westchase,0,,,True,True,True,True,False
3205,categories,pattern_violation,Thai Restaurants;Take Out Restaurants;Family Style Restaurants;Asian Restaurants;Breakfast Brunch & Lunch Restaurants;Restaurants,Thai Restaurants;Asian Restaurants;Take Out Restaurants;Breakfast Brunch & Lunch Restaurants;Family Style Restaurants;Restaurants,0,,,True,True,True,True,False
3209,categories,pattern_violation,Vietnamese Restaurants;Take Out Restaurants;Family Style Restaurants;Asian Restaurants;Restaurants,Vietnamese Restaurants;Asian Restaurants;Family Style Restaurants;Take Out Restaurants;Restaurants,0,,,True,True,True,True,False
3221,categories,pattern_violation,Chinese Restaurants;Asian Restaurants;Take Out Restaurants;Family Style Restaurants;Restaurant Delivery Service;Caterers;Restaurants,Chinese Restaurants;Asian Restaurants;Family Style Restaurants;Take Out Restaurants;Restaurant Delivery Service;Caterers;Restaurants,0,,,True,True,True,True,False
3222,categories,pattern_violation,Sushi Bars;Japanese Restaurants;Asian Restaurants;Take Out Restaurants;Chinese Restaurants;Restaurants,Sushi Bars;Japanese Restaurants;Asian Restaurants;Chinese Restaurants;Take Out Restaurants;Restaurants,0,,,True,True,True,True,False
3236,categories,pattern_violation,Indian Restaurants;Asian Restaurants;Middle Eastern Restaurants;Restaurants,Indian Restaurants;Middle Eastern Restaurants;Asian Restaurants;Restaurants,0,,,True,True,True,True,False
3245,categories,pattern_violation,Japanese Restaurants;Asian Restaurants;Take Out Restaurants;Family Style Restaurants;Restaurants,Japanese Restaurants;Asian Restaurants;Family Style Restaurants;Take Out Restaurants;Restaurants,0,,,True,True,True,True,False
3252,categories,pattern_violation,Mexican Restaurants;Take Out Restaurants;Latin American Restaurants;Family Style Restaurants;Restaurants,Mexican Restaurants;Family Style Restaurants;Latin American Restaurants;Take Out Restaurants;Restaurants,0,,,True,True,True,True,False
3257,categories,pattern_violation,Restaurants;Bars;Take Out Restaurants;American Restaurants;Hamburgers & Hot Dogs;Mexican Restaurants;Bar & Grills;Breakfast Brunch & Lunch Restaurants;Family Style Restaurants;Barbecue Restaurants,Restaurants;Bars;Take Out Restaurants;American Restaurants;Barbecue Restaurants;Hamburgers & Hot Dogs;Mexican Restaurants;Bar & Grills;Breakfast Brunch & Lunch Restaurants;Family Style Restaurants,0,,,True,True,True,True,False
3258,streetAddress,pattern_violation,3600 Kirby Dr. Ste A,3600 Kirby Dr Ste A,0,,,True,True,True,True,False
3268,categories,pattern_violation,Restaurants;Take Out Restaurants;Seafood Restaurants,Restaurants;Seafood Restaurants;Take Out Restaurants,0,,,True,True,True,True,False
3277,categories,pattern_violation,Vietnamese Restaurants;Asian Restaurants;Family Style Restaurants;Take Out Restaurants;Chinese Restaurants;Restaurants,Vietnamese Restaurants;Chinese Restaurants;Asian Restaurants;Take Out Restaurants;Family Style Restaurants;Restaurants,0,,,True,True,True,True,False
3280,streetAddress,pattern_violation,11000 Westheimer Rd,1100 Westheimer Rd,0,,,True,True,True,True,False
3291,categories,pattern_violation,Asian Restaurants;Chinese Restaurants;Breakfast Brunch & Lunch Restaurants;Restaurants,Asian Restaurants;Breakfast Brunch & Lunch Restaurants;Chinese Restaurants;Restaurants,0,,,True,True,True,True,False
3303,categories,pattern_violation,Vietnamese Restaurants;Asian Restaurants;Take Out Restaurants;Family Style Restaurants;Restaurants,Vietnamese Restaurants;Asian Restaurants;Family Style Restaurants;Take Out Restaurants;Restaurants,0,,,True,True,True,True,False
3311,categories,pattern_violation,Thai Restaurants;Take Out Restaurants;Asian Restaurants;Family Style Restaurants;Restaurants,Thai Restaurants;Asian Restaurants;Family Style Restaurants;Take Out Restaurants;Restaurants,0,,,True,True,True,True,False
3328,categories,pattern_violation,Latin American Restaurants;Mexican Restaurants;Family Style Restaurants;Restaurants,Latin American Restaurants;Family Style Restaurants;Mexican Restaurants;Restaurants,0,,,True,True,True,True,False
3333,categories,pattern_violation,Mexican Restaurants;Caterers;Latin American Restaurants;Take Out Restaurants;Restaurants,Mexican Restaurants;Take Out Restaurants;Caterers;Latin American Restaurants;Restaurants,0,,,True,True,True,True,False
3341,categories,pattern_violation,Italian Restaurants;Mediterranean Restaurants;Take Out Restaurants;Family Style Restaurants;Caterers;Restaurants,Italian Restaurants;Mediterranean Restaurants;Family Style Restaurants;Take Out Restaurants;Caterers;Restaurants,0,,,True,True,True,True,False
3347,categories,pattern_violation,Restaurants;Coffee Shops;Breakfast Brunch & Lunch Restaurants;Coffee & Tea;Coffee & Espresso Restaurants;Sandwich Shops;American Restaurants,Restaurants;Coffee Shops;American Restaurants;Coffee & Tea;Coffee & Espresso Restaurants;Sandwich Shops;Breakfast Brunch & Lunch Restaurants,0,,,True,True,True,True,False
3349,categories,pattern_violation,Mexican Restaurants;Take Out Restaurants;Latin American Restaurants;Restaurants,Mexican Restaurants;Latin American Restaurants;Take Out Restaurants;Restaurants,0,,,True,True,True,True,False
3351,neighborhood,pattern_violation,Westchase;Westside,Westside;Westchase,0,,,True,True,True,True,False
3352,categories,pattern_violation,Mexican Restaurants;Latin American Restaurants;Take Out Restaurants;Caterers;Breakfast Brunch & Lunch Restaurants;Family Style Restaurants;Restaurants,Mexican Restaurants;Take Out Restaurants;Caterers;Breakfast Brunch & Lunch Restaurants;Family Style Restaurants;Latin American Restaurants;Restaurants,0,,,True,True,True,True,False
3360,categories,pattern_violation,Pizza;Italian Restaurants;Take Out Restaurants;Caterers;Family Style Restaurants;Restaurants,Pizza;Italian Restaurants;Caterers;Family Style Restaurants;Take Out Restaurants;Restaurants,0,,,True,True,True,True,False
3372,categories,pattern_violation,Mexican Restaurants;Latin American Restaurants;Take Out Restaurants;Breakfast Brunch & Lunch Restaurants;Family Style Restaurants;Restaurants,Mexican Restaurants;Breakfast Brunch & Lunch Restaurants;Family Style Restaurants;Latin American Restaurants;Take Out Restaurants;Restaurants,0,,,True,True,True,True,False
3376,name,pattern_violation,thomas bar b-q,thomas bar b q,0,,,True,True,True,True,False
3381,categories,pattern_violation,Mexican Restaurants;Take Out Restaurants;Latin American Restaurants;Restaurants,Mexican Restaurants;Latin American Restaurants;Take Out Restaurants;Restaurants,0,,,True,True,True,True,False
3398,categories,pattern_violation,Asian Restaurants;Chinese Restaurants;Family Style Restaurants;Take Out Restaurants;Restaurants,Asian Restaurants;Chinese Restaurants;Take Out Restaurants;Family Style Restaurants;Restaurants,0,,,True,True,True,True,False
3405,categories,pattern_violation,Vietnamese Restaurants;Take Out Restaurants;Asian Restaurants;Family Style Restaurants;Restaurants,Vietnamese Restaurants;Asian Restaurants;Family Style Restaurants;Take Out Restaurants;Restaurants,0,,,True,True,True,True,False
3426,categories,pattern_violation,Mexican Restaurants;Latin American Restaurants;Breakfast Brunch & Lunch Restaurants;Cafeterias;Family Style Restaurants;Restaurants,Mexican Restaurants;Breakfast Brunch & Lunch Restaurants;Cafeterias;Family Style Restaurants;Latin American Restaurants;Restaurants,0,,,True,True,True,True,False
3437,categories,pattern_violation,Chinese Restaurants;Take Out Restaurants;Asian Restaurants;Restaurants,Chinese Restaurants;Asian Restaurants;Take Out Restaurants;Restaurants,0,,,True,True,True,True,False
3451,categories,pattern_violation,Chinese Restaurants;Take Out Restaurants;Asian Restaurants;Restaurants,Chinese Restaurants;Asian Restaurants;Take Out Restaurants;Restaurants,0,,,True,True,True,True,False
3453,streetAddress,pattern_violation,4715 Westheimer Rd.,4715 Westheimer Rd,0,,,True,True,True,True,False
3466,name,pattern_violation,pappas bros. steakhouse,pappas bros steakhouse,0,,,True,True,True,True,False
3499,categories,pattern_violation,Chinese Restaurants;Family Style Restaurants;Asian Restaurants;Restaurants,Chinese Restaurants;Asian Restaurants;Family Style Restaurants;Restaurants,0,,,True,True,True,True,False
3551,categories,pattern_violation,Japanese Restaurants;Take Out Restaurants;Asian Restaurants;Family Style Restaurants;Restaurants,Japanese Restaurants;Asian Restaurants;Family Style Restaurants;Take Out Restaurants;Restaurants,0,,,True,True,True,True,False
3567,categories,pattern_violation,Chinese Restaurants;Take Out Restaurants;American Restaurants;Asian Restaurants;Family Style Restaurants;Restaurants,Chinese Restaurants;Asian Restaurants;American Restaurants;Take Out Restaurants;Family Style Restaurants;Restaurants,0,,,True,True,True,True,False
3580,categories,pattern_violation,Italian Restaurants;Mediterranean Restaurants;Take Out Restaurants;Restaurants,Italian Restaurants;Take Out Restaurants;Mediterranean Restaurants;Restaurants,0,,,True,True,True,True,False
3583,name,pattern_violation,pizza bona,bona pizza,0,,,True,True,True,True,False
3639,name,pattern_violation,smokin' betty's,smokin bettys,0,,,True,True,True,True,False
3643,name,pattern_violation,mix brickoven pizza,mix brick oven pizza,0,,,True,True,True,True,False
3650,streetAddress,pattern_violation,616 S 2nd St,1616 S 2nd St,0,,,True,True,True,True,False
3663,categories,pattern_violation,Breakfast Brunch & Lunch Restaurants;Family Style Restaurants;Take Out Restaurants;American Restaurants;Mexican Restaurants;Restaurants,Breakfast Brunch & Lunch Restaurants;Family Style Restaurants;American Restaurants;Mexican Restaurants;Take Out Restaurants;Restaurants,0,,,True,True,True,True,False
3667,categories,pattern_violation,Vietnamese Restaurants;Family Style Restaurants;Asian Restaurants;Restaurants,Vietnamese Restaurants;Asian Restaurants;Family Style Restaurants;Restaurants,0,,,True,True,True,True,False
3694,categories,pattern_violation,Thai Restaurants;Take Out Restaurants;Vietnamese Restaurants;Asian Restaurants;Restaurants,Thai Restaurants;Asian Restaurants;Take Out Restaurants;Vietnamese Restaurants;Restaurants,0,,,True,True,True,True,False
3696,categories,pattern_violation,Chinese Restaurants;Family Style Restaurants;Asian Restaurants;Restaurants,Chinese Restaurants;Asian Restaurants;Family Style Restaurants;Restaurants,0,,,True,True,True,True,False
3718,categories,pattern_violation,Italian Restaurants;Mediterranean Restaurants;Family Style Restaurants;Restaurants,Italian Restaurants;Family Style Restaurants;Mediterranean Restaurants;Restaurants,0,,,True,True,True,True,False
3742,categories,pattern_violation,Chinese Restaurants;Take Out Restaurants;Buffet Restaurants;Seafood Restaurants;Asian Restaurants;Restaurants,Chinese Restaurants;Buffet Restaurants;Seafood Restaurants;Asian Restaurants;Take Out Restaurants;Restaurants,0,,,True,True,True,True,False
3753,name,pattern_violation,sangkee noodle house,sang kee noodle house,0,,,True,True,True,True,False
3777,categories,pattern_violation,Breakfast Brunch & Lunch Restaurants;Take Out Restaurants;American Restaurants;Hamburgers & Hot Dogs;Family Style Restaurants;Restaurants,Breakfast Brunch & Lunch Restaurants;American Restaurants;Take Out Restaurants;Hamburgers & Hot Dogs;Family Style Restaurants;Restaurants,0,,,True,True,True,True,False
3788,categories,pattern_violation,Italian Restaurants;Take Out Restaurants;Family Style Restaurants;Mediterranean Restaurants;Restaurants,Italian Restaurants;Take Out Restaurants;Mediterranean Restaurants;Family Style Restaurants;Restaurants,0,,,True,True,True,True,False
3790,categories,pattern_violation,Buffet Restaurants;Chinese Restaurants;Take Out Restaurants;Asian Restaurants;Restaurants,Buffet Restaurants;Chinese Restaurants;Asian Restaurants;Take Out Restaurants;Restaurants,0,,,True,True,True,True,False
3795,categories,pattern_violation,Asian Restaurants;Take Out Restaurants;Family Style Restaurants;Chinese Restaurants;Restaurants,Asian Restaurants;Chinese Restaurants;Take Out Restaurants;Family Style Restaurants;Restaurants,0,,,True,True,True,True,False
3806,categories,pattern_violation,Indian Restaurants;Asian Restaurants;Middle Eastern Restaurants;Restaurants,Indian Restaurants;Middle Eastern Restaurants;Asian Restaurants;Restaurants,0,,,True,True,True,True,False
3825,categories,pattern_violation,Asian Restaurants;Family Style Restaurants;Chinese Restaurants;Take Out Restaurants;Restaurants,Asian Restaurants;Chinese Restaurants;Take Out Restaurants;Family Style Restaurants;Restaurants,0,,,True,True,True,True,False
3852,categories,pattern_violation,Indian Restaurants;Middle Eastern Restaurants;Caterers;Asian Restaurants;Take Out Restaurants;Restaurants,Indian Restaurants;Middle Eastern Restaurants;Take Out Restaurants;Caterers;Asian Restaurants;Restaurants,0,,,True,True,True,True,False
3871,categories,pattern_violation,Indian Restaurants;Asian Restaurants;Middle Eastern Restaurants;Take Out Restaurants;Caterers;Restaurants,Indian Restaurants;Middle Eastern Restaurants;Asian Restaurants;Take Out Restaurants;Caterers;Restaurants,0,,,True,True,True,True,False
3884,categories,pattern_violation,Thai Restaurants;Family Style Restaurants;Take Out Restaurants;Asian Restaurants;Seafood Restaurants;Restaurants,Thai Restaurants;Asian Restaurants;Take Out Restaurants;Seafood Restaurants;Family Style Restaurants;Restaurants,0,,,True,True,True,True,False
3896,categories,pattern_violation,Thai Restaurants;Caterers;Family Style Restaurants;Asian Restaurants;Restaurants,Thai Restaurants;Asian Restaurants;Caterers;Family Style Restaurants;Restaurants,0,,,True,True,True,True,False
3965,name,pattern_violation,hibachi japanese steakhouse,hibachi japanese steak house,0,,,True,True,True,True,False
3978,categories,pattern_violation,Sushi Bars;Japanese Restaurants;Caterers;Asian Restaurants;Take Out Restaurants;Restaurants,Sushi Bars;Japanese Restaurants;Take Out Restaurants;Caterers;Asian Restaurants;Restaurants,0,,,True,True,True,True,False
4014,categories,pattern_violation,Mexican Restaurants;Family Style Restaurants;Latin American Restaurants;Restaurants,Mexican Restaurants;Latin American Restaurants;Family Style Restaurants;Restaurants,0,,,True,True,True,True,False
4038,categories,pattern_violation,Sushi Bars;Take Out Restaurants;Asian Restaurants;Japanese Restaurants;Restaurants,Sushi Bars;Take Out Restaurants;Japanese Restaurants;Asian Restaurants;Restaurants,0,,,True,True,True,True,False
4075,categories,pattern_violation,Buffet Restaurants;Take Out Restaurants;Chinese Restaurants;Asian Restaurants;Restaurants,Buffet Restaurants;Chinese Restaurants;Asian Restaurants;Take Out Restaurants;Restaurants,0,,,True,True,True,True,False
4078,categories,pattern_violation,Greek Restaurants;Mediterranean Restaurants;Caterers;Take Out Restaurants;Restaurants,Greek Restaurants;Caterers;Take Out Restaurants;Mediterranean Restaurants;Restaurants,0,,,True,True,True,True,False
4093,categories,pattern_violation,Pizza;Take Out Restaurants;Restaurants;Family Style Restaurants;Fast Food Restaurants,Pizza;Take Out Restaurants;Fast Food Restaurants;Restaurants;Family Style Restaurants,0,,,True,True,True,True,False
4101,categories,pattern_violation,Chinese Restaurants;Family Style Restaurants;Asian Restaurants;Restaurants,Chinese Restaurants;Asian Restaurants;Family Style Restaurants;Restaurants,0,,,True,True,True,True,False
4114,categories,pattern_violation,Chinese Restaurants;Take Out Restaurants;Asian Restaurants;Restaurants,Chinese Restaurants;Asian Restaurants;Take Out Restaurants;Restaurants,0,,,True,True,True,True,False
4118,categories,pattern_violation,Thai Restaurants;Seafood Restaurants;Asian Restaurants;Restaurants,Thai Restaurants;Asian Restaurants;Seafood Restaurants;Restaurants,0,,,True,True,True,True,False
4134,categories,pattern_violation,Chinese Restaurants;Take Out Restaurants;Asian Restaurants;Restaurants,Chinese Restaurants;Asian Restaurants;Take Out Restaurants;Restaurants,0,,,True,True,True,True,False
4156,name,pattern_violation,pizza mia,mia pizza,0,,,True,True,True,True,False
4193,categories,pattern_violation,Chinese Restaurants;Take Out Restaurants;Family Style Restaurants;Restaurants,Chinese Restaurants;Family Style Restaurants;Take Out Restaurants;Restaurants,0,,,True,True,True,True,False
4208,categories,pattern_violation,Restaurants;American Restaurants;Seafood Restaurants;Family Style Restaurants,Restaurants;Seafood Restaurants;American Restaurants;Family Style Restaurants,0,,,True,True,True,True,False
4222,name,pattern_violation,zoes kitchen,zoës kitchen,0,,,True,True,True,True,False
4251,categories,pattern_violation,Greek Restaurants;Take Out Restaurants;Mediterranean Restaurants;Restaurants,Greek Restaurants;Mediterranean Restaurants;Take Out Restaurants;Restaurants,0,,,True,True,True,True,False
4277,categories,pattern_violation,Thai Restaurants;Family Style Restaurants;Asian Restaurants;Restaurants,Thai Restaurants;Asian Restaurants;Family Style Restaurants;Restaurants,0,,,True,True,True,True,False
4280,categories,pattern_violation,Restaurants;Take Out Restaurants;Hamburgers & Hot Dogs;Family Style Restaurants;American Restaurants,Restaurants;Take Out Restaurants;American Restaurants;Hamburgers & Hot Dogs;Family Style Restaurants,0,,,True,True,True,True,False
4286,categories,pattern_violation,Restaurants;Italian Restaurants;Family Style Restaurants;American Restaurants,Restaurants;Italian Restaurants;American Restaurants;Family Style Restaurants,0,,,True,True,True,True,False
4307,categories,pattern_violation,Chinese Restaurants;Family Style Restaurants;Caterers;Asian Restaurants;Restaurants,Chinese Restaurants;Caterers;Asian Restaurants;Family Style Restaurants;Restaurants,0,,,True,True,True,True,False
4342,categories,pattern_violation,Thai Restaurants;Take Out Restaurants;Asian Restaurants;Restaurants,Thai Restaurants;Asian Restaurants;Take Out Restaurants;Restaurants,0,,,True,True,True,True,False
4379,categories,pattern_violation,Italian Restaurants;Pizza;Take Out Restaurants;Mediterranean Restaurants;Restaurants,Italian Restaurants;Mediterranean Restaurants;Pizza;Take Out Restaurants;Restaurants,0,,,True,True,True,True,False
4418,categories,pattern_violation,Mexican Restaurants;Take Out Restaurants;Latin American Restaurants;Restaurants,Mexican Restaurants;Latin American Restaurants;Take Out Restaurants;Restaurants,0,,,True,True,True,True,False
4423,neighborhood,pattern_violation,East Side,Eastside,0,,,True,True,True,True,False
4430,categories,pattern_violation,Restaurants;Hawaiian Restaurants;Barbecue Restaurants,Restaurants;Barbecue Restaurants;Hawaiian Restaurants,0,,,True,True,True,True,False
4440,neighborhood,pattern_violation,East Side,Eastside,0,,,True,True,True,True,False
4447,categories,pattern_violation,Chinese Restaurants;Caterers;Asian Restaurants;Take Out Restaurants;Restaurants,Chinese Restaurants;Take Out Restaurants;Caterers;Asian Restaurants;Restaurants,0,,,True,True,True,True,False
4451,categories,pattern_violation,Chinese Restaurants;Asian Restaurants;Family Style Restaurants;Take Out Restaurants;Restaurants,Chinese Restaurants;Asian Restaurants;Take Out Restaurants;Family Style Restaurants;Restaurants,0,,,True,True,True,True,False
4452,categories,pattern_violation,Chinese Restaurants;Take Out Restaurants;Asian Restaurants;Family Style Restaurants;Restaurants,Chinese Restaurants;Asian Restaurants;Take Out Restaurants;Family Style Restaurants;Restaurants,0,,,True,True,True,True,False
4467,categories,pattern_violation,Thai Restaurants;Family Style Restaurants;Asian Restaurants;Take Out Restaurants;Caterers;Restaurants,Thai Restaurants;Asian Restaurants;Family Style Restaurants;Take Out Restaurants;Caterers;Restaurants,0,,,True,True,True,True,False
4474,categories,pattern_violation,Chinese Restaurants;Family Style Restaurants;Take Out Restaurants;Asian Restaurants;Restaurants,Chinese Restaurants;Asian Restaurants;Take Out Restaurants;Family Style Restaurants;Restaurants,0,,,True,True,True,True,False
4477,categories,pattern_violation,Thai Restaurants;Take Out Restaurants;Asian Restaurants;Family Style Restaurants;Restaurants,Thai Restaurants;Asian Restaurants;Family Style Restaurants;Take Out Restaurants;Restaurants,0,,,True,True,True,True,False
4487,name,pattern_violation,habaneros grill,habanero's grill,0,,,True,True,True,True,False
4493,categories,pattern_violation,Chinese Restaurants;Take Out Restaurants;Family Style Restaurants;Asian Restaurants;Restaurants,Chinese Restaurants;Asian Restaurants;Take Out Restaurants;Family Style Restaurants;Restaurants,0,,,True,True,True,True,False
4501,neighborhood,pattern_violation,East Side,Eastside,0,,,True,True,True,True,False
4507,categories,pattern_violation,Seafood Restaurants;Take Out Restaurants;Breakfast Brunch & Lunch Restaurants;Latin American Restaurants;Mexican Restaurants;Restaurants,Seafood Restaurants;Mexican Restaurants;Breakfast Brunch & Lunch Restaurants;Take Out Restaurants;Latin American Restaurants;Restaurants,0,,,True,True,True,True,False
4512,categories,pattern_violation,American Restaurants;Family Style Restaurants;Breakfast Brunch & Lunch Restaurants;Restaurants,American Restaurants;Breakfast Brunch & Lunch Restaurants;Family Style Restaurants;Restaurants,0,,,True,True,True,True,False
4515,categories,pattern_violation,Chinese Restaurants;Asian Restaurants;Family Style Restaurants;Take Out Restaurants;Restaurants,Chinese Restaurants;Asian Restaurants;Take Out Restaurants;Family Style Restaurants;Restaurants,0,,,True,True,True,True,False
4535,categories,pattern_violation,Chinese Restaurants;Take Out Restaurants;Asian Restaurants;Restaurants,Chinese Restaurants;Asian Restaurants;Take Out Restaurants;Restaurants,0,,,True,True,True,True,False
4536,name,pattern_violation,taqueria jalisco,jalisco taqueria,0,,,True,True,True,True,False
4537,categories,pattern_violation,Mexican Restaurants;Take Out Restaurants;Latin American Restaurants;Restaurants,Mexican Restaurants;Latin American Restaurants;Take Out Restaurants;Restaurants,0,,,True,True,True,True,False
4555,categories,pattern_violation,Restaurants;Seafood Restaurants;Family Style Restaurants;American Restaurants,Restaurants;Seafood Restaurants;American Restaurants;Family Style Restaurants,0,,,True,True,True,True,False
4584,categories,pattern_violation,Asian Restaurants;Family Style Restaurants;Chinese Restaurants;Take Out Restaurants;Restaurants,Asian Restaurants;Chinese Restaurants;Take Out Restaurants;Family Style Restaurants;Restaurants,0,,,True,True,True,True,False
4624,categories,pattern_violation,Vietnamese Restaurants;Take Out Restaurants;Asian Restaurants;Restaurants,Vietnamese Restaurants;Asian Restaurants;Take Out Restaurants;Restaurants,0,,,True,True,True,True,False
4627,categories,pattern_violation,Chinese Restaurants;Asian Restaurants;Seafood Restaurants;Take Out Restaurants;Restaurants,Chinese Restaurants;Seafood Restaurants;Asian Restaurants;Take Out Restaurants;Restaurants,0,,,True,True,True,True,False
4628,neighborhood,pattern_violation,East Side,Eastside,0,,,True,True,True,True,False
4648,categories,pattern_violation,American Restaurants;Breakfast Brunch & Lunch Restaurants;Take Out Restaurants;Family Style Restaurants;Restaurants,American Restaurants;Breakfast Brunch & Lunch Restaurants;Family Style Restaurants;Take Out Restaurants;Restaurants,0,,,True,True,True,True,False
4657,categories,pattern_violation,Chinese Restaurants;Take Out Restaurants;Asian Restaurants;Family Style Restaurants;Restaurants,Chinese Restaurants;Asian Restaurants;Take Out Restaurants;Family Style Restaurants;Restaurants,0,,,True,True,True,True,False
4672,categories,pattern_violation,Restaurants;Seafood Restaurants;Family Style Restaurants;American Restaurants,Restaurants;Seafood Restaurants;American Restaurants;Family Style Restaurants,0,,,True,True,True,True,False
4677,categories,pattern_violation,Chinese Restaurants;Japanese Restaurants;Asian Restaurants;Restaurants,Chinese Restaurants;Asian Restaurants;Japanese Restaurants;Restaurants,0,,,True,True,True,True,False
4678,categories,pattern_violation,Thai Restaurants;Asian Restaurants;Take Out Restaurants;Caterers;Chinese Restaurants;Family Style Restaurants;Restaurants,Thai Restaurants;Asian Restaurants;Family Style Restaurants;Take Out Restaurants;Caterers;Chinese Restaurants;Restaurants,0,,,True,True,True,True,False
4687,categories,pattern_violation,Mexican Restaurants;Take Out Restaurants;Latin American Restaurants;Restaurants,Mexican Restaurants;Latin American Restaurants;Take Out Restaurants;Restaurants,0,,,True,True,True,True,False
4709,categories,pattern_violation,Chinese Restaurants;Family Style Restaurants;Asian Restaurants;Take Out Restaurants;Restaurants,Chinese Restaurants;Asian Restaurants;Take Out Restaurants;Family Style Restaurants;Restaurants,0,,,True,True,True,True,False
4711,categories,pattern_violation,Restaurants;American Restaurants;Take Out Restaurants;Hamburgers & Hot Dogs;Family Style Restaurants,Restaurants;Take Out Restaurants;American Restaurants;Hamburgers & Hot Dogs;Family Style Restaurants,0,,,True,True,True,True,False
4716,categories,pattern_violation,Chinese Restaurants;Asian Restaurants;Family Style Restaurants;Take Out Restaurants;Restaurants,Chinese Restaurants;Asian Restaurants;Take Out Restaurants;Family Style Restaurants;Restaurants,0,,,True,True,True,True,False
4717,categories,pattern_violation,Vietnamese Restaurants;Take Out Restaurants;Asian Restaurants;Restaurants,Vietnamese Restaurants;Asian Restaurants;Take Out Restaurants;Restaurants,0,,,True,True,True,True,False
4768,categories,pattern_violation,Mexican Restaurants;Take Out Restaurants;Latin American Restaurants;Restaurants,Mexican Restaurants;Latin American Restaurants;Take Out Restaurants;Restaurants,0,,,True,True,True,True,False
4776,categories,pattern_violation,Mexican Restaurants;Take Out Restaurants;Latin American Restaurants;Restaurants,Mexican Restaurants;Latin American Restaurants;Take Out Restaurants;Restaurants,0,,,True,True,True,True,False
4782,categories,pattern_violation,Chinese Restaurants;Family Style Restaurants;Asian Restaurants;Take Out Restaurants;Restaurants,Chinese Restaurants;Asian Restaurants;Take Out Restaurants;Family Style Restaurants;Restaurants,0,,,True,True,True,True,False
4803,categories,pattern_violation,Family Style Restaurants;Take Out Restaurants;Italian Restaurants;Mediterranean Restaurants;Restaurants,Family Style Restaurants;Italian Restaurants;Mediterranean Restaurants;Take Out Restaurants;Restaurants,0,,,True,True,True,True,False
4804,categories,pattern_violation,Mexican Restaurants;Take Out Restaurants;American Restaurants;Latin American Restaurants;Restaurants,Mexican Restaurants;American Restaurants;Latin American Restaurants;Take Out Restaurants;Restaurants,0,,,True,True,True,True,False
4817,neighborhood,pattern_violation,East Side,Eastside,0,,,True,True,True,True,False
4818,categories,pattern_violation,Italian Restaurants;Mediterranean Restaurants;Take Out Restaurants;Restaurants,Italian Restaurants;Take Out Restaurants;Mediterranean Restaurants;Restaurants,0,,,True,True,True,True,False
4819,categories,pattern_violation,Indian Restaurants;Asian Restaurants;Middle Eastern Restaurants;Restaurants,Indian Restaurants;Middle Eastern Restaurants;Asian Restaurants;Restaurants,0,,,True,True,True,True,False
4822,name,pattern_violation,thai restaurant,thai thai restaurant,0,,,True,True,True,True,False
4822,categories,pattern_violation,Thai Restaurants;Asian Restaurants;Take Out Restaurants;Family Style Restaurants;Restaurants,Thai Restaurants;Asian Restaurants;Family Style Restaurants;Take Out Restaurants;Restaurants,0,,,True,True,True,True,False
4860,name,pattern_violation,hash house a-gogo,hash house a go go,0,,,True,True,True,True,False
4864,categories,pattern_violation,Asian Restaurants;Take Out Restaurants;Chinese Restaurants;Family Style Restaurants;Restaurants,Asian Restaurants;Chinese Restaurants;Take Out Restaurants;Family Style Restaurants;Restaurants,0,,,True,True,True,True,False
4870,categories,pattern_violation,Restaurants;American Restaurants;Seafood Restaurants;Family Style Restaurants,Restaurants;Seafood Restaurants;American Restaurants;Family Style Restaurants,0,,,True,True,True,True,False
4910,name,pattern_violation,oggi's pizza & brewing co.,oggi's pizza & brewing co,0,,,True,True,True,True,False
4918,categories,pattern_violation,Chinese Restaurants;Take Out Restaurants;Asian Restaurants;Restaurants,Chinese Restaurants;Asian Restaurants;Take Out Restaurants;Restaurants,0,,,True,True,True,True,False
4931,categories,pattern_violation,Thai Restaurants;Take Out Restaurants;Asian Restaurants;Chinese Restaurants;Restaurants,Thai Restaurants;Asian Restaurants;Chinese Restaurants;Take Out Restaurants;Restaurants,0,,,True,True,True,True,False
4946,categories,pattern_violation,Japanese Restaurants;Take Out Restaurants;Asian Restaurants;Family Style Restaurants;Restaurants,Japanese Restaurants;Asian Restaurants;Family Style Restaurants;Take Out Restaurants;Restaurants,0,,,True,True,True,True,False
4948,categories,pattern_violation,Chinese Restaurants;Take Out Restaurants;Asian Restaurants;Restaurants,Chinese Restaurants;Asian Restaurants;Take Out Restaurants;Restaurants,0,,,True,True,True,True,False
4952,categories,pattern_violation,Chinese Restaurants;Caterers;Asian Restaurants;Take Out Restaurants;Restaurants,Chinese Restaurants;Take Out Restaurants;Caterers;Asian Restaurants;Restaurants,0,,,True,True,True,True,False
4955,categories,pattern_violation,Mexican Restaurants;Take Out Restaurants;Caterers;Latin American Restaurants;Family Style Restaurants;Restaurants,Mexican Restaurants;Caterers;Latin American Restaurants;Take Out Restaurants;Family Style Restaurants;Restaurants,0,,,True,True,True,True,False
4957,categories,pattern_violation,Coffee Shops;Coffee & Espresso Restaurants;Coffee & Tea;Restaurants,Coffee & Espresso Restaurants;Coffee Shops;Coffee & Tea;Restaurants,0,,,True,True,True,True,False
4969,categories,pattern_violation,Vietnamese Restaurants;Family Style Restaurants;Asian Restaurants;Take Out Restaurants;Restaurants,Vietnamese Restaurants;Asian Restaurants;Family Style Restaurants;Take Out Restaurants;Restaurants,0,,,True,True,True,True,False
5007,categories,pattern_violation,Chinese Restaurants;Take Out Restaurants;Asian Restaurants;Restaurants,Chinese Restaurants;Asian Restaurants;Take Out Restaurants;Restaurants,0,,,True,True,True,True,False
5010,categories,pattern_violation,Vietnamese Restaurants;Family Style Restaurants;Asian Restaurants;Take Out Restaurants;Restaurants,Vietnamese Restaurants;Asian Restaurants;Family Style Restaurants;Take Out Restaurants;Restaurants,0,,,True,True,True,True,False
5036,categories,pattern_violation,Mexican Restaurants;Take Out Restaurants;Breakfast Brunch & Lunch Restaurants;Latin American Restaurants;Restaurants,Mexican Restaurants;Breakfast Brunch & Lunch Restaurants;Latin American Restaurants;Take Out Restaurants;Restaurants,0,,,True,True,True,True,False
5050,name,pattern_violation,phohanoi asian cuisine,pho hanoi asian cuisine,0,,,True,True,True,True,False
5111,categories,pattern_violation,Thai Restaurants;Take Out Restaurants;Asian Restaurants;Restaurants,Thai Restaurants;Asian Restaurants;Take Out Restaurants;Restaurants,0,,,True,True,True,True,False
5122,categories,pattern_violation,Mexican Restaurants;Take Out Restaurants;Latin American Restaurants;Restaurants,Mexican Restaurants;Latin American Restaurants;Take Out Restaurants;Restaurants,0,,,True,True,True,True,False
5134,categories,pattern_violation,American Restaurants;Take Out Restaurants;Breakfast Brunch & Lunch Restaurants;Restaurants,American Restaurants;Breakfast Brunch & Lunch Restaurants;Take Out Restaurants;Restaurants,0,,,True,True,True,True,False
5163,name,pattern_violation,giant new york pizza,new york giant pizza,0,,,True,True,True,True,False
5191,categories,pattern_violation,Vietnamese Restaurants;Take Out Restaurants;Asian Restaurants;Restaurants,Vietnamese Restaurants;Asian Restaurants;Take Out Restaurants;Restaurants,0,,,True,True,True,True,False
5207,categories,pattern_violation,Thai Restaurants;Caterers;Asian Restaurants;Take Out Restaurants;Family Style Restaurants;Restaurants,Thai Restaurants;Caterers;Asian Restaurants;Family Style Restaurants;Take Out Restaurants;Restaurants,0,,,True,True,True,True,False
5219,categories,pattern_violation,Cuban Restaurants;Caribbean Restaurants;Caterers;Family Style Restaurants;Latin American Restaurants;Take Out Restaurants;Restaurants,Cuban Restaurants;Take Out Restaurants;Caterers;Family Style Restaurants;Latin American Restaurants;Caribbean Restaurants;Restaurants,0,,,True,True,True,True,False
5224,name,pattern_violation,bareback grill,bare back grill,0,,,True,True,True,True,False
5235,categories,pattern_violation,Coffee & Tea;Coffee Shops;Coffee & Espresso Restaurants;Restaurants,Coffee Shops;Coffee & Tea;Coffee & Espresso Restaurants;Restaurants,0,,,True,True,True,True,False
5249,categories,pattern_violation,Italian Restaurants;Seafood Restaurants;Mediterranean Restaurants;Restaurants,Italian Restaurants;Mediterranean Restaurants;Seafood Restaurants;Restaurants,0,,,True,True,True,True,False
5258,categories,pattern_violation,Vietnamese Restaurants;Take Out Restaurants;Asian Restaurants;Family Style Restaurants;Restaurants,Vietnamese Restaurants;Asian Restaurants;Family Style Restaurants;Take Out Restaurants;Restaurants,0,,,True,True,True,True,False
5264,name,pattern_violation,rockin' baja lobster,rockin baja lobster,0,,,True,True,True,True,False
5273,categories,pattern_violation,Chinese Restaurants;Take Out Restaurants;Asian Restaurants;Seafood Restaurants;Family Style Restaurants;Restaurants,Chinese Restaurants;Asian Restaurants;Seafood Restaurants;Family Style Restaurants;Take Out Restaurants;Restaurants,0,,,True,True,True,True,False
5279,categories,pattern_violation,Thai Restaurants;Family Style Restaurants;Asian Restaurants;Take Out Restaurants;Caterers;Restaurants,Thai Restaurants;Asian Restaurants;Family Style Restaurants;Take Out Restaurants;Caterers;Restaurants,0,,,True,True,True,True,False
5286,neighborhood,pattern_violation,Rancho Bernardo;Rancho Bernadino;Northeastern San Diego,Rancho Bernadino;Northeastern San Diego;Rancho Bernardo,0,,,True,True,True,True,False
5295,categories,pattern_violation,Chinese Restaurants;Take Out Restaurants;Asian Restaurants;Restaurants,Chinese Restaurants;Asian Restaurants;Take Out Restaurants;Restaurants,0,,,True,True,True,True,False
5297,categories,pattern_violation,Take Out Restaurants;Hamburgers & Hot Dogs;Restaurants;Family Style Restaurants;American Restaurants,Take Out Restaurants;American Restaurants;Hamburgers & Hot Dogs;Restaurants;Family Style Restaurants,0,,,True,True,True,True,False
5312,categories,pattern_violation,Chinese Restaurants;Take Out Restaurants;Caterers;Asian Restaurants;Family Style Restaurants;Restaurants,Chinese Restaurants;Caterers;Asian Restaurants;Family Style Restaurants;Take Out Restaurants;Restaurants,0,,,True,True,True,True,False
5319,categories,pattern_violation,Thai Restaurants;Take Out Restaurants;Seafood Restaurants;Asian Restaurants;Family Style Restaurants;Restaurants,Thai Restaurants;Asian Restaurants;Take Out Restaurants;Seafood Restaurants;Family Style Restaurants;Restaurants,0,,,True,True,True,True,False
5323,categories,pattern_violation,Chinese Restaurants;Family Style Restaurants;Asian Restaurants;Restaurants,Chinese Restaurants;Asian Restaurants;Family Style Restaurants;Restaurants,0,,,True,True,True,True,False
5336,categories,pattern_violation,Vietnamese Restaurants;Asian Restaurants;Take Out Restaurants;Family Style Restaurants;Restaurants,Vietnamese Restaurants;Asian Restaurants;Family Style Restaurants;Take Out Restaurants;Restaurants,0,,,True,True,True,True,False
5338,name,pattern_violation,sonny bryans smokehouse bbq,sonny bryan's smokehouse bbq,0,,,True,True,True,True,False
5338,neighborhood,pattern_violation,Central Dallas;City Center District;Downtown Dallas,City Center District;Downtown Dallas;Central Dallas,0,,,True,True,True,True,False
5366,categories,pattern_violation,Thai Restaurants;Take Out Restaurants;Asian Restaurants;Family Style Restaurants;Restaurants,Thai Restaurants;Asian Restaurants;Family Style Restaurants;Take Out Restaurants;Restaurants,0,,,True,True,True,True,False
5384,categories,pattern_violation,Take Out Restaurants;Dessert Restaurants;Restaurants;American Restaurants;Family Style Restaurants,Take Out Restaurants;Dessert Restaurants;Family Style Restaurants;Restaurants;American Restaurants,0,,,True,True,True,True,False
5395,categories,pattern_violation,Seafood Restaurants;Take Out Restaurants;Creole & Cajun Restaurants;Family Style Restaurants;Restaurants,Seafood Restaurants;Family Style Restaurants;Take Out Restaurants;Creole & Cajun Restaurants;Restaurants,0,,,True,True,True,True,False
5414,categories,pattern_violation,Italian Restaurants;Take Out Restaurants;Caterers;Mediterranean Restaurants;Family Style Restaurants;Restaurants,Italian Restaurants;Family Style Restaurants;Take Out Restaurants;Caterers;Mediterranean Restaurants;Restaurants,0,,,True,True,True,True,False
5459,categories,pattern_violation,Restaurants;Buffet Restaurants;American Restaurants;Family Style Restaurants,Restaurants;American Restaurants;Buffet Restaurants;Family Style Restaurants,0,,,True,True,True,True,False
5469,categories,pattern_violation,Chinese Restaurants;Take Out Restaurants;Asian Restaurants;Restaurants,Chinese Restaurants;Asian Restaurants;Take Out Restaurants;Restaurants,0,,,True,True,True,True,False
5473,categories,pattern_violation,Italian Restaurants;Mediterranean Restaurants;Take Out Restaurants;Family Style Restaurants;Restaurants,Italian Restaurants;Take Out Restaurants;Mediterranean Restaurants;Family Style Restaurants;Restaurants,0,,,True,True,True,True,False
5481,categories,pattern_violation,Italian Restaurants;Mediterranean Restaurants;Take Out Restaurants;Restaurants,Italian Restaurants;Take Out Restaurants;Mediterranean Restaurants;Restaurants,0,,,True,True,True,True,False
5482,categories,pattern_violation,American Restaurants;Take Out Restaurants;Family Style Restaurants;Restaurants,American Restaurants;Family Style Restaurants;Take Out Restaurants;Restaurants,0,,,True,True,True,True,False
5504,neighborhood,pattern_violation,Central Dallas;City Center District;Downtown Dallas,City Center District;Downtown Dallas;Central Dallas,0,,,True,True,True,True,False
5507,categories,pattern_violation,Hamburgers & Hot Dogs;American Restaurants;Take Out Restaurants;Family Style Restaurants;Restaurants,Hamburgers & Hot Dogs;American Restaurants;Family Style Restaurants;Take Out Restaurants;Restaurants,0,,,True,True,True,True,False
5510,categories,pattern_violation,Italian Restaurants;Take Out Restaurants;Mediterranean Restaurants;Breakfast Brunch & Lunch Restaurants;Family Style Restaurants;Restaurants,Italian Restaurants;Mediterranean Restaurants;Family Style Restaurants;Breakfast Brunch & Lunch Restaurants;Take Out Restaurants;Restaurants,0,,,True,True,True,True,False
5511,categories,pattern_violation,Mexican Restaurants;Latin American Restaurants;American Restaurants;Take Out Restaurants;Restaurants,Mexican Restaurants;American Restaurants;Latin American Restaurants;Take Out Restaurants;Restaurants,0,,,True,True,True,True,False
5514,neighborhood,pattern_violation,Cochran Heights;Central Dallas,Central Dallas;Cochran Heights,0,,,True,True,True,True,False
5532,name,pattern_violation,allgood cafe,all good cafe,0,,,True,True,True,True,False
5537,categories,pattern_violation,Cuban Restaurants;Latin American Restaurants;Caribbean Restaurants;Restaurants,Cuban Restaurants;Caribbean Restaurants;Latin American Restaurants;Restaurants,0,,,True,True,True,True,False
5542,neighborhood,pattern_violation,Cochran Heights;Central Dallas,Central Dallas;Cochran Heights,0,,,True,True,True,True,False
5549,categories,pattern_violation,Seafood Restaurants;Take Out Restaurants;Family Style Restaurants;Restaurants,Seafood Restaurants;Family Style Restaurants;Take Out Restaurants;Restaurants,0,,,True,True,True,True,False
5553,categories,pattern_violation,Thai Restaurants;Seafood Restaurants;Asian Restaurants;Take Out Restaurants;Breakfast Brunch & Lunch Restaurants;Family Style Restaurants;Restaurants,Thai Restaurants;Breakfast Brunch & Lunch Restaurants;Family Style Restaurants;Seafood Restaurants;Asian Restaurants;Take Out Restaurants;Restaurants,0,,,True,True,True,True,False
5556,name,pattern_violation,sushi kyoto,kyoto sushi,0,,,True,True,True,True,False
5557,name,pattern_violation,dansungsa,dan sung sa,0,,,True,True,True,True,False
5565,name,pattern_violation,breadwinners cafe & bakery,bread winners cafe & bakery,0,,,True,True,True,True,False
5576,name,pattern_violation,breadwinners cafe & bakery,bread winners cafe & bakery,0,,,True,True,True,True,False
5597,categories,pattern_violation,Coffee & Tea;Restaurants;Coffee & Espresso Restaurants;Coffee Shops,Coffee & Espresso Restaurants;Coffee & Tea;Restaurants;Coffee Shops,0,,,True,True,True,True,False
5617,categories,pattern_violation,Thai Restaurants;Family Style Restaurants;Take Out Restaurants;Caterers;Asian Restaurants;Restaurants,Thai Restaurants;Caterers;Asian Restaurants;Family Style Restaurants;Take Out Restaurants;Restaurants,0,,,True,True,True,True,False
5621,categories,pattern_violation,American Restaurants;Take Out Restaurants;Family Style Restaurants;Restaurants,American Restaurants;Family Style Restaurants;Take Out Restaurants;Restaurants,0,,,True,True,True,True,False
5632,categories,pattern_violation,Thai Restaurants;Take Out Restaurants;Caterers;Asian Restaurants;Family Style Restaurants;Restaurants,Thai Restaurants;Caterers;Asian Restaurants;Family Style Restaurants;Take Out Restaurants;Restaurants,0,,,True,True,True,True,False
5636,name,pattern_violation,zen sushi,sushi zen,0,,,True,True,True,True,False
5644,categories,pattern_violation,Vietnamese Restaurants;Take Out Restaurants;Asian Restaurants;Restaurants,Vietnamese Restaurants;Asian Restaurants;Take Out Restaurants;Restaurants,0,,,True,True,True,True,False
5688,categories,pattern_violation,Chinese Restaurants;Asian Restaurants;Seafood Restaurants;Take Out Restaurants;Restaurants,Chinese Restaurants;Seafood Restaurants;Asian Restaurants;Take Out Restaurants;Restaurants,0,,,True,True,True,True,False
5698,categories,pattern_violation,Italian Restaurants;Mediterranean Restaurants;Take Out Restaurants;Restaurants,Italian Restaurants;Take Out Restaurants;Mediterranean Restaurants;Restaurants,0,,,True,True,True,True,False
5705,categories,pattern_violation,Thai Restaurants;Take Out Restaurants;Asian Restaurants;Restaurants,Thai Restaurants;Asian Restaurants;Take Out Restaurants;Restaurants,0,,,True,True,True,True,False
5737,neighborhood,pattern_violation,Central Dallas;City Center District;Downtown Dallas,City Center District;Downtown Dallas;Central Dallas,0,,,True,True,True,True,False
5762,categories,pattern_violation,American Restaurants;Take Out Restaurants;Family Style Restaurants;Restaurants,American Restaurants;Family Style Restaurants;Take Out Restaurants;Restaurants,0,,,True,True,True,True,False
5769,streetAddress,pattern_violation,150 S 2nd St,150 S  2nd St,0,,,True,False,True,True,False
5790,categories,pattern_violation,Chicken Restaurants;Take Out Restaurants;Caterers;American Restaurants;Breakfast Brunch & Lunch Restaurants;Restaurants,Chicken Restaurants;Caterers;American Restaurants;Breakfast Brunch & Lunch Restaurants;Take Out Restaurants;Restaurants,0,,,True,True,True,True,False
5807,categories,pattern_violation,Pizza;Italian Restaurants;Family Style Restaurants;Take Out Restaurants;Restaurants,Pizza;Italian Restaurants;Take Out Restaurants;Family Style Restaurants;Restaurants,0,,,True,True,True,True,False
5831,categories,pattern_violation,Mexican Restaurants;Take Out Restaurants;Latin American Restaurants;Caterers;Breakfast Brunch & Lunch Restaurants;Family Style Restaurants;Restaurants,Mexican Restaurants;Take Out Restaurants;Caterers;Breakfast Brunch & Lunch Restaurants;Family Style Restaurants;Latin American Restaurants;Restaurants,0,,,True,True,True,True,False
5832,categories,pattern_violation,Chinese Restaurants;Family Style Restaurants;Asian Restaurants;Take Out Restaurants;Restaurants,Chinese Restaurants;Asian Restaurants;Take Out Restaurants;Family Style Restaurants;Restaurants,0,,,True,True,True,True,False
5875,categories,pattern_violation,Indian Restaurants;Seafood Restaurants;Middle Eastern Restaurants;Asian Restaurants;Restaurants,Indian Restaurants;Asian Restaurants;Seafood Restaurants;Middle Eastern Restaurants;Restaurants,0,,,True,True,True,True,False
5892,categories,pattern_violation,Japanese Restaurants;Take Out Restaurants;Asian Restaurants;Family Style Restaurants;Restaurants,Japanese Restaurants;Asian Restaurants;Family Style Restaurants;Take Out Restaurants;Restaurants,0,,,True,True,True,True,False
5912,name,pattern_violation,clover bakery & cafe,clover bakery &  café,0,,,True,True,True,True,False
5926,categories,pattern_violation,Chinese Restaurants;Take Out Restaurants;Caterers;Asian Restaurants;Family Style Restaurants;Restaurants,Chinese Restaurants;Caterers;Asian Restaurants;Family Style Restaurants;Take Out Restaurants;Restaurants,0,,,True,True,True,True,False
5927,categories,pattern_violation,Mexican Restaurants;Take Out Restaurants;Caterers;Latin American Restaurants;Breakfast Brunch & Lunch Restaurants;Family Style Restaurants;Restaurants,Mexican Restaurants;Breakfast Brunch & Lunch Restaurants;Family Style Restaurants;Caterers;Latin American Restaurants;Take Out Restaurants;Restaurants,0,,,True,True,True,True,False
5951,categories,pattern_violation,Chinese Restaurants;Family Style Restaurants;Asian Restaurants;Take Out Restaurants;Caterers;Restaurants,Chinese Restaurants;Asian Restaurants;Family Style Restaurants;Take Out Restaurants;Caterers;Restaurants,0,,,True,True,True,True,False
5952,categories,pattern_violation,Chinese Restaurants;Take Out Restaurants;Asian Restaurants;Restaurants,Chinese Restaurants;Asian Restaurants;Take Out Restaurants;Restaurants,0,,,True,True,True,True,False
5954,categories,pattern_violation,Indian Restaurants;Take Out Restaurants;Caterers;Middle Eastern Restaurants;Asian Restaurants;Restaurants,Indian Restaurants;Caterers;Middle Eastern Restaurants;Take Out Restaurants;Asian Restaurants;Restaurants,0,,,True,True,True,True,False
5959,categories,pattern_violation,Chinese Restaurants;Family Style Restaurants;Asian Restaurants;Take Out Restaurants;Caterers;Restaurants,Chinese Restaurants;Asian Restaurants;Family Style Restaurants;Take Out Restaurants;Caterers;Restaurants,0,,,True,True,True,True,False
5963,categories,pattern_violation,Japanese Restaurants;Sushi Bars;Family Style Restaurants;Asian Restaurants;Restaurants,Japanese Restaurants;Asian Restaurants;Sushi Bars;Family Style Restaurants;Restaurants,0,,,True,True,True,True,False
5973,categories,pattern_violation,Japanese Restaurants;Take Out Restaurants;Asian Restaurants;Restaurants,Japanese Restaurants;Asian Restaurants;Take Out Restaurants;Restaurants,0,,,True,True,True,True,False
5995,categories,pattern_violation,Indian Restaurants;Asian Restaurants;Middle Eastern Restaurants;Restaurants,Indian Restaurants;Middle Eastern Restaurants;Asian Restaurants;Restaurants,0,,,True,True,True,True,False
5997,name,pattern_violation,habana-cuba,habana cuba,0,,,True,True,True,True,False
5998,categories,pattern_violation,Sushi Bars;Japanese Restaurants;Chinese Restaurants;Asian Restaurants;Take Out Restaurants;Restaurants,Sushi Bars;Japanese Restaurants;Asian Restaurants;Chinese Restaurants;Take Out Restaurants;Restaurants,0,,,True,True,True,True,False
6006,name,pattern_violation,malibu grill & bbq,malibu grill & b-b-q,0,,,True,True,True,True,False
6014,streetAddress,pattern_violation,5965 Almaden Expy Ste125,5965 Almaden Expy Ste 125,0,,,True,True,True,True,False
6022,categories,pattern_violation,Breakfast Brunch & Lunch Restaurants;Family Style Restaurants;Take Out Restaurants;American Restaurants;Restaurants,Breakfast Brunch & Lunch Restaurants;Family Style Restaurants;American Restaurants;Take Out Restaurants;Restaurants,0,,,True,True,True,True,False
6026,categories,pattern_violation,Indian Restaurants;Take Out Restaurants;Asian Restaurants;Caterers;Middle Eastern Restaurants;Restaurants,Indian Restaurants;Caterers;Middle Eastern Restaurants;Take Out Restaurants;Asian Restaurants;Restaurants,0,,,True,True,True,True,False
6031,categories,pattern_violation,Take Out Restaurants;Hamburgers & Hot Dogs;Restaurants;Family Style Restaurants;American Restaurants,Take Out Restaurants;American Restaurants;Hamburgers & Hot Dogs;Restaurants;Family Style Restaurants,0,,,True,True,True,True,False
6106,name,pattern_violation,café gitane,cafe gitane,0,,,True,True,True,True,False
6166,neighborhood,pattern_violation,Williamsburg - South Side; South Williamsburg,Williamsburg - South Side,0,,,True,True,True,True,False
6270,neighborhood,pattern_violation,Williamsburg - South Side; South Williamsburg,Williamsburg - South Side,0,,,True,True,True,True,False
6290,name,pattern_violation,r_ti mediterranean grill,roti mediterranean grill,0,,,True,True,True,True,False
6310,name,pattern_violation,café zaiya,cafe zaiya,0,,,True,True,True,True,False
6501,name,pattern_violation,cha-an,cha an,0,,,True,True,True,True,False
6579,name,pattern_violation,t-swirl crêpe,t-swirl crepe,0,,,True,True,True,True,False
6660,name,pattern_violation,gratitude cafe,cafe gratitude,0,,,True,True,True,True,False
6673,name,pattern_violation,patsys pizzeria,patsy's pizzeria,0,,,True,True,True,True,False
6699,streetAddress,pattern_violation,60 E 65th St.,60 E 65th St,0,,,True,True,True,True,False
6732,neighborhood,pattern_violation,Williamsburg - South Side; South Williamsburg,Williamsburg - South Side,0,,,True,True,True,True,False
6733,streetAddress,pattern_violation,5W 32nd St,5 W 32nd St,0,,,True,True,True,True,False
6899,name,pattern_violation,café moto,cafe moto,0,,,True,True,True,True,False
6899,neighborhood,pattern_violation,Williamsburg - South Side; South Williamsburg,Williamsburg - South Side,0,,,True,True,True,True,False
6911,name,pattern_violation,tacos baja ensenada,taco's baja ensenada,0,,,True,True,True,True,False
6957,name,pattern_violation,spice cafe,cafe spice,0,,,True,True,True,True,False
6979,name,pattern_violation,vees café,vees cafe,0,,,True,True,True,True,False
7030,name,pattern_violation,aoc,a.o.c.,0,,,True,True,True,True,False
7254,name,pattern_violation,wurstküche,wurstkuche,0,,,True,True,True,True,False
7304,name,pattern_violation,elf café,elf cafe,0,,,True,True,True,True,False
7331,name,pattern_violation,bäco mercat,baco mercat,0,,,True,True,True,True,False
7337,streetAddress,pattern_violation,4905 Santa Monica Blvd.,4905 Santa Monica Blvd,0,,,True,True,True,True,False
7398,streetAddress,pattern_violation,"3909 Beverly Blvd,",3909 Beverly Blvd,0,,,True,True,True,True,False
7450,name,pattern_violation,blu jam café,blu jam cafe,0,,,True,True,True,True,False
7670,name,pattern_violation,la crêperie,la creperie,0,,,True,True,True,True,False
7739,name,pattern_violation,pita cafe,cafe pita,0,,,True,True,True,True,False
7866,name,pattern_violation,m.henry,m henry,0,,,True,True,True,True,False
7922,name,pattern_violation,blaze fast fire__ pizza,blaze fast-fire__ pizza,0,,,True,True,True,True,False
8060,name,pattern_violation,glenns diner,glenn's diner,0,,,True,True,True,True,False
8214,name,pattern_violation,zed451,zed 451,0,,,True,True,True,True,False
8319,name,pattern_violation,cafe ba-ba-reeba!,cafe ba ba reeba,0,,,True,True,True,True,False
8368,name,pattern_violation,iguana café,cafe iguana,0,,,True,True,True,True,False
8515,streetAddress,pattern_violation,9545 Townpark Dr,9545 Town Park Dr,0,,,True,True,True,True,False
8580,name,pattern_violation,backstreet café,backstreet cafe,0,,,True,True,True,True,False
8600,name,pattern_violation,hard rock café,hard rock cafe,0,,,True,True,True,True,False
8611,name,pattern_violation,café rabelais,cafe' rabelais,0,,,True,True,True,True,False
8629,name,pattern_violation,last concert café,last concert cafe,0,,,True,True,True,True,False
8684,name,pattern_violation,barnaby__ café,barnaby__ cafe,0,,,True,True,True,True,False
8738,name,pattern_violation,chama gaúcha brazilian steakhouse,chama gaucha brazilian steakhouse,0,,,True,True,True,True,False
8844,name,pattern_violation,teotihuacan mexican café,teotihuacan mexican cafe,0,,,True,True,True,True,False
8846,streetAddress,pattern_violation,912 St. Emanuel St,912 St Emanuel St,0,,,True,True,True,True,False
8989,name,pattern_violation,barnaby__ café,barnaby__ cafe,0,,,True,True,True,True,False
9010,streetAddress,pattern_violation,602 E 20th St.,602 E 20th St,0,,,True,True,True,True,False
9038,name,pattern_violation,thai jasmine restaurant,jasmine thai restaurant,0,,,True,True,True,True,False
9038,neighborhood,pattern_violation,South Belt/Ellington,Southbelt - Ellington,0,,,True,True,True,True,False
9041,name,pattern_violation,cafe pita +,cafe pita,0,,,True,True,True,True,False
9079,name,pattern_violation,bombay pizza co.,bombay pizza co,0,,,True,True,True,True,False
9227,name,pattern_violation,green eggs café,green eggs cafe,0,,,True,True,True,True,False
9486,name,pattern_violation,green eggs café,green eggs cafe,0,,,True,True,True,True,False
9491,name,pattern_violation,ralphs italian restaurant,ralph's italian restaurant,0,,,True,True,True,True,False
9637,name,pattern_violation,tequilas restaurant,tequila's restaurant,0,,,True,True,True,True,False
9644,name,pattern_violation,ants pants café,ants pants cafe,0,,,True,True,True,True,False
9711,streetAddress,pattern_violation,1901 Callowhill St.,1901 Callowhill St,0,,,True,True,True,True,False
9753,name,pattern_violation,luna café,cafe luna,0,,,True,True,True,True,False
9765,streetAddress,pattern_violation,1211 Walnut St,1121 Walnut St,0,,,True,True,True,True,False
9808,name,pattern_violation,san antonio burger co.,san antonio burger co,0,,,True,True,True,True,False
9849,name,pattern_violation,lüke,luke,0,,,True,True,True,True,False
9891,name,pattern_violation,candlelight coffeehouse,candlelight coffee house,0,,,True,True,True,True,False
9919,name,pattern_violation,demos greek food,demo's greek food,0,,,True,True,True,True,False
9976,name,pattern_violation,thai restaurant,thai thai restaurant,0,,,True,True,True,True,False
10012,name,pattern_violation,brick house tavern + tap,brick house tavern & tap,0,,,True,True,True,True,False
10048,name,pattern_violation,hillcrest sandwich co.,hillcrest sandwich co,0,,,True,True,True,True,False
10115,name,pattern_violation,bay park fish co.,bay park fish co,0,,,True,True,True,True,False
10235,name,pattern_violation,shades oceanfront bistro,shades ocean front bistro,0,,,True,True,True,True,False
10305,name,pattern_violation,searsucker,sear sucker,0,,,True,True,True,True,False
10347,streetAddress,pattern_violation,3770 Hancock St.,3770 Hancock St,0,,,True,True,True,True,False
10491,name,pattern_violation,alfredos pizzeria,alfredo's pizzeria,0,,,True,True,True,True,False
10598,name,pattern_violation,bleu bohéme,bleu boheme,0,,,True,True,True,True,False
10651,name,pattern_violation,café chloe,cafe chloe,0,,,True,True,True,True,False
10718,streetAddress,pattern_violation,2833 Avenida de Portugal,2833 Avenida De Portugal,0,,,True,False,True,True,False
10866,name,pattern_violation,urbano cafe,cafe urbano,0,,,True,True,True,True,False
10979,name,pattern_violation,tampopo japanese cafe,japanese cafe tampopo,0,,,True,True,True,True,False
10996,streetAddress,pattern_violation,325 N St Paul St,325 N St. Paul St,0,,,True,True,True,True,False
11026,name,pattern_violation,café brazil,cafe brazil,0,,,True,True,True,True,False
11108,name,pattern_violation,"cindi__ n.y. delicatessen, restaurant & bakery",cindi__ ny delicatessen restaurant & bakery,0,,,True,True,True,True,False
11156,name,pattern_violation,pie five pizza co.,pie five pizza co,0,,,True,True,True,True,False
11159,streetAddress,pattern_violation,5290 Beltline Rd,5290 Belt Line Rd,0,,,True,True,True,True,False
11169,name,pattern_violation,villa-o,villa o,0,,,True,True,True,True,False
11293,streetAddress,pattern_violation,2120 Mckinney Ave,2120 McKinney Ave,0,,,True,False,True,True,False
11324,streetAddress,pattern_violation,3130 Lemmon Ave.,3130 Lemmon Ave,0,,,True,True,True,True,False
11338,name,pattern_violation,dodies new orleans seafood cafe,dodie's new orleans seafood cafe,0,,,True,True,True,True,False
11371,streetAddress,pattern_violation,3309 Mckinney Ave,3309 McKinney Ave,0,,,True,False,True,True,False
11379,name,pattern_violation,lovers pizza & pasta,lover's pizza & pasta,0,,,True,True,True,True,False
11387,name,pattern_violation,hibashi teppan grill sushi bar,hibashi teppan grill & sushi bar,0,,,True,True,True,True,False
11412,name,pattern_violation,thairrific,thai-rrific,0,,,True,True,True,True,False
11471,name,pattern_violation,opa!,opa,0,,,True,True,True,True,False
11486,name,pattern_violation,bill__ café,bill__ cafe,0,,,True,True,True,True,False
11492,name,pattern_violation,día de pesca,dia de pesca,0,,,True,True,True,True,False
11609,name,pattern_violation,sa-by thai cuisine,s a-by thai cuisine,0,,,True,True,True,True,False
11659,streetAddress,pattern_violation,834 Blossom Hill Rd.,834 Blossom Hill Rd,0,,,True,True,True,True,False
11685,name,pattern_violation,specialty__ cafe & bakery,specialty__ bakery & cafe,0,,,True,True,True,True,False
11774,streetAddress,pattern_violation,172 S. Market St.,172 S Market St,0,,,True,True,True,True,False
11779,name,pattern_violation,scotts seafood san jose,scott's seafood san jose,0,,,True,True,True,True,False
11861,name,pattern_violation,king eggroll,king egg roll,0,,,True,True,True,True,False
11882,streetAddress,pattern_violation,1205 the Alameda Ste 30,1205 The Alameda Ste 30,0,,,True,False,True,True,False
12002,streetAddress,pattern_violation,1000 El Paseo de Saratoga,1000 El Paseo De Saratoga,0,,,True,False,True,True,False
