row_id,column,error_type,error_value,right_value,missing_value,constraint,tuple_pairs,valid_key,table_difference,source_error_matches_dirty,source_right_matches_clean,annotation_orientation_fixed
190,sched_arr_time,rule_violation,4:52 p.m.,5:15 p.m.,0,"Constraint Violation: The flight of Row 90 is equal to the flight of Row 190, and The sched_arr_time of Row 90 is different from the sched_arr_time of Row 190.","(90, 190)",True,True,True,True,False
221,sched_arr_time,rule_violation,6:09 p.m.,6:40 p.m.,0,"Constraint Violation: The flight of Row 123 is equal to the flight of Row 221, and The sched_arr_time of Row 123 is different from the sched_arr_time of Row 221.","(123, 221)",True,True,True,True,False
948,sched_arr_time,rule_violation,6:09 p.m.,6:40 p.m.,0,"Constraint Violation: The flight of Row 123 is equal to the flight of Row 948, and The sched_arr_time of Row 123 is different from the sched_arr_time of Row 948.","(123, 948)",True,True,True,True,False
53,act_dep_time,rule_violation,8:48 a.m.,8:29 a.m.,0,"Constraint Violation: The flight of Row 53 is equal to the flight of Row 153, and The act_dep_time of Row 53 is different from the act_dep_time of Row 153.","(53, 153)",True,True,True,True,False
54,act_dep_time,rule_violation,9:00 a.m.,8:42 a.m.,0,"Constraint Violation: The flight of Row 54 is equal to the flight of Row 154, and The act_dep_time of Row 54 is different from the act_dep_time of Row 154.","(54, 154)",True,True,True,True,False
55,act_dep_time,rule_violation,7:59 p.m.,7:58 p.m.,0,"Constraint Violation: The flight of Row 1 is equal to the flight of Row 55, and The act_dep_time of Row 1 is different from the act_dep_time of Row 55.","(1, 55)",True,True,True,True,False
56,act_dep_time,rule_violation,3:50 p.m.,3:27 p.m.,0,"Constraint Violation: The flight of Row 56 is equal to the flight of Row 256, and The act_dep_time of Row 56 is different from the act_dep_time of Row 256.","(56, 256)",True,True,True,True,False
58,act_dep_time,rule_violation,11:41 a.m.,11:40 a.m.,0,"Constraint Violation: The flight of Row 45 is equal to the flight of Row 58, and The act_dep_time of Row 45 is different from the act_dep_time of Row 58.","(45, 58)",True,True,True,True,False
60,act_dep_time,rule_violation,11:29 p.m.,11:25 p.m.,0,"Constraint Violation: The flight of Row 5 is equal to the flight of Row 60, and The act_dep_time of Row 5 is different from the act_dep_time of Row 60.","(5, 60)",True,True,True,True,False
63,act_dep_time,rule_violation,4:10 p.m.,4:00 p.m.,0,"Constraint Violation: The flight of Row 63 is equal to the flight of Row 263, and The act_dep_time of Row 63 is different from the act_dep_time of Row 263.","(63, 263)",True,True,True,True,False
73,act_dep_time,rule_violation,3:04 p.m.,2:55 p.m.,0,"Constraint Violation: The flight of Row 73 is equal to the flight of Row 320, and The act_dep_time of Row 73 is different from the act_dep_time of Row 320.","(73, 320)",True,True,True,True,False
77,act_dep_time,rule_violation,11:45 a.m.,11:30 a.m.,0,"Constraint Violation: The flight of Row 77 is equal to the flight of Row 271, and The act_dep_time of Row 77 is different from the act_dep_time of Row 271.","(77, 271)",True,True,True,True,False
81,act_dep_time,rule_violation,2:03 p.m.,2:04 p.m.,0,"Constraint Violation: The flight of Row 14 is equal to the flight of Row 81, and The act_dep_time of Row 14 is different from the act_dep_time of Row 81.","(14, 81)",True,True,True,True,False
82,act_dep_time,rule_violation,8:07 a.m.,7:49 a.m.,0,"Constraint Violation: The flight of Row 82 is equal to the flight of Row 618, and The act_dep_time of Row 82 is different from the act_dep_time of Row 618.","(82, 618)",True,True,True,True,False
83,act_dep_time,rule_violation,12:56 p.m.,12:35 p.m.,0,"Constraint Violation: The flight of Row 83 is equal to the flight of Row 571, and The act_dep_time of Row 83 is different from the act_dep_time of Row 571.","(83, 571)",True,True,True,True,False
84,act_dep_time,rule_violation,12:14 p.m.,12:13 p.m.,0,"Constraint Violation: The flight of Row 16 is equal to the flight of Row 84, and The act_dep_time of Row 16 is different from the act_dep_time of Row 84.","(16, 84)",True,True,True,True,False
85,act_dep_time,rule_violation,2:43 p.m.,2:26 p.m.,0,"Constraint Violation: The flight of Row 85 is equal to the flight of Row 307, and The act_dep_time of Row 85 is different from the act_dep_time of Row 307.","(85, 307)",True,True,True,True,False
86,act_dep_time,rule_violation,12:07 p.m.,3:11 a.m.,0,"Constraint Violation: The flight of Row 86 is equal to the flight of Row 186, and The act_dep_time of Row 86 is different from the act_dep_time of Row 186.","(86, 186)",True,True,True,True,False
90,act_dep_time,rule_violation,1:43 p.m.,1:32 p.m.,0,"Constraint Violation: The flight of Row 90 is equal to the flight of Row 190, and The act_dep_time of Row 90 is different from the act_dep_time of Row 190.","(90, 190)",True,True,True,True,False
93,act_dep_time,rule_violation,6:47 p.m.,6:30 p.m.,0,"Constraint Violation: The flight of Row 2 is equal to the flight of Row 93, and The act_dep_time of Row 2 is different from the act_dep_time of Row 93.","(2, 93)",True,True,True,True,False
94,act_dep_time,rule_violation,6:56 p.m.,6:55 p.m.,0,"Constraint Violation: The flight of Row 23 is equal to the flight of Row 94, and The act_dep_time of Row 23 is different from the act_dep_time of Row 94.","(23, 94)",True,True,True,True,False
99,act_dep_time,rule_violation,6:57 a.m.,6:56 a.m.,0,"Constraint Violation: The flight of Row 25 is equal to the flight of Row 99, and The act_dep_time of Row 25 is different from the act_dep_time of Row 99.","(25, 99)",True,True,True,True,False
101,act_dep_time,rule_violation,5:09 p.m.,5:08 p.m.,0,"Constraint Violation: The flight of Row 27 is equal to the flight of Row 101, and The act_dep_time of Row 27 is different from the act_dep_time of Row 101.","(27, 101)",True,True,True,True,False
103,act_dep_time,rule_violation,4:44 p.m.,4:28 p.m.,0,"Constraint Violation: The flight of Row 103 is equal to the flight of Row 201, and The act_dep_time of Row 103 is different from the act_dep_time of Row 201.","(103, 201)",True,True,True,True,False
104,act_dep_time,rule_violation,4:37 p.m.,4:15 p.m.,0,"Constraint Violation: The flight of Row 104 is equal to the flight of Row 295, and The act_dep_time of Row 104 is different from the act_dep_time of Row 295.","(104, 295)",True,True,True,True,False
109,act_dep_time,rule_violation,1:48 p.m.,1:31 p.m.,0,"Constraint Violation: The flight of Row 109 is equal to the flight of Row 300, and The act_dep_time of Row 109 is different from the act_dep_time of Row 300.","(109, 300)",True,True,True,True,False
110,act_dep_time,rule_violation,12:42 p.m.,12:41 p.m.,0,"Constraint Violation: The flight of Row 4 is equal to the flight of Row 110, and The act_dep_time of Row 4 is different from the act_dep_time of Row 110.","(4, 110)",True,True,True,True,False
114,act_dep_time,rule_violation,9:06 p.m.,9:00 p.m.,0,"Constraint Violation: The flight of Row 32 is equal to the flight of Row 114, and The act_dep_time of Row 32 is different from the act_dep_time of Row 114.","(32, 114)",True,True,True,True,False
117,act_dep_time,rule_violation,8:52 a.m.,8:51 a.m.,0,"Constraint Violation: The flight of Row 35 is equal to the flight of Row 117, and The act_dep_time of Row 35 is different from the act_dep_time of Row 117.","(35, 117)",True,True,True,True,False
118,act_dep_time,rule_violation,8:37 a.m.,8:26 a.m.,0,"Constraint Violation: The flight of Row 118 is equal to the flight of Row 308, and The act_dep_time of Row 118 is different from the act_dep_time of Row 308.","(118, 308)",True,True,True,True,False
119,act_dep_time,rule_violation,1:41 p.m.,1:30 p.m.,0,"Constraint Violation: The flight of Row 36 is equal to the flight of Row 119, and The act_dep_time of Row 36 is different from the act_dep_time of Row 119.","(36, 119)",True,True,True,True,False
123,act_dep_time,rule_violation,5:38 p.m.,5:30 p.m.,0,"Constraint Violation: The flight of Row 123 is equal to the flight of Row 221, and The act_dep_time of Row 123 is different from the act_dep_time of Row 221.","(123, 221)",True,True,True,True,False
126,act_dep_time,rule_violation,8:40 p.m.,8:39 p.m.,0,"Constraint Violation: The flight of Row 37 is equal to the flight of Row 126, and The act_dep_time of Row 37 is different from the act_dep_time of Row 126.","(37, 126)",True,True,True,True,False
127,act_dep_time,rule_violation,3:04 p.m.,2:55 p.m.,0,"Constraint Violation: The flight of Row 127 is equal to the flight of Row 315, and The act_dep_time of Row 127 is different from the act_dep_time of Row 315.","(127, 315)",True,True,True,True,False
137,act_dep_time,rule_violation,8:55 a.m.,8:56 a.m.,0,"Constraint Violation: The flight of Row 43 is equal to the flight of Row 137, and The act_dep_time of Row 43 is different from the act_dep_time of Row 137.","(43, 137)",True,True,True,True,False
138,act_dep_time,rule_violation,3:38 p.m.,3:36 p.m.,0,"Constraint Violation: The flight of Row 44 is equal to the flight of Row 138, and The act_dep_time of Row 44 is different from the act_dep_time of Row 138.","(44, 138)",True,True,True,True,False
145,act_dep_time,rule_violation,6:58 a.m.,6:57 a.m.,0,"Constraint Violation: The flight of Row 18 is equal to the flight of Row 145, and The act_dep_time of Row 18 is different from the act_dep_time of Row 145.","(18, 145)",True,True,True,True,False
151,act_dep_time,rule_violation,7:42 p.m.,7:14 p.m.,0,"Constraint Violation: The flight of Row 51 is equal to the flight of Row 151, and The act_dep_time of Row 51 is different from the act_dep_time of Row 151.","(51, 151)",True,True,True,True,False
153,act_dep_time,rule_violation,8:49 a.m.,8:29 a.m.,0,"Constraint Violation: The flight of Row 53 is equal to the flight of Row 153, and The act_dep_time of Row 53 is different from the act_dep_time of Row 153.","(53, 153)",True,True,True,True,False
155,act_dep_time,rule_violation,7:59 p.m.,7:58 p.m.,0,"Constraint Violation: The flight of Row 1 is equal to the flight of Row 155, and The act_dep_time of Row 1 is different from the act_dep_time of Row 155.","(1, 155)",True,True,True,True,False
157,act_dep_time,rule_violation,3:50 p.m.,3:27 p.m.,0,"Constraint Violation: The flight of Row 157 is equal to the flight of Row 256, and The act_dep_time of Row 157 is different from the act_dep_time of Row 256.","(157, 256)",True,True,True,True,False
158,act_dep_time,rule_violation,12:37 p.m.,11:32 a.m.,0,"Constraint Violation: The flight of Row 57 is equal to the flight of Row 158, and The act_dep_time of Row 57 is different from the act_dep_time of Row 158.","(57, 158)",True,True,True,True,False
163,act_dep_time,rule_violation,4:10 p.m.,4:00 p.m.,0,"Constraint Violation: The flight of Row 163 is equal to the flight of Row 263, and The act_dep_time of Row 163 is different from the act_dep_time of Row 263.","(163, 263)",True,True,True,True,False
164,act_dep_time,rule_violation,7:56 a.m.,7:29 a.m.,0,"Constraint Violation: The flight of Row 64 is equal to the flight of Row 164, and The act_dep_time of Row 64 is different from the act_dep_time of Row 164.","(64, 164)",True,True,True,True,False
167,act_dep_time,rule_violation,8:26 a.m.,8:12 a.m.,0,"Constraint Violation: The flight of Row 167 is equal to the flight of Row 266, and The act_dep_time of Row 167 is different from the act_dep_time of Row 266.","(167, 266)",True,True,True,True,False
169,act_dep_time,rule_violation,4:30 p.m.,4:29 p.m.,0,"Constraint Violation: The flight of Row 7 is equal to the flight of Row 169, and The act_dep_time of Row 7 is different from the act_dep_time of Row 169.","(7, 169)",True,True,True,True,False
171,act_dep_time,rule_violation,2:59 p.m.,2:48 p.m.,0,"Constraint Violation: The flight of Row 71 is equal to the flight of Row 171, and The act_dep_time of Row 71 is different from the act_dep_time of Row 171.","(71, 171)",True,True,True,True,False
172,act_dep_time,rule_violation,8:18 a.m.,8:00 a.m.,0,"Constraint Violation: The flight of Row 72 is equal to the flight of Row 172, and The act_dep_time of Row 72 is different from the act_dep_time of Row 172.","(72, 172)",True,True,True,True,False
173,act_dep_time,rule_violation,3:04 p.m.,2:55 p.m.,0,"Constraint Violation: The flight of Row 173 is equal to the flight of Row 320, and The act_dep_time of Row 173 is different from the act_dep_time of Row 320.","(173, 320)",True,True,True,True,False
175,act_dep_time,rule_violation,12:06 p.m.,11:56 a.m.,0,"Constraint Violation: The flight of Row 75 is equal to the flight of Row 175, and The act_dep_time of Row 75 is different from the act_dep_time of Row 175.","(75, 175)",True,True,True,True,False
177,act_dep_time,rule_violation,11:45 a.m.,11:30 a.m.,0,"Constraint Violation: The flight of Row 177 is equal to the flight of Row 271, and The act_dep_time of Row 177 is different from the act_dep_time of Row 271.","(177, 271)",True,True,True,True,False
182,act_dep_time,rule_violation,8:07 a.m.,7:49 a.m.,0,"Constraint Violation: The flight of Row 182 is equal to the flight of Row 618, and The act_dep_time of Row 182 is different from the act_dep_time of Row 618.","(182, 618)",True,True,True,True,False
183,act_dep_time,rule_violation,12:56 p.m.,12:35 p.m.,0,"Constraint Violation: The flight of Row 183 is equal to the flight of Row 571, and The act_dep_time of Row 183 is different from the act_dep_time of Row 571.","(183, 571)",True,True,True,True,False
184,act_dep_time,rule_violation,12:14 p.m.,12:13 p.m.,0,"Constraint Violation: The flight of Row 16 is equal to the flight of Row 184, and The act_dep_time of Row 16 is different from the act_dep_time of Row 184.","(16, 184)",True,True,True,True,False
185,act_dep_time,rule_violation,2:43 p.m.,2:26 p.m.,0,"Constraint Violation: The flight of Row 185 is equal to the flight of Row 307, and The act_dep_time of Row 185 is different from the act_dep_time of Row 307.","(185, 307)",True,True,True,True,False
186,act_dep_time,rule_violation,12:08 p.m.,3:11 a.m.,0,"Constraint Violation: The flight of Row 86 is equal to the flight of Row 186, and The act_dep_time of Row 86 is different from the act_dep_time of Row 186.","(86, 186)",True,True,True,True,False
187,act_dep_time,rule_violation,5:38 p.m.,5:22 p.m.,0,"Constraint Violation: The flight of Row 87 is equal to the flight of Row 187, and The act_dep_time of Row 87 is different from the act_dep_time of Row 187.","(87, 187)",True,True,True,True,False
188,act_dep_time,rule_violation,8:36 p.m.,8:25 p.m.,0,"Constraint Violation: The flight of Row 88 is equal to the flight of Row 188, and The act_dep_time of Row 88 is different from the act_dep_time of Row 188.","(88, 188)",True,True,True,True,False
194,act_dep_time,rule_violation,6:56 p.m.,6:55 p.m.,0,"Constraint Violation: The flight of Row 23 is equal to the flight of Row 194, and The act_dep_time of Row 23 is different from the act_dep_time of Row 194.","(23, 194)",True,True,True,True,False
196,act_dep_time,rule_violation,2:38 p.m.,2:10 p.m.,0,"Constraint Violation: The flight of Row 97 is equal to the flight of Row 196, and The act_dep_time of Row 97 is different from the act_dep_time of Row 196.","(97, 196)",True,True,True,True,False
197,act_dep_time,rule_violation,9:58 a.m.,9:14 a.m.,0,"Constraint Violation: The flight of Row 98 is equal to the flight of Row 197, and The act_dep_time of Row 98 is different from the act_dep_time of Row 197.","(98, 197)",True,True,True,True,False
198,act_dep_time,rule_violation,6:57 a.m.,6:56 a.m.,0,"Constraint Violation: The flight of Row 25 is equal to the flight of Row 198, and The act_dep_time of Row 25 is different from the act_dep_time of Row 198.","(25, 198)",True,True,True,True,False
200,act_dep_time,rule_violation,5:09 p.m.,5:08 p.m.,0,"Constraint Violation: The flight of Row 27 is equal to the flight of Row 200, and The act_dep_time of Row 27 is different from the act_dep_time of Row 200.","(27, 200)",True,True,True,True,False
201,act_dep_time,rule_violation,4:46 p.m.,4:28 p.m.,0,"Constraint Violation: The flight of Row 103 is equal to the flight of Row 201, and The act_dep_time of Row 103 is different from the act_dep_time of Row 201.","(103, 201)",True,True,True,True,False
202,act_dep_time,rule_violation,4:37 p.m.,4:15 p.m.,0,"Constraint Violation: The flight of Row 202 is equal to the flight of Row 295, and The act_dep_time of Row 202 is different from the act_dep_time of Row 295.","(202, 295)",True,True,True,True,False
207,act_dep_time,rule_violation,1:48 p.m.,1:31 p.m.,0,"Constraint Violation: The flight of Row 207 is equal to the flight of Row 300, and The act_dep_time of Row 207 is different from the act_dep_time of Row 300.","(207, 300)",True,True,True,True,False
208,act_dep_time,rule_violation,12:42 p.m.,12:41 p.m.,0,"Constraint Violation: The flight of Row 4 is equal to the flight of Row 208, and The act_dep_time of Row 4 is different from the act_dep_time of Row 208.","(4, 208)",True,True,True,True,False
215,act_dep_time,rule_violation,8:52 a.m.,8:51 a.m.,0,"Constraint Violation: The flight of Row 35 is equal to the flight of Row 215, and The act_dep_time of Row 35 is different from the act_dep_time of Row 215.","(35, 215)",True,True,True,True,False
216,act_dep_time,rule_violation,8:37 a.m.,8:26 a.m.,0,"Constraint Violation: The flight of Row 216 is equal to the flight of Row 308, and The act_dep_time of Row 216 is different from the act_dep_time of Row 308.","(216, 308)",True,True,True,True,False
218,act_dep_time,rule_violation,3:17 p.m.,3:01 p.m.,0,"Constraint Violation: The flight of Row 120 is equal to the flight of Row 218, and The act_dep_time of Row 120 is different from the act_dep_time of Row 218.","(120, 218)",True,True,True,True,False
224,act_dep_time,rule_violation,8:40 p.m.,8:39 p.m.,0,"Constraint Violation: The flight of Row 37 is equal to the flight of Row 224, and The act_dep_time of Row 37 is different from the act_dep_time of Row 224.","(37, 224)",True,True,True,True,False
225,act_dep_time,rule_violation,3:04 p.m.,2:55 p.m.,0,"Constraint Violation: The flight of Row 225 is equal to the flight of Row 315, and The act_dep_time of Row 225 is different from the act_dep_time of Row 315.","(225, 315)",True,True,True,True,False
226,act_dep_time,rule_violation,2:59 p.m.,2:48 p.m.,0,"Constraint Violation: The flight of Row 128 is equal to the flight of Row 226, and The act_dep_time of Row 128 is different from the act_dep_time of Row 226.","(128, 226)",True,True,True,True,False
227,act_dep_time,rule_violation,9:43 a.m.,9:16 a.m.,0,"Constraint Violation: The flight of Row 129 is equal to the flight of Row 227, and The act_dep_time of Row 129 is different from the act_dep_time of Row 227.","(129, 227)",True,True,True,True,False
232,act_dep_time,rule_violation,8:05 a.m.,8:04 a.m.,0,"Constraint Violation: The flight of Row 11 is equal to the flight of Row 232, and The act_dep_time of Row 11 is different from the act_dep_time of Row 232.","(11, 232)",True,True,True,True,False
233,act_dep_time,rule_violation,9:05 a.m.,8:52 a.m.,0,"Constraint Violation: The flight of Row 135 is equal to the flight of Row 233, and The act_dep_time of Row 135 is different from the act_dep_time of Row 233.","(135, 233)",True,True,True,True,False
236,act_dep_time,rule_violation,3:38 p.m.,3:36 p.m.,0,"Constraint Violation: The flight of Row 44 is equal to the flight of Row 236, and The act_dep_time of Row 44 is different from the act_dep_time of Row 236.","(44, 236)",True,True,True,True,False
238,act_dep_time,rule_violation,11:41 a.m.,11:40 a.m.,0,"Constraint Violation: The flight of Row 45 is equal to the flight of Row 238, and The act_dep_time of Row 45 is different from the act_dep_time of Row 238.","(45, 238)",True,True,True,True,False
242,act_dep_time,rule_violation,4:02 p.m.,3:31 p.m.,0,"Constraint Violation: The flight of Row 142 is equal to the flight of Row 242, and The act_dep_time of Row 142 is different from the act_dep_time of Row 242.","(142, 242)",True,True,True,True,False
245,act_dep_time,rule_violation,6:58 a.m.,6:57 a.m.,0,"Constraint Violation: The flight of Row 18 is equal to the flight of Row 245, and The act_dep_time of Row 18 is different from the act_dep_time of Row 245.","(18, 245)",True,True,True,True,False
246,act_dep_time,rule_violation,4:15 p.m.,3:58 p.m.,0,"Constraint Violation: The flight of Row 146 is equal to the flight of Row 246, and The act_dep_time of Row 146 is different from the act_dep_time of Row 246.","(146, 246)",True,True,True,True,False
252,act_dep_time,rule_violation,8:49 a.m.,8:29 a.m.,0,"Constraint Violation: The flight of Row 53 is equal to the flight of Row 252, and The act_dep_time of Row 53 is different from the act_dep_time of Row 252.","(53, 252)",True,True,True,True,False
255,act_dep_time,rule_violation,6:56 p.m.,6:30 p.m.,0,"Constraint Violation: The flight of Row 2 is equal to the flight of Row 255, and The act_dep_time of Row 2 is different from the act_dep_time of Row 255.","(2, 255)",True,True,True,True,False
260,act_dep_time,rule_violation,11:58 p.m.,11:25 p.m.,0,"Constraint Violation: The flight of Row 5 is equal to the flight of Row 260, and The act_dep_time of Row 5 is different from the act_dep_time of Row 260.","(5, 260)",True,True,True,True,False
302,act_dep_time,rule_violation,4:30 p.m.,4:25 p.m.,0,"Constraint Violation: The flight of Row 113 is equal to the flight of Row 302, and The act_dep_time of Row 113 is different from the act_dep_time of Row 302.","(113, 302)",True,True,True,True,False
304,act_dep_time,rule_violation,8:44 p.m.,8:25 p.m.,0,"Constraint Violation: The flight of Row 33 is equal to the flight of Row 304, and The act_dep_time of Row 33 is different from the act_dep_time of Row 304.","(33, 304)",True,True,True,True,False
306,act_dep_time,rule_violation,8:52 a.m.,8:51 a.m.,0,"Constraint Violation: The flight of Row 35 is equal to the flight of Row 306, and The act_dep_time of Row 35 is different from the act_dep_time of Row 306.","(35, 306)",True,True,True,True,False
325,act_dep_time,rule_violation,8:07 a.m.,7:49 a.m.,0,"Constraint Violation: The flight of Row 325 is equal to the flight of Row 618, and The act_dep_time of Row 325 is different from the act_dep_time of Row 618.","(325, 618)",True,True,True,True,False
332,act_dep_time,rule_violation,6:58 a.m.,6:57 a.m.,0,"Constraint Violation: The flight of Row 18 is equal to the flight of Row 332, and The act_dep_time of Row 18 is different from the act_dep_time of Row 332.","(18, 332)",True,True,True,True,False
340,act_dep_time,rule_violation,8:48 a.m.,8:29 a.m.,0,"Constraint Violation: The flight of Row 153 is equal to the flight of Row 340, and The act_dep_time of Row 153 is different from the act_dep_time of Row 340.","(153, 340)",True,True,True,True,False
341,act_dep_time,rule_violation,9:00 a.m.,8:42 a.m.,0,"Constraint Violation: The flight of Row 154 is equal to the flight of Row 341, and The act_dep_time of Row 154 is different from the act_dep_time of Row 341.","(154, 341)",True,True,True,True,False
342,act_dep_time,rule_violation,7:59 p.m.,7:58 p.m.,0,"Constraint Violation: The flight of Row 1 is equal to the flight of Row 342, and The act_dep_time of Row 1 is different from the act_dep_time of Row 342.","(1, 342)",True,True,True,True,False
343,act_dep_time,rule_violation,3:50 p.m.,3:27 p.m.,0,"Constraint Violation: The flight of Row 256 is equal to the flight of Row 343, and The act_dep_time of Row 256 is different from the act_dep_time of Row 343.","(256, 343)",True,True,True,True,False
345,act_dep_time,rule_violation,11:41 a.m.,11:40 a.m.,0,"Constraint Violation: The flight of Row 45 is equal to the flight of Row 345, and The act_dep_time of Row 45 is different from the act_dep_time of Row 345.","(45, 345)",True,True,True,True,False
347,act_dep_time,rule_violation,11:29 p.m.,11:25 p.m.,0,"Constraint Violation: The flight of Row 5 is equal to the flight of Row 347, and The act_dep_time of Row 5 is different from the act_dep_time of Row 347.","(5, 347)",True,True,True,True,False
350,act_dep_time,rule_violation,4:10 p.m.,4:00 p.m.,0,"Constraint Violation: The flight of Row 263 is equal to the flight of Row 350, and The act_dep_time of Row 263 is different from the act_dep_time of Row 350.","(263, 350)",True,True,True,True,False
360,act_dep_time,rule_violation,3:04 p.m.,2:55 p.m.,0,"Constraint Violation: The flight of Row 320 is equal to the flight of Row 360, and The act_dep_time of Row 320 is different from the act_dep_time of Row 360.","(320, 360)",True,True,True,True,False
364,act_dep_time,rule_violation,11:45 a.m.,11:30 a.m.,0,"Constraint Violation: The flight of Row 271 is equal to the flight of Row 364, and The act_dep_time of Row 271 is different from the act_dep_time of Row 364.","(271, 364)",True,True,True,True,False
368,act_dep_time,rule_violation,2:03 p.m.,2:04 p.m.,0,"Constraint Violation: The flight of Row 14 is equal to the flight of Row 368, and The act_dep_time of Row 14 is different from the act_dep_time of Row 368.","(14, 368)",True,True,True,True,False
369,act_dep_time,rule_violation,8:07 a.m.,7:49 a.m.,0,"Constraint Violation: The flight of Row 369 is equal to the flight of Row 618, and The act_dep_time of Row 369 is different from the act_dep_time of Row 618.","(369, 618)",True,True,True,True,False
370,act_dep_time,rule_violation,12:56 p.m.,12:35 p.m.,0,"Constraint Violation: The flight of Row 370 is equal to the flight of Row 571, and The act_dep_time of Row 370 is different from the act_dep_time of Row 571.","(370, 571)",True,True,True,True,False
371,act_dep_time,rule_violation,12:14 p.m.,12:13 p.m.,0,"Constraint Violation: The flight of Row 16 is equal to the flight of Row 371, and The act_dep_time of Row 16 is different from the act_dep_time of Row 371.","(16, 371)",True,True,True,True,False
372,act_dep_time,rule_violation,2:43 p.m.,2:26 p.m.,0,"Constraint Violation: The flight of Row 307 is equal to the flight of Row 372, and The act_dep_time of Row 307 is different from the act_dep_time of Row 372.","(307, 372)",True,True,True,True,False
373,act_dep_time,rule_violation,12:07 p.m.,3:11 a.m.,0,"Constraint Violation: The flight of Row 186 is equal to the flight of Row 373, and The act_dep_time of Row 186 is different from the act_dep_time of Row 373.","(186, 373)",True,True,True,True,False
377,act_dep_time,rule_violation,1:43 p.m.,1:32 p.m.,0,"Constraint Violation: The flight of Row 190 is equal to the flight of Row 377, and The act_dep_time of Row 190 is different from the act_dep_time of Row 377.","(190, 377)",True,True,True,True,False
380,act_dep_time,rule_violation,6:47 p.m.,6:30 p.m.,0,"Constraint Violation: The flight of Row 2 is equal to the flight of Row 380, and The act_dep_time of Row 2 is different from the act_dep_time of Row 380.","(2, 380)",True,True,True,True,False
381,act_dep_time,rule_violation,6:56 p.m.,6:55 p.m.,0,"Constraint Violation: The flight of Row 23 is equal to the flight of Row 381, and The act_dep_time of Row 23 is different from the act_dep_time of Row 381.","(23, 381)",True,True,True,True,False
386,act_dep_time,rule_violation,6:57 a.m.,6:56 a.m.,0,"Constraint Violation: The flight of Row 25 is equal to the flight of Row 386, and The act_dep_time of Row 25 is different from the act_dep_time of Row 386.","(25, 386)",True,True,True,True,False
388,act_dep_time,rule_violation,5:09 p.m.,5:08 p.m.,0,"Constraint Violation: The flight of Row 27 is equal to the flight of Row 388, and The act_dep_time of Row 27 is different from the act_dep_time of Row 388.","(27, 388)",True,True,True,True,False
390,act_dep_time,rule_violation,4:44 p.m.,4:28 p.m.,0,"Constraint Violation: The flight of Row 201 is equal to the flight of Row 390, and The act_dep_time of Row 201 is different from the act_dep_time of Row 390.","(201, 390)",True,True,True,True,False
391,act_dep_time,rule_violation,4:37 p.m.,4:15 p.m.,0,"Constraint Violation: The flight of Row 295 is equal to the flight of Row 391, and The act_dep_time of Row 295 is different from the act_dep_time of Row 391.","(295, 391)",True,True,True,True,False
396,act_dep_time,rule_violation,1:48 p.m.,1:31 p.m.,0,"Constraint Violation: The flight of Row 300 is equal to the flight of Row 396, and The act_dep_time of Row 300 is different from the act_dep_time of Row 396.","(300, 396)",True,True,True,True,False
397,act_dep_time,rule_violation,12:42 p.m.,12:41 p.m.,0,"Constraint Violation: The flight of Row 4 is equal to the flight of Row 397, and The act_dep_time of Row 4 is different from the act_dep_time of Row 397.","(4, 397)",True,True,True,True,False
401,act_dep_time,rule_violation,9:06 p.m.,9:00 p.m.,0,"Constraint Violation: The flight of Row 32 is equal to the flight of Row 401, and The act_dep_time of Row 32 is different from the act_dep_time of Row 401.","(32, 401)",True,True,True,True,False
404,act_dep_time,rule_violation,8:52 a.m.,8:51 a.m.,0,"Constraint Violation: The flight of Row 35 is equal to the flight of Row 404, and The act_dep_time of Row 35 is different from the act_dep_time of Row 404.","(35, 404)",True,True,True,True,False
405,act_dep_time,rule_violation,8:37 a.m.,8:26 a.m.,0,"Constraint Violation: The flight of Row 308 is equal to the flight of Row 405, and The act_dep_time of Row 308 is different from the act_dep_time of Row 405.","(308, 405)",True,True,True,True,False
406,act_dep_time,rule_violation,1:41 p.m.,1:30 p.m.,0,"Constraint Violation: The flight of Row 36 is equal to the flight of Row 406, and The act_dep_time of Row 36 is different from the act_dep_time of Row 406.","(36, 406)",True,True,True,True,False
410,act_dep_time,rule_violation,5:38 p.m.,5:30 p.m.,0,"Constraint Violation: The flight of Row 221 is equal to the flight of Row 410, and The act_dep_time of Row 221 is different from the act_dep_time of Row 410.","(221, 410)",True,True,True,True,False
413,act_dep_time,rule_violation,8:40 p.m.,8:39 p.m.,0,"Constraint Violation: The flight of Row 37 is equal to the flight of Row 413, and The act_dep_time of Row 37 is different from the act_dep_time of Row 413.","(37, 413)",True,True,True,True,False
414,act_dep_time,rule_violation,3:04 p.m.,2:55 p.m.,0,"Constraint Violation: The flight of Row 315 is equal to the flight of Row 414, and The act_dep_time of Row 315 is different from the act_dep_time of Row 414.","(315, 414)",True,True,True,True,False
424,act_dep_time,rule_violation,8:55 a.m.,8:56 a.m.,0,"Constraint Violation: The flight of Row 43 is equal to the flight of Row 424, and The act_dep_time of Row 43 is different from the act_dep_time of Row 424.","(43, 424)",True,True,True,True,False
425,act_dep_time,rule_violation,3:38 p.m.,3:36 p.m.,0,"Constraint Violation: The flight of Row 44 is equal to the flight of Row 425, and The act_dep_time of Row 44 is different from the act_dep_time of Row 425.","(44, 425)",True,True,True,True,False
432,act_dep_time,rule_violation,6:58 a.m.,6:57 a.m.,0,"Constraint Violation: The flight of Row 18 is equal to the flight of Row 432, and The act_dep_time of Row 18 is different from the act_dep_time of Row 432.","(18, 432)",True,True,True,True,False
438,act_dep_time,rule_violation,7:42 p.m.,7:14 p.m.,0,"Constraint Violation: The flight of Row 51 is equal to the flight of Row 438, and The act_dep_time of Row 51 is different from the act_dep_time of Row 438.","(51, 438)",True,True,True,True,False
440,act_dep_time,rule_violation,8:49 a.m.,8:29 a.m.,0,"Constraint Violation: The flight of Row 53 is equal to the flight of Row 440, and The act_dep_time of Row 53 is different from the act_dep_time of Row 440.","(53, 440)",True,True,True,True,False
442,act_dep_time,rule_violation,7:59 p.m.,7:58 p.m.,0,"Constraint Violation: The flight of Row 1 is equal to the flight of Row 442, and The act_dep_time of Row 1 is different from the act_dep_time of Row 442.","(1, 442)",True,True,True,True,False
444,act_dep_time,rule_violation,3:50 p.m.,3:27 p.m.,0,"Constraint Violation: The flight of Row 256 is equal to the flight of Row 444, and The act_dep_time of Row 256 is different from the act_dep_time of Row 444.","(256, 444)",True,True,True,True,False
445,act_dep_time,rule_violation,12:37 p.m.,11:32 a.m.,0,"Constraint Violation: The flight of Row 57 is equal to the flight of Row 445, and The act_dep_time of Row 57 is different from the act_dep_time of Row 445.","(57, 445)",True,True,True,True,False
450,act_dep_time,rule_violation,4:10 p.m.,4:00 p.m.,0,"Constraint Violation: The flight of Row 263 is equal to the flight of Row 450, and The act_dep_time of Row 263 is different from the act_dep_time of Row 450.","(263, 450)",True,True,True,True,False
451,act_dep_time,rule_violation,7:56 a.m.,7:29 a.m.,0,"Constraint Violation: The flight of Row 64 is equal to the flight of Row 451, and The act_dep_time of Row 64 is different from the act_dep_time of Row 451.","(64, 451)",True,True,True,True,False
456,act_dep_time,rule_violation,4:30 p.m.,4:29 p.m.,0,"Constraint Violation: The flight of Row 7 is equal to the flight of Row 456, and The act_dep_time of Row 7 is different from the act_dep_time of Row 456.","(7, 456)",True,True,True,True,False
458,act_dep_time,rule_violation,2:59 p.m.,2:48 p.m.,0,"Constraint Violation: The flight of Row 71 is equal to the flight of Row 458, and The act_dep_time of Row 71 is different from the act_dep_time of Row 458.","(71, 458)",True,True,True,True,False
459,act_dep_time,rule_violation,8:18 a.m.,8:00 a.m.,0,"Constraint Violation: The flight of Row 72 is equal to the flight of Row 459, and The act_dep_time of Row 72 is different from the act_dep_time of Row 459.","(72, 459)",True,True,True,True,False
460,act_dep_time,rule_violation,3:04 p.m.,2:55 p.m.,0,"Constraint Violation: The flight of Row 320 is equal to the flight of Row 460, and The act_dep_time of Row 320 is different from the act_dep_time of Row 460.","(320, 460)",True,True,True,True,False
462,act_dep_time,rule_violation,12:06 p.m.,11:56 a.m.,0,"Constraint Violation: The flight of Row 75 is equal to the flight of Row 462, and The act_dep_time of Row 75 is different from the act_dep_time of Row 462.","(75, 462)",True,True,True,True,False
464,act_dep_time,rule_violation,11:45 a.m.,11:30 a.m.,0,"Constraint Violation: The flight of Row 271 is equal to the flight of Row 464, and The act_dep_time of Row 271 is different from the act_dep_time of Row 464.","(271, 464)",True,True,True,True,False
469,act_dep_time,rule_violation,8:07 a.m.,7:49 a.m.,0,"Constraint Violation: The flight of Row 469 is equal to the flight of Row 618, and The act_dep_time of Row 469 is different from the act_dep_time of Row 618.","(469, 618)",True,True,True,True,False
470,act_dep_time,rule_violation,12:56 p.m.,12:35 p.m.,0,"Constraint Violation: The flight of Row 470 is equal to the flight of Row 571, and The act_dep_time of Row 470 is different from the act_dep_time of Row 571.","(470, 571)",True,True,True,True,False
471,act_dep_time,rule_violation,12:14 p.m.,12:13 p.m.,0,"Constraint Violation: The flight of Row 16 is equal to the flight of Row 471, and The act_dep_time of Row 16 is different from the act_dep_time of Row 471.","(16, 471)",True,True,True,True,False
472,act_dep_time,rule_violation,2:43 p.m.,2:26 p.m.,0,"Constraint Violation: The flight of Row 307 is equal to the flight of Row 472, and The act_dep_time of Row 307 is different from the act_dep_time of Row 472.","(307, 472)",True,True,True,True,False
473,act_dep_time,rule_violation,12:08 p.m.,3:11 a.m.,0,"Constraint Violation: The flight of Row 86 is equal to the flight of Row 473, and The act_dep_time of Row 86 is different from the act_dep_time of Row 473.","(86, 473)",True,True,True,True,False
474,act_dep_time,rule_violation,5:38 p.m.,5:22 p.m.,0,"Constraint Violation: The flight of Row 87 is equal to the flight of Row 474, and The act_dep_time of Row 87 is different from the act_dep_time of Row 474.","(87, 474)",True,True,True,True,False
475,act_dep_time,rule_violation,8:36 p.m.,8:25 p.m.,0,"Constraint Violation: The flight of Row 88 is equal to the flight of Row 475, and The act_dep_time of Row 88 is different from the act_dep_time of Row 475.","(88, 475)",True,True,True,True,False
477,act_dep_time,rule_violation,1:43 p.m.,1:32 p.m.,0,"Constraint Violation: The flight of Row 190 is equal to the flight of Row 477, and The act_dep_time of Row 190 is different from the act_dep_time of Row 477.","(190, 477)",True,True,True,True,False
481,act_dep_time,rule_violation,6:56 p.m.,6:55 p.m.,0,"Constraint Violation: The flight of Row 23 is equal to the flight of Row 481, and The act_dep_time of Row 23 is different from the act_dep_time of Row 481.","(23, 481)",True,True,True,True,False
483,act_dep_time,rule_violation,2:38 p.m.,2:10 p.m.,0,"Constraint Violation: The flight of Row 97 is equal to the flight of Row 483, and The act_dep_time of Row 97 is different from the act_dep_time of Row 483.","(97, 483)",True,True,True,True,False
484,act_dep_time,rule_violation,9:58 a.m.,9:14 a.m.,0,"Constraint Violation: The flight of Row 98 is equal to the flight of Row 484, and The act_dep_time of Row 98 is different from the act_dep_time of Row 484.","(98, 484)",True,True,True,True,False
485,act_dep_time,rule_violation,6:57 a.m.,6:56 a.m.,0,"Constraint Violation: The flight of Row 25 is equal to the flight of Row 485, and The act_dep_time of Row 25 is different from the act_dep_time of Row 485.","(25, 485)",True,True,True,True,False
487,act_dep_time,rule_violation,5:09 p.m.,5:08 p.m.,0,"Constraint Violation: The flight of Row 27 is equal to the flight of Row 487, and The act_dep_time of Row 27 is different from the act_dep_time of Row 487.","(27, 487)",True,True,True,True,False
488,act_dep_time,rule_violation,4:46 p.m.,4:28 p.m.,0,"Constraint Violation: The flight of Row 103 is equal to the flight of Row 488, and The act_dep_time of Row 103 is different from the act_dep_time of Row 488.","(103, 488)",True,True,True,True,False
489,act_dep_time,rule_violation,4:37 p.m.,4:15 p.m.,0,"Constraint Violation: The flight of Row 295 is equal to the flight of Row 489, and The act_dep_time of Row 295 is different from the act_dep_time of Row 489.","(295, 489)",True,True,True,True,False
494,act_dep_time,rule_violation,1:48 p.m.,1:31 p.m.,0,"Constraint Violation: The flight of Row 300 is equal to the flight of Row 494, and The act_dep_time of Row 300 is different from the act_dep_time of Row 494.","(300, 494)",True,True,True,True,False
495,act_dep_time,rule_violation,12:42 p.m.,12:41 p.m.,0,"Constraint Violation: The flight of Row 4 is equal to the flight of Row 495, and The act_dep_time of Row 4 is different from the act_dep_time of Row 495.","(4, 495)",True,True,True,True,False
502,act_dep_time,rule_violation,8:52 a.m.,8:51 a.m.,0,"Constraint Violation: The flight of Row 35 is equal to the flight of Row 502, and The act_dep_time of Row 35 is different from the act_dep_time of Row 502.","(35, 502)",True,True,True,True,False
503,act_dep_time,rule_violation,8:37 a.m.,8:26 a.m.,0,"Constraint Violation: The flight of Row 308 is equal to the flight of Row 503, and The act_dep_time of Row 308 is different from the act_dep_time of Row 503.","(308, 503)",True,True,True,True,False
505,act_dep_time,rule_violation,3:17 p.m.,3:01 p.m.,0,"Constraint Violation: The flight of Row 120 is equal to the flight of Row 505, and The act_dep_time of Row 120 is different from the act_dep_time of Row 505.","(120, 505)",True,True,True,True,False
509,act_dep_time,rule_violation,1:45 p.m.,1:32 p.m.,0,"Constraint Violation: The flight of Row 124 is equal to the flight of Row 509, and The act_dep_time of Row 124 is different from the act_dep_time of Row 509.","(124, 509)",True,True,True,True,False
511,act_dep_time,rule_violation,8:40 p.m.,8:39 p.m.,0,"Constraint Violation: The flight of Row 37 is equal to the flight of Row 511, and The act_dep_time of Row 37 is different from the act_dep_time of Row 511.","(37, 511)",True,True,True,True,False
512,act_dep_time,rule_violation,3:04 p.m.,2:55 p.m.,0,"Constraint Violation: The flight of Row 315 is equal to the flight of Row 512, and The act_dep_time of Row 315 is different from the act_dep_time of Row 512.","(315, 512)",True,True,True,True,False
513,act_dep_time,rule_violation,2:59 p.m.,2:48 p.m.,0,"Constraint Violation: The flight of Row 128 is equal to the flight of Row 513, and The act_dep_time of Row 128 is different from the act_dep_time of Row 513.","(128, 513)",True,True,True,True,False
514,act_dep_time,rule_violation,9:43 a.m.,9:16 a.m.,0,"Constraint Violation: The flight of Row 129 is equal to the flight of Row 514, and The act_dep_time of Row 129 is different from the act_dep_time of Row 514.","(129, 514)",True,True,True,True,False
519,act_dep_time,rule_violation,8:05 a.m.,8:04 a.m.,0,"Constraint Violation: The flight of Row 11 is equal to the flight of Row 519, and The act_dep_time of Row 11 is different from the act_dep_time of Row 519.","(11, 519)",True,True,True,True,False
520,act_dep_time,rule_violation,9:05 a.m.,8:52 a.m.,0,"Constraint Violation: The flight of Row 135 is equal to the flight of Row 520, and The act_dep_time of Row 135 is different from the act_dep_time of Row 520.","(135, 520)",True,True,True,True,False
523,act_dep_time,rule_violation,3:38 p.m.,3:36 p.m.,0,"Constraint Violation: The flight of Row 44 is equal to the flight of Row 523, and The act_dep_time of Row 44 is different from the act_dep_time of Row 523.","(44, 523)",True,True,True,True,False
525,act_dep_time,rule_violation,11:41 a.m.,11:40 a.m.,0,"Constraint Violation: The flight of Row 45 is equal to the flight of Row 525, and The act_dep_time of Row 45 is different from the act_dep_time of Row 525.","(45, 525)",True,True,True,True,False
529,act_dep_time,rule_violation,4:02 p.m.,3:31 p.m.,0,"Constraint Violation: The flight of Row 142 is equal to the flight of Row 529, and The act_dep_time of Row 142 is different from the act_dep_time of Row 529.","(142, 529)",True,True,True,True,False
532,act_dep_time,rule_violation,6:58 a.m.,6:57 a.m.,0,"Constraint Violation: The flight of Row 18 is equal to the flight of Row 532, and The act_dep_time of Row 18 is different from the act_dep_time of Row 532.","(18, 532)",True,True,True,True,False
533,act_dep_time,rule_violation,4:15 p.m.,3:58 p.m.,0,"Constraint Violation: The flight of Row 146 is equal to the flight of Row 533, and The act_dep_time of Row 146 is different from the act_dep_time of Row 533.","(146, 533)",True,True,True,True,False
550,act_dep_time,rule_violation,3:58 p.m.,4:00 p.m.,0,"Constraint Violation: The flight of Row 63 is equal to the flight of Row 550, and The act_dep_time of Row 63 is different from the act_dep_time of Row 550.","(63, 550)",True,True,True,True,False
601,act_dep_time,rule_violation,2:46 p.m.,2:55 p.m.,0,"Constraint Violation: The flight of Row 73 is equal to the flight of Row 601, and The act_dep_time of Row 73 is different from the act_dep_time of Row 601.","(73, 601)",True,True,True,True,False
611,act_dep_time,rule_violation,2:52 p.m.,2:55 p.m.,0,"Constraint Violation: The flight of Row 127 is equal to the flight of Row 611, and The act_dep_time of Row 127 is different from the act_dep_time of Row 611.","(127, 611)",True,True,True,True,False
630,act_dep_time,rule_violation,7:42 p.m.,7:14 p.m.,0,"Constraint Violation: The flight of Row 51 is equal to the flight of Row 630, and The act_dep_time of Row 51 is different from the act_dep_time of Row 630.","(51, 630)",True,True,True,True,False
632,act_dep_time,rule_violation,8:49 a.m.,8:29 a.m.,0,"Constraint Violation: The flight of Row 53 is equal to the flight of Row 632, and The act_dep_time of Row 53 is different from the act_dep_time of Row 632.","(53, 632)",True,True,True,True,False
634,act_dep_time,rule_violation,7:59 p.m.,7:58 p.m.,0,"Constraint Violation: The flight of Row 1 is equal to the flight of Row 634, and The act_dep_time of Row 1 is different from the act_dep_time of Row 634.","(1, 634)",True,True,True,True,False
636,act_dep_time,rule_violation,3:50 p.m.,3:27 p.m.,0,"Constraint Violation: The flight of Row 256 is equal to the flight of Row 636, and The act_dep_time of Row 256 is different from the act_dep_time of Row 636.","(256, 636)",True,True,True,True,False
637,act_dep_time,rule_violation,12:37 p.m.,11:32 a.m.,0,"Constraint Violation: The flight of Row 57 is equal to the flight of Row 637, and The act_dep_time of Row 57 is different from the act_dep_time of Row 637.","(57, 637)",True,True,True,True,False
642,act_dep_time,rule_violation,4:10 p.m.,4:00 p.m.,0,"Constraint Violation: The flight of Row 263 is equal to the flight of Row 642, and The act_dep_time of Row 263 is different from the act_dep_time of Row 642.","(263, 642)",True,True,True,True,False
643,act_dep_time,rule_violation,7:56 a.m.,7:29 a.m.,0,"Constraint Violation: The flight of Row 64 is equal to the flight of Row 643, and The act_dep_time of Row 64 is different from the act_dep_time of Row 643.","(64, 643)",True,True,True,True,False
648,act_dep_time,rule_violation,4:30 p.m.,4:29 p.m.,0,"Constraint Violation: The flight of Row 7 is equal to the flight of Row 648, and The act_dep_time of Row 7 is different from the act_dep_time of Row 648.","(7, 648)",True,True,True,True,False
650,act_dep_time,rule_violation,2:59 p.m.,2:48 p.m.,0,"Constraint Violation: The flight of Row 71 is equal to the flight of Row 650, and The act_dep_time of Row 71 is different from the act_dep_time of Row 650.","(71, 650)",True,True,True,True,False
651,act_dep_time,rule_violation,8:18 a.m.,8:00 a.m.,0,"Constraint Violation: The flight of Row 72 is equal to the flight of Row 651, and The act_dep_time of Row 72 is different from the act_dep_time of Row 651.","(72, 651)",True,True,True,True,False
652,act_dep_time,rule_violation,3:04 p.m.,2:55 p.m.,0,"Constraint Violation: The flight of Row 320 is equal to the flight of Row 652, and The act_dep_time of Row 320 is different from the act_dep_time of Row 652.","(320, 652)",True,True,True,True,False
654,act_dep_time,rule_violation,12:06 p.m.,11:56 a.m.,0,"Constraint Violation: The flight of Row 75 is equal to the flight of Row 654, and The act_dep_time of Row 75 is different from the act_dep_time of Row 654.","(75, 654)",True,True,True,True,False
656,act_dep_time,rule_violation,11:45 a.m.,11:30 a.m.,0,"Constraint Violation: The flight of Row 271 is equal to the flight of Row 656, and The act_dep_time of Row 271 is different from the act_dep_time of Row 656.","(271, 656)",True,True,True,True,False
661,act_dep_time,rule_violation,8:07 a.m.,7:49 a.m.,0,"Constraint Violation: The flight of Row 618 is equal to the flight of Row 661, and The act_dep_time of Row 618 is different from the act_dep_time of Row 661.","(618, 661)",True,True,True,True,False
662,act_dep_time,rule_violation,12:56 p.m.,12:35 p.m.,0,"Constraint Violation: The flight of Row 571 is equal to the flight of Row 662, and The act_dep_time of Row 571 is different from the act_dep_time of Row 662.","(571, 662)",True,True,True,True,False
663,act_dep_time,rule_violation,12:14 p.m.,12:13 p.m.,0,"Constraint Violation: The flight of Row 16 is equal to the flight of Row 663, and The act_dep_time of Row 16 is different from the act_dep_time of Row 663.","(16, 663)",True,True,True,True,False
664,act_dep_time,rule_violation,2:43 p.m.,2:26 p.m.,0,"Constraint Violation: The flight of Row 307 is equal to the flight of Row 664, and The act_dep_time of Row 307 is different from the act_dep_time of Row 664.","(307, 664)",True,True,True,True,False
665,act_dep_time,rule_violation,12:08 p.m.,3:11 a.m.,0,"Constraint Violation: The flight of Row 86 is equal to the flight of Row 665, and The act_dep_time of Row 86 is different from the act_dep_time of Row 665.","(86, 665)",True,True,True,True,False
666,act_dep_time,rule_violation,5:38 p.m.,5:22 p.m.,0,"Constraint Violation: The flight of Row 87 is equal to the flight of Row 666, and The act_dep_time of Row 87 is different from the act_dep_time of Row 666.","(87, 666)",True,True,True,True,False
667,act_dep_time,rule_violation,8:36 p.m.,8:25 p.m.,0,"Constraint Violation: The flight of Row 88 is equal to the flight of Row 667, and The act_dep_time of Row 88 is different from the act_dep_time of Row 667.","(88, 667)",True,True,True,True,False
669,act_dep_time,rule_violation,1:43 p.m.,1:32 p.m.,0,"Constraint Violation: The flight of Row 190 is equal to the flight of Row 669, and The act_dep_time of Row 190 is different from the act_dep_time of Row 669.","(190, 669)",True,True,True,True,False
673,act_dep_time,rule_violation,6:56 p.m.,6:55 p.m.,0,"Constraint Violation: The flight of Row 23 is equal to the flight of Row 673, and The act_dep_time of Row 23 is different from the act_dep_time of Row 673.","(23, 673)",True,True,True,True,False
675,act_dep_time,rule_violation,2:38 p.m.,2:10 p.m.,0,"Constraint Violation: The flight of Row 97 is equal to the flight of Row 675, and The act_dep_time of Row 97 is different from the act_dep_time of Row 675.","(97, 675)",True,True,True,True,False
676,act_dep_time,rule_violation,9:58 a.m.,9:14 a.m.,0,"Constraint Violation: The flight of Row 98 is equal to the flight of Row 676, and The act_dep_time of Row 98 is different from the act_dep_time of Row 676.","(98, 676)",True,True,True,True,False
677,act_dep_time,rule_violation,6:57 a.m.,6:56 a.m.,0,"Constraint Violation: The flight of Row 25 is equal to the flight of Row 677, and The act_dep_time of Row 25 is different from the act_dep_time of Row 677.","(25, 677)",True,True,True,True,False
679,act_dep_time,rule_violation,5:09 p.m.,5:08 p.m.,0,"Constraint Violation: The flight of Row 27 is equal to the flight of Row 679, and The act_dep_time of Row 27 is different from the act_dep_time of Row 679.","(27, 679)",True,True,True,True,False
680,act_dep_time,rule_violation,4:46 p.m.,4:28 p.m.,0,"Constraint Violation: The flight of Row 103 is equal to the flight of Row 680, and The act_dep_time of Row 103 is different from the act_dep_time of Row 680.","(103, 680)",True,True,True,True,False
681,act_dep_time,rule_violation,4:37 p.m.,4:15 p.m.,0,"Constraint Violation: The flight of Row 295 is equal to the flight of Row 681, and The act_dep_time of Row 295 is different from the act_dep_time of Row 681.","(295, 681)",True,True,True,True,False
686,act_dep_time,rule_violation,1:48 p.m.,1:31 p.m.,0,"Constraint Violation: The flight of Row 300 is equal to the flight of Row 686, and The act_dep_time of Row 300 is different from the act_dep_time of Row 686.","(300, 686)",True,True,True,True,False
687,act_dep_time,rule_violation,12:42 p.m.,12:41 p.m.,0,"Constraint Violation: The flight of Row 4 is equal to the flight of Row 687, and The act_dep_time of Row 4 is different from the act_dep_time of Row 687.","(4, 687)",True,True,True,True,False
694,act_dep_time,rule_violation,8:52 a.m.,8:51 a.m.,0,"Constraint Violation: The flight of Row 35 is equal to the flight of Row 694, and The act_dep_time of Row 35 is different from the act_dep_time of Row 694.","(35, 694)",True,True,True,True,False
695,act_dep_time,rule_violation,8:37 a.m.,8:26 a.m.,0,"Constraint Violation: The flight of Row 308 is equal to the flight of Row 695, and The act_dep_time of Row 308 is different from the act_dep_time of Row 695.","(308, 695)",True,True,True,True,False
697,act_dep_time,rule_violation,3:17 p.m.,3:01 p.m.,0,"Constraint Violation: The flight of Row 120 is equal to the flight of Row 697, and The act_dep_time of Row 120 is different from the act_dep_time of Row 697.","(120, 697)",True,True,True,True,False
701,act_dep_time,rule_violation,1:45 p.m.,1:32 p.m.,0,"Constraint Violation: The flight of Row 124 is equal to the flight of Row 701, and The act_dep_time of Row 124 is different from the act_dep_time of Row 701.","(124, 701)",True,True,True,True,False
703,act_dep_time,rule_violation,8:40 p.m.,8:39 p.m.,0,"Constraint Violation: The flight of Row 37 is equal to the flight of Row 703, and The act_dep_time of Row 37 is different from the act_dep_time of Row 703.","(37, 703)",True,True,True,True,False
704,act_dep_time,rule_violation,3:04 p.m.,2:55 p.m.,0,"Constraint Violation: The flight of Row 315 is equal to the flight of Row 704, and The act_dep_time of Row 315 is different from the act_dep_time of Row 704.","(315, 704)",True,True,True,True,False
705,act_dep_time,rule_violation,2:59 p.m.,2:48 p.m.,0,"Constraint Violation: The flight of Row 128 is equal to the flight of Row 705, and The act_dep_time of Row 128 is different from the act_dep_time of Row 705.","(128, 705)",True,True,True,True,False
706,act_dep_time,rule_violation,9:43 a.m.,9:16 a.m.,0,"Constraint Violation: The flight of Row 129 is equal to the flight of Row 706, and The act_dep_time of Row 129 is different from the act_dep_time of Row 706.","(129, 706)",True,True,True,True,False
711,act_dep_time,rule_violation,8:05 a.m.,8:04 a.m.,0,"Constraint Violation: The flight of Row 11 is equal to the flight of Row 711, and The act_dep_time of Row 11 is different from the act_dep_time of Row 711.","(11, 711)",True,True,True,True,False
712,act_dep_time,rule_violation,9:05 a.m.,8:52 a.m.,0,"Constraint Violation: The flight of Row 135 is equal to the flight of Row 712, and The act_dep_time of Row 135 is different from the act_dep_time of Row 712.","(135, 712)",True,True,True,True,False
715,act_dep_time,rule_violation,3:38 p.m.,3:36 p.m.,0,"Constraint Violation: The flight of Row 44 is equal to the flight of Row 715, and The act_dep_time of Row 44 is different from the act_dep_time of Row 715.","(44, 715)",True,True,True,True,False
717,act_dep_time,rule_violation,11:41 a.m.,11:40 a.m.,0,"Constraint Violation: The flight of Row 45 is equal to the flight of Row 717, and The act_dep_time of Row 45 is different from the act_dep_time of Row 717.","(45, 717)",True,True,True,True,False
721,act_dep_time,rule_violation,4:02 p.m.,3:31 p.m.,0,"Constraint Violation: The flight of Row 142 is equal to the flight of Row 721, and The act_dep_time of Row 142 is different from the act_dep_time of Row 721.","(142, 721)",True,True,True,True,False
724,act_dep_time,rule_violation,6:58 a.m.,6:57 a.m.,0,"Constraint Violation: The flight of Row 18 is equal to the flight of Row 724, and The act_dep_time of Row 18 is different from the act_dep_time of Row 724.","(18, 724)",True,True,True,True,False
725,act_dep_time,rule_violation,4:15 p.m.,3:58 p.m.,0,"Constraint Violation: The flight of Row 146 is equal to the flight of Row 725, and The act_dep_time of Row 146 is different from the act_dep_time of Row 725.","(146, 725)",True,True,True,True,False
730,act_dep_time,rule_violation,7:59 p.m.,7:58 p.m.,0,"Constraint Violation: The flight of Row 1 is equal to the flight of Row 730, and The act_dep_time of Row 1 is different from the act_dep_time of Row 730.","(1, 730)",True,True,True,True,False
731,act_dep_time,rule_violation,7:41 p.m.,7:14 p.m.,0,"Constraint Violation: The flight of Row 51 is equal to the flight of Row 731, and The act_dep_time of Row 51 is different from the act_dep_time of Row 731.","(51, 731)",True,True,True,True,False
732,act_dep_time,rule_violation,8:47 a.m.,8:29 a.m.,0,"Constraint Violation: The flight of Row 53 is equal to the flight of Row 732, and The act_dep_time of Row 53 is different from the act_dep_time of Row 732.","(53, 732)",True,True,True,True,False
735,act_dep_time,rule_violation,11:41 a.m.,11:40 a.m.,0,"Constraint Violation: The flight of Row 45 is equal to the flight of Row 735, and The act_dep_time of Row 45 is different from the act_dep_time of Row 735.","(45, 735)",True,True,True,True,False
740,act_dep_time,rule_violation,12:42 p.m.,12:41 p.m.,0,"Constraint Violation: The flight of Row 4 is equal to the flight of Row 740, and The act_dep_time of Row 4 is different from the act_dep_time of Row 740.","(4, 740)",True,True,True,True,False
742,act_dep_time,rule_violation,4:30 p.m.,4:29 p.m.,0,"Constraint Violation: The flight of Row 7 is equal to the flight of Row 742, and The act_dep_time of Row 7 is different from the act_dep_time of Row 742.","(7, 742)",True,True,True,True,False
745,act_dep_time,rule_violation,12:05 p.m.,11:56 a.m.,0,"Constraint Violation: The flight of Row 75 is equal to the flight of Row 745, and The act_dep_time of Row 75 is different from the act_dep_time of Row 745.","(75, 745)",True,True,True,True,False
747,act_dep_time,rule_violation,8:05 a.m.,8:04 a.m.,0,"Constraint Violation: The flight of Row 11 is equal to the flight of Row 747, and The act_dep_time of Row 11 is different from the act_dep_time of Row 747.","(11, 747)",True,True,True,True,False
751,act_dep_time,rule_violation,12:55 p.m.,12:35 p.m.,0,"Constraint Violation: The flight of Row 83 is equal to the flight of Row 751, and The act_dep_time of Row 83 is different from the act_dep_time of Row 751.","(83, 751)",True,True,True,True,False
752,act_dep_time,rule_violation,12:14 p.m.,12:13 p.m.,0,"Constraint Violation: The flight of Row 16 is equal to the flight of Row 752, and The act_dep_time of Row 16 is different from the act_dep_time of Row 752.","(16, 752)",True,True,True,True,False
759,act_dep_time,rule_violation,6:56 p.m.,6:55 p.m.,0,"Constraint Violation: The flight of Row 23 is equal to the flight of Row 759, and The act_dep_time of Row 23 is different from the act_dep_time of Row 759.","(23, 759)",True,True,True,True,False
762,act_dep_time,rule_violation,6:57 a.m.,6:56 a.m.,0,"Constraint Violation: The flight of Row 25 is equal to the flight of Row 762, and The act_dep_time of Row 25 is different from the act_dep_time of Row 762.","(25, 762)",True,True,True,True,False
764,act_dep_time,rule_violation,5:09 p.m.,5:08 p.m.,0,"Constraint Violation: The flight of Row 27 is equal to the flight of Row 764, and The act_dep_time of Row 27 is different from the act_dep_time of Row 764.","(27, 764)",True,True,True,True,False
766,act_dep_time,rule_violation,4:35 p.m.,4:15 p.m.,0,"Constraint Violation: The flight of Row 104 is equal to the flight of Row 766, and The act_dep_time of Row 104 is different from the act_dep_time of Row 766.","(104, 766)",True,True,True,True,False
769,act_dep_time,rule_violation,1:46 p.m.,1:31 p.m.,0,"Constraint Violation: The flight of Row 109 is equal to the flight of Row 769, and The act_dep_time of Row 109 is different from the act_dep_time of Row 769.","(109, 769)",True,True,True,True,False
775,act_dep_time,rule_violation,8:52 a.m.,8:51 a.m.,0,"Constraint Violation: The flight of Row 35 is equal to the flight of Row 775, and The act_dep_time of Row 35 is different from the act_dep_time of Row 775.","(35, 775)",True,True,True,True,False
776,act_dep_time,rule_violation,8:37 a.m.,8:26 a.m.,0,"Constraint Violation: The flight of Row 308 is equal to the flight of Row 776, and The act_dep_time of Row 308 is different from the act_dep_time of Row 776.","(308, 776)",True,True,True,True,False
789,act_dep_time,rule_violation,6:58 a.m.,6:57 a.m.,0,"Constraint Violation: The flight of Row 18 is equal to the flight of Row 789, and The act_dep_time of Row 18 is different from the act_dep_time of Row 789.","(18, 789)",True,True,True,True,False
824,act_dep_time,rule_violation,3:58 p.m.,4:00 p.m.,0,"Constraint Violation: The flight of Row 63 is equal to the flight of Row 824, and The act_dep_time of Row 63 is different from the act_dep_time of Row 824.","(63, 824)",True,True,True,True,False
834,act_dep_time,rule_violation,2:46 p.m.,2:55 p.m.,0,"Constraint Violation: The flight of Row 73 is equal to the flight of Row 834, and The act_dep_time of Row 73 is different from the act_dep_time of Row 834.","(73, 834)",True,True,True,True,False
886,act_dep_time,rule_violation,2:52 p.m.,2:55 p.m.,0,"Constraint Violation: The flight of Row 127 is equal to the flight of Row 886, and The act_dep_time of Row 127 is different from the act_dep_time of Row 886.","(127, 886)",True,True,True,True,False
912,act_dep_time,rule_violation,6:56 p.m.,6:30 p.m.,0,"Constraint Violation: The flight of Row 2 is equal to the flight of Row 912, and The act_dep_time of Row 2 is different from the act_dep_time of Row 912.","(2, 912)",True,True,True,True,False
914,act_dep_time,rule_violation,12:14 p.m.,12:13 p.m.,0,"Constraint Violation: The flight of Row 16 is equal to the flight of Row 914, and The act_dep_time of Row 16 is different from the act_dep_time of Row 914.","(16, 914)",True,True,True,True,False
917,act_dep_time,rule_violation,7:56 a.m.,7:29 a.m.,0,"Constraint Violation: The flight of Row 64 is equal to the flight of Row 917, and The act_dep_time of Row 64 is different from the act_dep_time of Row 917.","(64, 917)",True,True,True,True,False
925,act_dep_time,rule_violation,12:56 p.m.,12:35 p.m.,0,"Constraint Violation: The flight of Row 571 is equal to the flight of Row 925, and The act_dep_time of Row 571 is different from the act_dep_time of Row 925.","(571, 925)",True,True,True,True,False
926,act_dep_time,rule_violation,4:02 p.m.,3:31 p.m.,0,"Constraint Violation: The flight of Row 142 is equal to the flight of Row 926, and The act_dep_time of Row 142 is different from the act_dep_time of Row 926.","(142, 926)",True,True,True,True,False
934,act_dep_time,rule_violation,4:46 p.m.,4:28 p.m.,0,"Constraint Violation: The flight of Row 103 is equal to the flight of Row 934, and The act_dep_time of Row 103 is different from the act_dep_time of Row 934.","(103, 934)",True,True,True,True,False
935,act_dep_time,rule_violation,4:37 p.m.,4:15 p.m.,0,"Constraint Violation: The flight of Row 295 is equal to the flight of Row 935, and The act_dep_time of Row 295 is different from the act_dep_time of Row 935.","(295, 935)",True,True,True,True,False
940,act_dep_time,rule_violation,1:48 p.m.,1:31 p.m.,0,"Constraint Violation: The flight of Row 300 is equal to the flight of Row 940, and The act_dep_time of Row 300 is different from the act_dep_time of Row 940.","(300, 940)",True,True,True,True,False
944,act_dep_time,rule_violation,8:52 a.m.,8:51 a.m.,0,"Constraint Violation: The flight of Row 35 is equal to the flight of Row 944, and The act_dep_time of Row 35 is different from the act_dep_time of Row 944.","(35, 944)",True,True,True,True,False
945,act_dep_time,rule_violation,2:43 p.m.,2:26 p.m.,0,"Constraint Violation: The flight of Row 307 is equal to the flight of Row 945, and The act_dep_time of Row 307 is different from the act_dep_time of Row 945.","(307, 945)",True,True,True,True,False
952,act_dep_time,rule_violation,9:43 a.m.,9:16 a.m.,0,"Constraint Violation: The flight of Row 129 is equal to the flight of Row 952, and The act_dep_time of Row 129 is different from the act_dep_time of Row 952.","(129, 952)",True,True,True,True,False
953,act_dep_time,rule_violation,8:18 a.m.,8:00 a.m.,0,"Constraint Violation: The flight of Row 72 is equal to the flight of Row 953, and The act_dep_time of Row 72 is different from the act_dep_time of Row 953.","(72, 953)",True,True,True,True,False
960,act_dep_time,rule_violation,8:07 a.m.,7:49 a.m.,0,"Constraint Violation: The flight of Row 618 is equal to the flight of Row 960, and The act_dep_time of Row 618 is different from the act_dep_time of Row 960.","(618, 960)",True,True,True,True,False
961,act_dep_time,rule_violation,3:38 p.m.,3:36 p.m.,0,"Constraint Violation: The flight of Row 44 is equal to the flight of Row 961, and The act_dep_time of Row 44 is different from the act_dep_time of Row 961.","(44, 961)",True,True,True,True,False
972,act_dep_time,rule_violation,6:47 p.m.,6:30 p.m.,0,"Constraint Violation: The flight of Row 2 is equal to the flight of Row 972, and The act_dep_time of Row 2 is different from the act_dep_time of Row 972.","(2, 972)",True,True,True,True,False
974,act_dep_time,rule_violation,11:45 a.m.,11:30 a.m.,0,"Constraint Violation: The flight of Row 271 is equal to the flight of Row 974, and The act_dep_time of Row 271 is different from the act_dep_time of Row 974.","(271, 974)",True,True,True,True,False
975,act_dep_time,rule_violation,8:51 a.m.,8:42 a.m.,0,"Constraint Violation: The flight of Row 54 is equal to the flight of Row 975, and The act_dep_time of Row 54 is different from the act_dep_time of Row 975.","(54, 975)",True,True,True,True,False
976,act_dep_time,rule_violation,1:48 p.m.,1:31 p.m.,0,"Constraint Violation: The flight of Row 300 is equal to the flight of Row 976, and The act_dep_time of Row 300 is different from the act_dep_time of Row 976.","(300, 976)",True,True,True,True,False
979,act_dep_time,rule_violation,7:25 p.m.,7:15 p.m.,0,"Constraint Violation: The flight of Row 96 is equal to the flight of Row 979, and The act_dep_time of Row 96 is different from the act_dep_time of Row 979.","(96, 979)",True,True,True,True,False
980,act_dep_time,rule_violation,5:38 p.m.,5:22 p.m.,0,"Constraint Violation: The flight of Row 87 is equal to the flight of Row 980, and The act_dep_time of Row 87 is different from the act_dep_time of Row 980.","(87, 980)",True,True,True,True,False
982,act_dep_time,rule_violation,7:27 p.m.,8:25 p.m.,0,"Constraint Violation: The flight of Row 88 is equal to the flight of Row 982, and The act_dep_time of Row 88 is different from the act_dep_time of Row 982.","(88, 982)",True,True,True,True,False
987,act_dep_time,rule_violation,6:56 p.m.,6:55 p.m.,0,"Constraint Violation: The flight of Row 23 is equal to the flight of Row 987, and The act_dep_time of Row 23 is different from the act_dep_time of Row 987.","(23, 987)",True,True,True,True,False
991,act_dep_time,rule_violation,8:48 a.m.,8:29 a.m.,0,"Constraint Violation: The flight of Row 153 is equal to the flight of Row 991, and The act_dep_time of Row 153 is different from the act_dep_time of Row 991.","(153, 991)",True,True,True,True,False
992,act_dep_time,rule_violation,9:00 a.m.,8:42 a.m.,0,"Constraint Violation: The flight of Row 154 is equal to the flight of Row 992, and The act_dep_time of Row 154 is different from the act_dep_time of Row 992.","(154, 992)",True,True,True,True,False
993,act_dep_time,rule_violation,7:45 p.m.,7:58 p.m.,0,"Constraint Violation: The flight of Row 1 is equal to the flight of Row 993, and The act_dep_time of Row 1 is different from the act_dep_time of Row 993.","(1, 993)",True,True,True,True,False
1004,act_dep_time,rule_violation,4:16 p.m.,4:29 p.m.,0,"Constraint Violation: The flight of Row 7 is equal to the flight of Row 1004, and The act_dep_time of Row 7 is different from the act_dep_time of Row 1004.","(7, 1004)",True,True,True,True,False
1015,act_dep_time,rule_violation,1:48 p.m.,2:04 p.m.,0,"Constraint Violation: The flight of Row 14 is equal to the flight of Row 1015, and The act_dep_time of Row 14 is different from the act_dep_time of Row 1015.","(14, 1015)",True,True,True,True,False
1016,act_dep_time,rule_violation,9:59 a.m.,10:10 a.m.,0,"Constraint Violation: The flight of Row 15 is equal to the flight of Row 1016, and The act_dep_time of Row 15 is different from the act_dep_time of Row 1016.","(15, 1016)",True,True,True,True,False
1024,act_dep_time,rule_violation,6:40 p.m.,6:55 p.m.,0,"Constraint Violation: The flight of Row 23 is equal to the flight of Row 1024, and The act_dep_time of Row 23 is different from the act_dep_time of Row 1024.","(23, 1024)",True,True,True,True,False
1031,act_dep_time,rule_violation,8:01 p.m.,8:23 p.m.,0,"Constraint Violation: The flight of Row 28 is equal to the flight of Row 1031, and The act_dep_time of Row 28 is different from the act_dep_time of Row 1031.","(28, 1031)",True,True,True,True,False
1034,act_dep_time,rule_violation,1:47 p.m.,1:31 p.m.,0,"Constraint Violation: The flight of Row 109 is equal to the flight of Row 1034, and The act_dep_time of Row 109 is different from the act_dep_time of Row 1034.","(109, 1034)",True,True,True,True,False
1039,act_dep_time,rule_violation,6:56 a.m.,7:22 a.m.,0,"Constraint Violation: The flight of Row 34 is equal to the flight of Row 1039, and The act_dep_time of Row 34 is different from the act_dep_time of Row 1039.","(34, 1039)",True,True,True,True,False
1048,act_dep_time,rule_violation,8:30 p.m.,8:39 p.m.,0,"Constraint Violation: The flight of Row 37 is equal to the flight of Row 1048, and The act_dep_time of Row 37 is different from the act_dep_time of Row 1048.","(37, 1048)",True,True,True,True,False
1051,act_dep_time,rule_violation,2:32 p.m.,2:44 p.m.,0,"Constraint Violation: The flight of Row 38 is equal to the flight of Row 1051, and The act_dep_time of Row 38 is different from the act_dep_time of Row 1051.","(38, 1051)",True,True,True,True,False
1052,act_dep_time,rule_violation,3:00 p.m.,3:27 p.m.,0,"Constraint Violation: The flight of Row 39 is equal to the flight of Row 1052, and The act_dep_time of Row 39 is different from the act_dep_time of Row 1052.","(39, 1052)",True,True,True,True,False
1055,act_dep_time,rule_violation,12:01 p.m.,12:10 p.m.,0,"Constraint Violation: The flight of Row 41 is equal to the flight of Row 1055, and The act_dep_time of Row 41 is different from the act_dep_time of Row 1055.","(41, 1055)",True,True,True,True,False
1058,act_dep_time,rule_violation,8:07 a.m.,7:49 a.m.,0,"Constraint Violation: The flight of Row 618 is equal to the flight of Row 1058, and The act_dep_time of Row 618 is different from the act_dep_time of Row 1058.","(618, 1058)",True,True,True,True,False
1060,act_dep_time,rule_violation,3:09 p.m.,3:36 p.m.,0,"Constraint Violation: The flight of Row 44 is equal to the flight of Row 1060, and The act_dep_time of Row 44 is different from the act_dep_time of Row 1060.","(44, 1060)",True,True,True,True,False
1061,act_dep_time,rule_violation,3:52 p.m.,4:12 p.m.,0,"Constraint Violation: The flight of Row 46 is equal to the flight of Row 1061, and The act_dep_time of Row 46 is different from the act_dep_time of Row 1061.","(46, 1061)",True,True,True,True,False
1068,act_dep_time,rule_violation,5:56 a.m.,6:10 a.m.,0,"Constraint Violation: The flight of Row 48 is equal to the flight of Row 1068, and The act_dep_time of Row 48 is different from the act_dep_time of Row 1068.","(48, 1068)",True,True,True,True,False
1071,act_dep_time,rule_violation,7:42 p.m.,7:14 p.m.,0,"Constraint Violation: The flight of Row 51 is equal to the flight of Row 1071, and The act_dep_time of Row 51 is different from the act_dep_time of Row 1071.","(51, 1071)",True,True,True,True,False
1073,act_dep_time,rule_violation,8:49 a.m.,8:29 a.m.,0,"Constraint Violation: The flight of Row 53 is equal to the flight of Row 1073, and The act_dep_time of Row 53 is different from the act_dep_time of Row 1073.","(53, 1073)",True,True,True,True,False
1075,act_dep_time,rule_violation,7:59 p.m.,7:58 p.m.,0,"Constraint Violation: The flight of Row 1 is equal to the flight of Row 1075, and The act_dep_time of Row 1 is different from the act_dep_time of Row 1075.","(1, 1075)",True,True,True,True,False
1077,act_dep_time,rule_violation,3:50 p.m.,3:27 p.m.,0,"Constraint Violation: The flight of Row 256 is equal to the flight of Row 1077, and The act_dep_time of Row 256 is different from the act_dep_time of Row 1077.","(256, 1077)",True,True,True,True,False
1078,act_dep_time,rule_violation,12:37 p.m.,11:32 a.m.,0,"Constraint Violation: The flight of Row 57 is equal to the flight of Row 1078, and The act_dep_time of Row 57 is different from the act_dep_time of Row 1078.","(57, 1078)",True,True,True,True,False
1083,act_dep_time,rule_violation,4:10 p.m.,4:00 p.m.,0,"Constraint Violation: The flight of Row 263 is equal to the flight of Row 1083, and The act_dep_time of Row 263 is different from the act_dep_time of Row 1083.","(263, 1083)",True,True,True,True,False
1084,act_dep_time,rule_violation,7:56 a.m.,7:29 a.m.,0,"Constraint Violation: The flight of Row 64 is equal to the flight of Row 1084, and The act_dep_time of Row 64 is different from the act_dep_time of Row 1084.","(64, 1084)",True,True,True,True,False
1087,act_dep_time,rule_violation,8:26 a.m.,8:12 a.m.,0,"Constraint Violation: The flight of Row 266 is equal to the flight of Row 1087, and The act_dep_time of Row 266 is different from the act_dep_time of Row 1087.","(266, 1087)",True,True,True,True,False
1089,act_dep_time,rule_violation,4:30 p.m.,4:29 p.m.,0,"Constraint Violation: The flight of Row 7 is equal to the flight of Row 1089, and The act_dep_time of Row 7 is different from the act_dep_time of Row 1089.","(7, 1089)",True,True,True,True,False
1091,act_dep_time,rule_violation,2:59 p.m.,2:48 p.m.,0,"Constraint Violation: The flight of Row 71 is equal to the flight of Row 1091, and The act_dep_time of Row 71 is different from the act_dep_time of Row 1091.","(71, 1091)",True,True,True,True,False
1092,act_dep_time,rule_violation,8:18 a.m.,8:00 a.m.,0,"Constraint Violation: The flight of Row 72 is equal to the flight of Row 1092, and The act_dep_time of Row 72 is different from the act_dep_time of Row 1092.","(72, 1092)",True,True,True,True,False
1093,act_dep_time,rule_violation,3:04 p.m.,2:55 p.m.,0,"Constraint Violation: The flight of Row 320 is equal to the flight of Row 1093, and The act_dep_time of Row 320 is different from the act_dep_time of Row 1093.","(320, 1093)",True,True,True,True,False
1095,act_dep_time,rule_violation,12:06 p.m.,11:56 a.m.,0,"Constraint Violation: The flight of Row 75 is equal to the flight of Row 1095, and The act_dep_time of Row 75 is different from the act_dep_time of Row 1095.","(75, 1095)",True,True,True,True,False
1097,act_dep_time,rule_violation,11:45 a.m.,11:30 a.m.,0,"Constraint Violation: The flight of Row 271 is equal to the flight of Row 1097, and The act_dep_time of Row 271 is different from the act_dep_time of Row 1097.","(271, 1097)",True,True,True,True,False
1102,act_dep_time,rule_violation,8:07 a.m.,7:49 a.m.,0,"Constraint Violation: The flight of Row 618 is equal to the flight of Row 1102, and The act_dep_time of Row 618 is different from the act_dep_time of Row 1102.","(618, 1102)",True,True,True,True,False
1103,act_dep_time,rule_violation,12:56 p.m.,12:35 p.m.,0,"Constraint Violation: The flight of Row 571 is equal to the flight of Row 1103, and The act_dep_time of Row 571 is different from the act_dep_time of Row 1103.","(571, 1103)",True,True,True,True,False
1104,act_dep_time,rule_violation,12:14 p.m.,12:13 p.m.,0,"Constraint Violation: The flight of Row 16 is equal to the flight of Row 1104, and The act_dep_time of Row 16 is different from the act_dep_time of Row 1104.","(16, 1104)",True,True,True,True,False
1105,act_dep_time,rule_violation,2:43 p.m.,2:26 p.m.,0,"Constraint Violation: The flight of Row 307 is equal to the flight of Row 1105, and The act_dep_time of Row 307 is different from the act_dep_time of Row 1105.","(307, 1105)",True,True,True,True,False
1106,act_dep_time,rule_violation,12:08 p.m.,3:11 a.m.,0,"Constraint Violation: The flight of Row 86 is equal to the flight of Row 1106, and The act_dep_time of Row 86 is different from the act_dep_time of Row 1106.","(86, 1106)",True,True,True,True,False
1107,act_dep_time,rule_violation,5:38 p.m.,5:22 p.m.,0,"Constraint Violation: The flight of Row 87 is equal to the flight of Row 1107, and The act_dep_time of Row 87 is different from the act_dep_time of Row 1107.","(87, 1107)",True,True,True,True,False
1108,act_dep_time,rule_violation,8:36 p.m.,8:25 p.m.,0,"Constraint Violation: The flight of Row 88 is equal to the flight of Row 1108, and The act_dep_time of Row 88 is different from the act_dep_time of Row 1108.","(88, 1108)",True,True,True,True,False
1110,act_dep_time,rule_violation,1:43 p.m.,1:32 p.m.,0,"Constraint Violation: The flight of Row 190 is equal to the flight of Row 1110, and The act_dep_time of Row 190 is different from the act_dep_time of Row 1110.","(190, 1110)",True,True,True,True,False
1114,act_dep_time,rule_violation,6:56 p.m.,6:55 p.m.,0,"Constraint Violation: The flight of Row 23 is equal to the flight of Row 1114, and The act_dep_time of Row 23 is different from the act_dep_time of Row 1114.","(23, 1114)",True,True,True,True,False
1116,act_dep_time,rule_violation,2:38 p.m.,2:10 p.m.,0,"Constraint Violation: The flight of Row 97 is equal to the flight of Row 1116, and The act_dep_time of Row 97 is different from the act_dep_time of Row 1116.","(97, 1116)",True,True,True,True,False
1117,act_dep_time,rule_violation,9:58 a.m.,9:14 a.m.,0,"Constraint Violation: The flight of Row 98 is equal to the flight of Row 1117, and The act_dep_time of Row 98 is different from the act_dep_time of Row 1117.","(98, 1117)",True,True,True,True,False
1118,act_dep_time,rule_violation,6:57 a.m.,6:56 a.m.,0,"Constraint Violation: The flight of Row 25 is equal to the flight of Row 1118, and The act_dep_time of Row 25 is different from the act_dep_time of Row 1118.","(25, 1118)",True,True,True,True,False
1120,act_dep_time,rule_violation,5:09 p.m.,5:08 p.m.,0,"Constraint Violation: The flight of Row 27 is equal to the flight of Row 1120, and The act_dep_time of Row 27 is different from the act_dep_time of Row 1120.","(27, 1120)",True,True,True,True,False
1121,act_dep_time,rule_violation,4:46 p.m.,4:28 p.m.,0,"Constraint Violation: The flight of Row 103 is equal to the flight of Row 1121, and The act_dep_time of Row 103 is different from the act_dep_time of Row 1121.","(103, 1121)",True,True,True,True,False
1122,act_dep_time,rule_violation,4:37 p.m.,4:15 p.m.,0,"Constraint Violation: The flight of Row 295 is equal to the flight of Row 1122, and The act_dep_time of Row 295 is different from the act_dep_time of Row 1122.","(295, 1122)",True,True,True,True,False
1127,act_dep_time,rule_violation,1:48 p.m.,1:31 p.m.,0,"Constraint Violation: The flight of Row 300 is equal to the flight of Row 1127, and The act_dep_time of Row 300 is different from the act_dep_time of Row 1127.","(300, 1127)",True,True,True,True,False
1128,act_dep_time,rule_violation,12:42 p.m.,12:41 p.m.,0,"Constraint Violation: The flight of Row 4 is equal to the flight of Row 1128, and The act_dep_time of Row 4 is different from the act_dep_time of Row 1128.","(4, 1128)",True,True,True,True,False
1135,act_dep_time,rule_violation,8:52 a.m.,8:51 a.m.,0,"Constraint Violation: The flight of Row 35 is equal to the flight of Row 1135, and The act_dep_time of Row 35 is different from the act_dep_time of Row 1135.","(35, 1135)",True,True,True,True,False
1136,act_dep_time,rule_violation,8:37 a.m.,8:26 a.m.,0,"Constraint Violation: The flight of Row 308 is equal to the flight of Row 1136, and The act_dep_time of Row 308 is different from the act_dep_time of Row 1136.","(308, 1136)",True,True,True,True,False
1138,act_dep_time,rule_violation,3:17 p.m.,3:01 p.m.,0,"Constraint Violation: The flight of Row 120 is equal to the flight of Row 1138, and The act_dep_time of Row 120 is different from the act_dep_time of Row 1138.","(120, 1138)",True,True,True,True,False
1142,act_dep_time,rule_violation,1:45 p.m.,1:32 p.m.,0,"Constraint Violation: The flight of Row 124 is equal to the flight of Row 1142, and The act_dep_time of Row 124 is different from the act_dep_time of Row 1142.","(124, 1142)",True,True,True,True,False
1144,act_dep_time,rule_violation,8:40 p.m.,8:39 p.m.,0,"Constraint Violation: The flight of Row 37 is equal to the flight of Row 1144, and The act_dep_time of Row 37 is different from the act_dep_time of Row 1144.","(37, 1144)",True,True,True,True,False
1145,act_dep_time,rule_violation,3:04 p.m.,2:55 p.m.,0,"Constraint Violation: The flight of Row 315 is equal to the flight of Row 1145, and The act_dep_time of Row 315 is different from the act_dep_time of Row 1145.","(315, 1145)",True,True,True,True,False
1146,act_dep_time,rule_violation,2:59 p.m.,2:48 p.m.,0,"Constraint Violation: The flight of Row 128 is equal to the flight of Row 1146, and The act_dep_time of Row 128 is different from the act_dep_time of Row 1146.","(128, 1146)",True,True,True,True,False
1147,act_dep_time,rule_violation,9:43 a.m.,9:16 a.m.,0,"Constraint Violation: The flight of Row 129 is equal to the flight of Row 1147, and The act_dep_time of Row 129 is different from the act_dep_time of Row 1147.","(129, 1147)",True,True,True,True,False
1152,act_dep_time,rule_violation,8:05 a.m.,8:04 a.m.,0,"Constraint Violation: The flight of Row 11 is equal to the flight of Row 1152, and The act_dep_time of Row 11 is different from the act_dep_time of Row 1152.","(11, 1152)",True,True,True,True,False
1153,act_dep_time,rule_violation,9:05 a.m.,8:52 a.m.,0,"Constraint Violation: The flight of Row 135 is equal to the flight of Row 1153, and The act_dep_time of Row 135 is different from the act_dep_time of Row 1153.","(135, 1153)",True,True,True,True,False
1156,act_dep_time,rule_violation,3:38 p.m.,3:36 p.m.,0,"Constraint Violation: The flight of Row 44 is equal to the flight of Row 1156, and The act_dep_time of Row 44 is different from the act_dep_time of Row 1156.","(44, 1156)",True,True,True,True,False
1158,act_dep_time,rule_violation,11:41 a.m.,11:40 a.m.,0,"Constraint Violation: The flight of Row 45 is equal to the flight of Row 1158, and The act_dep_time of Row 45 is different from the act_dep_time of Row 1158.","(45, 1158)",True,True,True,True,False
1162,act_dep_time,rule_violation,4:02 p.m.,3:31 p.m.,0,"Constraint Violation: The flight of Row 142 is equal to the flight of Row 1162, and The act_dep_time of Row 142 is different from the act_dep_time of Row 1162.","(142, 1162)",True,True,True,True,False
1165,act_dep_time,rule_violation,6:58 a.m.,6:57 a.m.,0,"Constraint Violation: The flight of Row 18 is equal to the flight of Row 1165, and The act_dep_time of Row 18 is different from the act_dep_time of Row 1165.","(18, 1165)",True,True,True,True,False
1166,act_dep_time,rule_violation,4:15 p.m.,3:58 p.m.,0,"Constraint Violation: The flight of Row 146 is equal to the flight of Row 1166, and The act_dep_time of Row 146 is different from the act_dep_time of Row 1166.","(146, 1166)",True,True,True,True,False
1172,act_dep_time,rule_violation,7:42 p.m.,7:14 p.m.,0,"Constraint Violation: The flight of Row 51 is equal to the flight of Row 1172, and The act_dep_time of Row 51 is different from the act_dep_time of Row 1172.","(51, 1172)",True,True,True,True,False
1176,act_dep_time,rule_violation,8:26 a.m.,8:12 a.m.,0,"Constraint Violation: The flight of Row 266 is equal to the flight of Row 1176, and The act_dep_time of Row 266 is different from the act_dep_time of Row 1176.","(266, 1176)",True,True,True,True,False
1179,act_dep_time,rule_violation,5:38 p.m.,5:22 p.m.,0,"Constraint Violation: The flight of Row 87 is equal to the flight of Row 1179, and The act_dep_time of Row 87 is different from the act_dep_time of Row 1179.","(87, 1179)",True,True,True,True,False
1185,act_dep_time,rule_violation,12:42 p.m.,12:41 p.m.,0,"Constraint Violation: The flight of Row 4 is equal to the flight of Row 1185, and The act_dep_time of Row 4 is different from the act_dep_time of Row 1185.","(4, 1185)",True,True,True,True,False
1186,act_dep_time,rule_violation,12:56 p.m.,12:35 p.m.,0,"Constraint Violation: The flight of Row 571 is equal to the flight of Row 1186, and The act_dep_time of Row 571 is different from the act_dep_time of Row 1186.","(571, 1186)",True,True,True,True,False
1187,act_dep_time,rule_violation,12:08 p.m.,3:11 a.m.,0,"Constraint Violation: The flight of Row 86 is equal to the flight of Row 1187, and The act_dep_time of Row 86 is different from the act_dep_time of Row 1187.","(86, 1187)",True,True,True,True,False
1193,act_dep_time,rule_violation,2:38 p.m.,2:10 p.m.,0,"Constraint Violation: The flight of Row 97 is equal to the flight of Row 1193, and The act_dep_time of Row 97 is different from the act_dep_time of Row 1193.","(97, 1193)",True,True,True,True,False
1200,act_dep_time,rule_violation,2:43 p.m.,2:26 p.m.,0,"Constraint Violation: The flight of Row 307 is equal to the flight of Row 1200, and The act_dep_time of Row 307 is different from the act_dep_time of Row 1200.","(307, 1200)",True,True,True,True,False
1202,act_dep_time,rule_violation,3:17 p.m.,3:01 p.m.,0,"Constraint Violation: The flight of Row 120 is equal to the flight of Row 1202, and The act_dep_time of Row 120 is different from the act_dep_time of Row 1202.","(120, 1202)",True,True,True,True,False
1207,act_dep_time,rule_violation,3:04 p.m.,2:55 p.m.,0,"Constraint Violation: The flight of Row 315 is equal to the flight of Row 1207, and The act_dep_time of Row 315 is different from the act_dep_time of Row 1207.","(315, 1207)",True,True,True,True,False
1208,act_dep_time,rule_violation,9:43 a.m.,9:16 a.m.,0,"Constraint Violation: The flight of Row 129 is equal to the flight of Row 1208, and The act_dep_time of Row 129 is different from the act_dep_time of Row 1208.","(129, 1208)",True,True,True,True,False
1217,act_dep_time,rule_violation,3:38 p.m.,3:36 p.m.,0,"Constraint Violation: The flight of Row 44 is equal to the flight of Row 1217, and The act_dep_time of Row 44 is different from the act_dep_time of Row 1217.","(44, 1217)",True,True,True,True,False
1218,act_dep_time,rule_violation,6:56 p.m.,6:30 p.m.,0,"Constraint Violation: The flight of Row 2 is equal to the flight of Row 1218, and The act_dep_time of Row 2 is different from the act_dep_time of Row 1218.","(2, 1218)",True,True,True,True,False
1226,act_dep_time,rule_violation,8:48 a.m.,8:29 a.m.,0,"Constraint Violation: The flight of Row 153 is equal to the flight of Row 1226, and The act_dep_time of Row 153 is different from the act_dep_time of Row 1226.","(153, 1226)",True,True,True,True,False
1227,act_dep_time,rule_violation,9:00 a.m.,8:42 a.m.,0,"Constraint Violation: The flight of Row 154 is equal to the flight of Row 1227, and The act_dep_time of Row 154 is different from the act_dep_time of Row 1227.","(154, 1227)",True,True,True,True,False
1228,act_dep_time,rule_violation,7:59 p.m.,7:58 p.m.,0,"Constraint Violation: The flight of Row 1 is equal to the flight of Row 1228, and The act_dep_time of Row 1 is different from the act_dep_time of Row 1228.","(1, 1228)",True,True,True,True,False
1229,act_dep_time,rule_violation,3:50 p.m.,3:27 p.m.,0,"Constraint Violation: The flight of Row 256 is equal to the flight of Row 1229, and The act_dep_time of Row 256 is different from the act_dep_time of Row 1229.","(256, 1229)",True,True,True,True,False
1231,act_dep_time,rule_violation,11:41 a.m.,11:40 a.m.,0,"Constraint Violation: The flight of Row 45 is equal to the flight of Row 1231, and The act_dep_time of Row 45 is different from the act_dep_time of Row 1231.","(45, 1231)",True,True,True,True,False
1233,act_dep_time,rule_violation,11:29 p.m.,11:25 p.m.,0,"Constraint Violation: The flight of Row 5 is equal to the flight of Row 1233, and The act_dep_time of Row 5 is different from the act_dep_time of Row 1233.","(5, 1233)",True,True,True,True,False
1236,act_dep_time,rule_violation,4:10 p.m.,4:00 p.m.,0,"Constraint Violation: The flight of Row 263 is equal to the flight of Row 1236, and The act_dep_time of Row 263 is different from the act_dep_time of Row 1236.","(263, 1236)",True,True,True,True,False
1246,act_dep_time,rule_violation,3:04 p.m.,2:55 p.m.,0,"Constraint Violation: The flight of Row 320 is equal to the flight of Row 1246, and The act_dep_time of Row 320 is different from the act_dep_time of Row 1246.","(320, 1246)",True,True,True,True,False
1250,act_dep_time,rule_violation,11:45 a.m.,11:30 a.m.,0,"Constraint Violation: The flight of Row 271 is equal to the flight of Row 1250, and The act_dep_time of Row 271 is different from the act_dep_time of Row 1250.","(271, 1250)",True,True,True,True,False
1254,act_dep_time,rule_violation,2:03 p.m.,2:04 p.m.,0,"Constraint Violation: The flight of Row 14 is equal to the flight of Row 1254, and The act_dep_time of Row 14 is different from the act_dep_time of Row 1254.","(14, 1254)",True,True,True,True,False
1255,act_dep_time,rule_violation,8:07 a.m.,7:49 a.m.,0,"Constraint Violation: The flight of Row 618 is equal to the flight of Row 1255, and The act_dep_time of Row 618 is different from the act_dep_time of Row 1255.","(618, 1255)",True,True,True,True,False
1256,act_dep_time,rule_violation,12:56 p.m.,12:35 p.m.,0,"Constraint Violation: The flight of Row 571 is equal to the flight of Row 1256, and The act_dep_time of Row 571 is different from the act_dep_time of Row 1256.","(571, 1256)",True,True,True,True,False
1257,act_dep_time,rule_violation,12:14 p.m.,12:13 p.m.,0,"Constraint Violation: The flight of Row 16 is equal to the flight of Row 1257, and The act_dep_time of Row 16 is different from the act_dep_time of Row 1257.","(16, 1257)",True,True,True,True,False
1258,act_dep_time,rule_violation,2:43 p.m.,2:26 p.m.,0,"Constraint Violation: The flight of Row 307 is equal to the flight of Row 1258, and The act_dep_time of Row 307 is different from the act_dep_time of Row 1258.","(307, 1258)",True,True,True,True,False
1259,act_dep_time,rule_violation,12:07 p.m.,3:11 a.m.,0,"Constraint Violation: The flight of Row 186 is equal to the flight of Row 1259, and The act_dep_time of Row 186 is different from the act_dep_time of Row 1259.","(186, 1259)",True,True,True,True,False
1263,act_dep_time,rule_violation,1:43 p.m.,1:32 p.m.,0,"Constraint Violation: The flight of Row 190 is equal to the flight of Row 1263, and The act_dep_time of Row 190 is different from the act_dep_time of Row 1263.","(190, 1263)",True,True,True,True,False
1266,act_dep_time,rule_violation,6:47 p.m.,6:30 p.m.,0,"Constraint Violation: The flight of Row 2 is equal to the flight of Row 1266, and The act_dep_time of Row 2 is different from the act_dep_time of Row 1266.","(2, 1266)",True,True,True,True,False
1267,act_dep_time,rule_violation,6:56 p.m.,6:55 p.m.,0,"Constraint Violation: The flight of Row 23 is equal to the flight of Row 1267, and The act_dep_time of Row 23 is different from the act_dep_time of Row 1267.","(23, 1267)",True,True,True,True,False
1272,act_dep_time,rule_violation,6:57 a.m.,6:56 a.m.,0,"Constraint Violation: The flight of Row 25 is equal to the flight of Row 1272, and The act_dep_time of Row 25 is different from the act_dep_time of Row 1272.","(25, 1272)",True,True,True,True,False
1274,act_dep_time,rule_violation,5:09 p.m.,5:08 p.m.,0,"Constraint Violation: The flight of Row 27 is equal to the flight of Row 1274, and The act_dep_time of Row 27 is different from the act_dep_time of Row 1274.","(27, 1274)",True,True,True,True,False
1276,act_dep_time,rule_violation,4:44 p.m.,4:28 p.m.,0,"Constraint Violation: The flight of Row 201 is equal to the flight of Row 1276, and The act_dep_time of Row 201 is different from the act_dep_time of Row 1276.","(201, 1276)",True,True,True,True,False
1277,act_dep_time,rule_violation,4:37 p.m.,4:15 p.m.,0,"Constraint Violation: The flight of Row 295 is equal to the flight of Row 1277, and The act_dep_time of Row 295 is different from the act_dep_time of Row 1277.","(295, 1277)",True,True,True,True,False
1282,act_dep_time,rule_violation,1:48 p.m.,1:31 p.m.,0,"Constraint Violation: The flight of Row 300 is equal to the flight of Row 1282, and The act_dep_time of Row 300 is different from the act_dep_time of Row 1282.","(300, 1282)",True,True,True,True,False
1283,act_dep_time,rule_violation,12:42 p.m.,12:41 p.m.,0,"Constraint Violation: The flight of Row 4 is equal to the flight of Row 1283, and The act_dep_time of Row 4 is different from the act_dep_time of Row 1283.","(4, 1283)",True,True,True,True,False
1287,act_dep_time,rule_violation,9:06 p.m.,9:00 p.m.,0,"Constraint Violation: The flight of Row 32 is equal to the flight of Row 1287, and The act_dep_time of Row 32 is different from the act_dep_time of Row 1287.","(32, 1287)",True,True,True,True,False
1290,act_dep_time,rule_violation,8:52 a.m.,8:51 a.m.,0,"Constraint Violation: The flight of Row 35 is equal to the flight of Row 1290, and The act_dep_time of Row 35 is different from the act_dep_time of Row 1290.","(35, 1290)",True,True,True,True,False
1291,act_dep_time,rule_violation,8:37 a.m.,8:26 a.m.,0,"Constraint Violation: The flight of Row 308 is equal to the flight of Row 1291, and The act_dep_time of Row 308 is different from the act_dep_time of Row 1291.","(308, 1291)",True,True,True,True,False
1292,act_dep_time,rule_violation,1:41 p.m.,1:30 p.m.,0,"Constraint Violation: The flight of Row 36 is equal to the flight of Row 1292, and The act_dep_time of Row 36 is different from the act_dep_time of Row 1292.","(36, 1292)",True,True,True,True,False
1296,act_dep_time,rule_violation,5:38 p.m.,5:30 p.m.,0,"Constraint Violation: The flight of Row 221 is equal to the flight of Row 1296, and The act_dep_time of Row 221 is different from the act_dep_time of Row 1296.","(221, 1296)",True,True,True,True,False
1299,act_dep_time,rule_violation,8:40 p.m.,8:39 p.m.,0,"Constraint Violation: The flight of Row 37 is equal to the flight of Row 1299, and The act_dep_time of Row 37 is different from the act_dep_time of Row 1299.","(37, 1299)",True,True,True,True,False
1300,act_dep_time,rule_violation,3:04 p.m.,2:55 p.m.,0,"Constraint Violation: The flight of Row 315 is equal to the flight of Row 1300, and The act_dep_time of Row 315 is different from the act_dep_time of Row 1300.","(315, 1300)",True,True,True,True,False
1310,act_dep_time,rule_violation,8:55 a.m.,8:56 a.m.,0,"Constraint Violation: The flight of Row 43 is equal to the flight of Row 1310, and The act_dep_time of Row 43 is different from the act_dep_time of Row 1310.","(43, 1310)",True,True,True,True,False
1311,act_dep_time,rule_violation,3:38 p.m.,3:36 p.m.,0,"Constraint Violation: The flight of Row 44 is equal to the flight of Row 1311, and The act_dep_time of Row 44 is different from the act_dep_time of Row 1311.","(44, 1311)",True,True,True,True,False
1318,act_dep_time,rule_violation,6:58 a.m.,6:57 a.m.,0,"Constraint Violation: The flight of Row 18 is equal to the flight of Row 1318, and The act_dep_time of Row 18 is different from the act_dep_time of Row 1318.","(18, 1318)",True,True,True,True,False
1328,act_dep_time,rule_violation,7:45 p.m.,7:58 p.m.,0,"Constraint Violation: The flight of Row 1 is equal to the flight of Row 1328, and The act_dep_time of Row 1 is different from the act_dep_time of Row 1328.","(1, 1328)",True,True,True,True,False
1336,act_dep_time,rule_violation,3:58 p.m.,4:00 p.m.,0,"Constraint Violation: The flight of Row 63 is equal to the flight of Row 1336, and The act_dep_time of Row 63 is different from the act_dep_time of Row 1336.","(63, 1336)",True,True,True,True,False
1342,act_dep_time,rule_violation,4:16 p.m.,4:29 p.m.,0,"Constraint Violation: The flight of Row 7 is equal to the flight of Row 1342, and The act_dep_time of Row 7 is different from the act_dep_time of Row 1342.","(7, 1342)",True,True,True,True,False
1346,act_dep_time,rule_violation,2:46 p.m.,2:55 p.m.,0,"Constraint Violation: The flight of Row 73 is equal to the flight of Row 1346, and The act_dep_time of Row 73 is different from the act_dep_time of Row 1346.","(73, 1346)",True,True,True,True,False
1354,act_dep_time,rule_violation,1:48 p.m.,2:04 p.m.,0,"Constraint Violation: The flight of Row 14 is equal to the flight of Row 1354, and The act_dep_time of Row 14 is different from the act_dep_time of Row 1354.","(14, 1354)",True,True,True,True,False
1367,act_dep_time,rule_violation,6:40 p.m.,6:55 p.m.,0,"Constraint Violation: The flight of Row 23 is equal to the flight of Row 1367, and The act_dep_time of Row 23 is different from the act_dep_time of Row 1367.","(23, 1367)",True,True,True,True,False
1373,act_dep_time,rule_violation,4:56 p.m.,5:08 p.m.,0,"Constraint Violation: The flight of Row 27 is equal to the flight of Row 1373, and The act_dep_time of Row 27 is different from the act_dep_time of Row 1373.","(27, 1373)",True,True,True,True,False
1376,act_dep_time,rule_violation,8:01 p.m.,8:23 p.m.,0,"Constraint Violation: The flight of Row 28 is equal to the flight of Row 1376, and The act_dep_time of Row 28 is different from the act_dep_time of Row 1376.","(28, 1376)",True,True,True,True,False
1396,act_dep_time,rule_violation,8:30 p.m.,8:39 p.m.,0,"Constraint Violation: The flight of Row 37 is equal to the flight of Row 1396, and The act_dep_time of Row 37 is different from the act_dep_time of Row 1396.","(37, 1396)",True,True,True,True,False
1397,act_dep_time,rule_violation,2:52 p.m.,2:55 p.m.,0,"Constraint Violation: The flight of Row 127 is equal to the flight of Row 1397, and The act_dep_time of Row 127 is different from the act_dep_time of Row 1397.","(127, 1397)",True,True,True,True,False
1400,act_dep_time,rule_violation,2:32 p.m.,2:44 p.m.,0,"Constraint Violation: The flight of Row 38 is equal to the flight of Row 1400, and The act_dep_time of Row 38 is different from the act_dep_time of Row 1400.","(38, 1400)",True,True,True,True,False
1401,act_dep_time,rule_violation,3:00 p.m.,3:27 p.m.,0,"Constraint Violation: The flight of Row 39 is equal to the flight of Row 1401, and The act_dep_time of Row 39 is different from the act_dep_time of Row 1401.","(39, 1401)",True,True,True,True,False
1403,act_dep_time,rule_violation,12:01 p.m.,12:10 p.m.,0,"Constraint Violation: The flight of Row 41 is equal to the flight of Row 1403, and The act_dep_time of Row 41 is different from the act_dep_time of Row 1403.","(41, 1403)",True,True,True,True,False
1408,act_dep_time,rule_violation,3:09 p.m.,3:36 p.m.,0,"Constraint Violation: The flight of Row 44 is equal to the flight of Row 1408, and The act_dep_time of Row 44 is different from the act_dep_time of Row 1408.","(44, 1408)",True,True,True,True,False
1411,act_dep_time,rule_violation,3:52 p.m.,4:12 p.m.,0,"Constraint Violation: The flight of Row 46 is equal to the flight of Row 1411, and The act_dep_time of Row 46 is different from the act_dep_time of Row 1411.","(46, 1411)",True,True,True,True,False
1467,act_dep_time,rule_violation,2:46 p.m.,2:55 p.m.,0,"Constraint Violation: The flight of Row 73 is equal to the flight of Row 1467, and The act_dep_time of Row 73 is different from the act_dep_time of Row 1467.","(73, 1467)",True,True,True,True,False
1490,act_dep_time,rule_violation,8:48 a.m.,8:29 a.m.,0,"Constraint Violation: The flight of Row 153 is equal to the flight of Row 1490, and The act_dep_time of Row 153 is different from the act_dep_time of Row 1490.","(153, 1490)",True,True,True,True,False
1491,act_dep_time,rule_violation,9:00 a.m.,8:42 a.m.,0,"Constraint Violation: The flight of Row 154 is equal to the flight of Row 1491, and The act_dep_time of Row 154 is different from the act_dep_time of Row 1491.","(154, 1491)",True,True,True,True,False
1492,act_dep_time,rule_violation,7:59 p.m.,7:58 p.m.,0,"Constraint Violation: The flight of Row 1 is equal to the flight of Row 1492, and The act_dep_time of Row 1 is different from the act_dep_time of Row 1492.","(1, 1492)",True,True,True,True,False
1493,act_dep_time,rule_violation,3:50 p.m.,3:27 p.m.,0,"Constraint Violation: The flight of Row 256 is equal to the flight of Row 1493, and The act_dep_time of Row 256 is different from the act_dep_time of Row 1493.","(256, 1493)",True,True,True,True,False
1495,act_dep_time,rule_violation,11:41 a.m.,11:40 a.m.,0,"Constraint Violation: The flight of Row 45 is equal to the flight of Row 1495, and The act_dep_time of Row 45 is different from the act_dep_time of Row 1495.","(45, 1495)",True,True,True,True,False
1497,act_dep_time,rule_violation,11:29 p.m.,11:25 p.m.,0,"Constraint Violation: The flight of Row 5 is equal to the flight of Row 1497, and The act_dep_time of Row 5 is different from the act_dep_time of Row 1497.","(5, 1497)",True,True,True,True,False
1500,act_dep_time,rule_violation,4:10 p.m.,4:00 p.m.,0,"Constraint Violation: The flight of Row 263 is equal to the flight of Row 1500, and The act_dep_time of Row 263 is different from the act_dep_time of Row 1500.","(263, 1500)",True,True,True,True,False
1510,act_dep_time,rule_violation,3:04 p.m.,2:55 p.m.,0,"Constraint Violation: The flight of Row 320 is equal to the flight of Row 1510, and The act_dep_time of Row 320 is different from the act_dep_time of Row 1510.","(320, 1510)",True,True,True,True,False
1514,act_dep_time,rule_violation,11:45 a.m.,11:30 a.m.,0,"Constraint Violation: The flight of Row 271 is equal to the flight of Row 1514, and The act_dep_time of Row 271 is different from the act_dep_time of Row 1514.","(271, 1514)",True,True,True,True,False
1518,act_dep_time,rule_violation,2:03 p.m.,2:04 p.m.,0,"Constraint Violation: The flight of Row 14 is equal to the flight of Row 1518, and The act_dep_time of Row 14 is different from the act_dep_time of Row 1518.","(14, 1518)",True,True,True,True,False
1519,act_dep_time,rule_violation,8:07 a.m.,7:49 a.m.,0,"Constraint Violation: The flight of Row 618 is equal to the flight of Row 1519, and The act_dep_time of Row 618 is different from the act_dep_time of Row 1519.","(618, 1519)",True,True,True,True,False
1520,act_dep_time,rule_violation,12:56 p.m.,12:35 p.m.,0,"Constraint Violation: The flight of Row 571 is equal to the flight of Row 1520, and The act_dep_time of Row 571 is different from the act_dep_time of Row 1520.","(571, 1520)",True,True,True,True,False
1521,act_dep_time,rule_violation,12:14 p.m.,12:13 p.m.,0,"Constraint Violation: The flight of Row 16 is equal to the flight of Row 1521, and The act_dep_time of Row 16 is different from the act_dep_time of Row 1521.","(16, 1521)",True,True,True,True,False
1522,act_dep_time,rule_violation,2:43 p.m.,2:26 p.m.,0,"Constraint Violation: The flight of Row 307 is equal to the flight of Row 1522, and The act_dep_time of Row 307 is different from the act_dep_time of Row 1522.","(307, 1522)",True,True,True,True,False
1523,act_dep_time,rule_violation,12:07 p.m.,3:11 a.m.,0,"Constraint Violation: The flight of Row 186 is equal to the flight of Row 1523, and The act_dep_time of Row 186 is different from the act_dep_time of Row 1523.","(186, 1523)",True,True,True,True,False
1527,act_dep_time,rule_violation,1:43 p.m.,1:32 p.m.,0,"Constraint Violation: The flight of Row 190 is equal to the flight of Row 1527, and The act_dep_time of Row 190 is different from the act_dep_time of Row 1527.","(190, 1527)",True,True,True,True,False
1530,act_dep_time,rule_violation,6:47 p.m.,6:30 p.m.,0,"Constraint Violation: The flight of Row 2 is equal to the flight of Row 1530, and The act_dep_time of Row 2 is different from the act_dep_time of Row 1530.","(2, 1530)",True,True,True,True,False
1531,act_dep_time,rule_violation,6:56 p.m.,6:55 p.m.,0,"Constraint Violation: The flight of Row 23 is equal to the flight of Row 1531, and The act_dep_time of Row 23 is different from the act_dep_time of Row 1531.","(23, 1531)",True,True,True,True,False
1536,act_dep_time,rule_violation,6:57 a.m.,6:56 a.m.,0,"Constraint Violation: The flight of Row 25 is equal to the flight of Row 1536, and The act_dep_time of Row 25 is different from the act_dep_time of Row 1536.","(25, 1536)",True,True,True,True,False
1538,act_dep_time,rule_violation,5:09 p.m.,5:08 p.m.,0,"Constraint Violation: The flight of Row 27 is equal to the flight of Row 1538, and The act_dep_time of Row 27 is different from the act_dep_time of Row 1538.","(27, 1538)",True,True,True,True,False
1540,act_dep_time,rule_violation,4:44 p.m.,4:28 p.m.,0,"Constraint Violation: The flight of Row 201 is equal to the flight of Row 1540, and The act_dep_time of Row 201 is different from the act_dep_time of Row 1540.","(201, 1540)",True,True,True,True,False
1541,act_dep_time,rule_violation,4:37 p.m.,4:15 p.m.,0,"Constraint Violation: The flight of Row 295 is equal to the flight of Row 1541, and The act_dep_time of Row 295 is different from the act_dep_time of Row 1541.","(295, 1541)",True,True,True,True,False
1546,act_dep_time,rule_violation,1:48 p.m.,1:31 p.m.,0,"Constraint Violation: The flight of Row 300 is equal to the flight of Row 1546, and The act_dep_time of Row 300 is different from the act_dep_time of Row 1546.","(300, 1546)",True,True,True,True,False
1547,act_dep_time,rule_violation,12:42 p.m.,12:41 p.m.,0,"Constraint Violation: The flight of Row 4 is equal to the flight of Row 1547, and The act_dep_time of Row 4 is different from the act_dep_time of Row 1547.","(4, 1547)",True,True,True,True,False
1551,act_dep_time,rule_violation,9:06 p.m.,9:00 p.m.,0,"Constraint Violation: The flight of Row 32 is equal to the flight of Row 1551, and The act_dep_time of Row 32 is different from the act_dep_time of Row 1551.","(32, 1551)",True,True,True,True,False
1554,act_dep_time,rule_violation,8:52 a.m.,8:51 a.m.,0,"Constraint Violation: The flight of Row 35 is equal to the flight of Row 1554, and The act_dep_time of Row 35 is different from the act_dep_time of Row 1554.","(35, 1554)",True,True,True,True,False
1555,act_dep_time,rule_violation,8:37 a.m.,8:26 a.m.,0,"Constraint Violation: The flight of Row 308 is equal to the flight of Row 1555, and The act_dep_time of Row 308 is different from the act_dep_time of Row 1555.","(308, 1555)",True,True,True,True,False
1556,act_dep_time,rule_violation,1:41 p.m.,1:30 p.m.,0,"Constraint Violation: The flight of Row 36 is equal to the flight of Row 1556, and The act_dep_time of Row 36 is different from the act_dep_time of Row 1556.","(36, 1556)",True,True,True,True,False
1560,act_dep_time,rule_violation,5:38 p.m.,5:30 p.m.,0,"Constraint Violation: The flight of Row 221 is equal to the flight of Row 1560, and The act_dep_time of Row 221 is different from the act_dep_time of Row 1560.","(221, 1560)",True,True,True,True,False
1563,act_dep_time,rule_violation,8:40 p.m.,8:39 p.m.,0,"Constraint Violation: The flight of Row 37 is equal to the flight of Row 1563, and The act_dep_time of Row 37 is different from the act_dep_time of Row 1563.","(37, 1563)",True,True,True,True,False
1564,act_dep_time,rule_violation,3:04 p.m.,2:55 p.m.,0,"Constraint Violation: The flight of Row 315 is equal to the flight of Row 1564, and The act_dep_time of Row 315 is different from the act_dep_time of Row 1564.","(315, 1564)",True,True,True,True,False
1574,act_dep_time,rule_violation,8:55 a.m.,8:56 a.m.,0,"Constraint Violation: The flight of Row 43 is equal to the flight of Row 1574, and The act_dep_time of Row 43 is different from the act_dep_time of Row 1574.","(43, 1574)",True,True,True,True,False
1575,act_dep_time,rule_violation,3:38 p.m.,3:36 p.m.,0,"Constraint Violation: The flight of Row 44 is equal to the flight of Row 1575, and The act_dep_time of Row 44 is different from the act_dep_time of Row 1575.","(44, 1575)",True,True,True,True,False
1582,act_dep_time,rule_violation,6:58 a.m.,6:57 a.m.,0,"Constraint Violation: The flight of Row 18 is equal to the flight of Row 1582, and The act_dep_time of Row 18 is different from the act_dep_time of Row 1582.","(18, 1582)",True,True,True,True,False
1587,act_dep_time,rule_violation,7:45 p.m.,7:58 p.m.,0,"Constraint Violation: The flight of Row 1 is equal to the flight of Row 1587, and The act_dep_time of Row 1 is different from the act_dep_time of Row 1587.","(1, 1587)",True,True,True,True,False
1595,act_dep_time,rule_violation,3:58 p.m.,4:00 p.m.,0,"Constraint Violation: The flight of Row 63 is equal to the flight of Row 1595, and The act_dep_time of Row 63 is different from the act_dep_time of Row 1595.","(63, 1595)",True,True,True,True,False
1605,act_dep_time,rule_violation,9:59 a.m.,10:10 a.m.,0,"Constraint Violation: The flight of Row 15 is equal to the flight of Row 1605, and The act_dep_time of Row 15 is different from the act_dep_time of Row 1605.","(15, 1605)",True,True,True,True,False
1612,act_dep_time,rule_violation,4:56 p.m.,5:08 p.m.,0,"Constraint Violation: The flight of Row 27 is equal to the flight of Row 1612, and The act_dep_time of Row 27 is different from the act_dep_time of Row 1612.","(27, 1612)",True,True,True,True,False
1614,act_dep_time,rule_violation,8:01 p.m.,8:23 p.m.,0,"Constraint Violation: The flight of Row 28 is equal to the flight of Row 1614, and The act_dep_time of Row 28 is different from the act_dep_time of Row 1614.","(28, 1614)",True,True,True,True,False
1616,act_dep_time,rule_violation,6:40 p.m.,6:55 p.m.,0,"Constraint Violation: The flight of Row 23 is equal to the flight of Row 1616, and The act_dep_time of Row 23 is different from the act_dep_time of Row 1616.","(23, 1616)",True,True,True,True,False
1626,act_dep_time,rule_violation,8:30 p.m.,8:39 p.m.,0,"Constraint Violation: The flight of Row 37 is equal to the flight of Row 1626, and The act_dep_time of Row 37 is different from the act_dep_time of Row 1626.","(37, 1626)",True,True,True,True,False
1627,act_dep_time,rule_violation,3:00 p.m.,3:27 p.m.,0,"Constraint Violation: The flight of Row 39 is equal to the flight of Row 1627, and The act_dep_time of Row 39 is different from the act_dep_time of Row 1627.","(39, 1627)",True,True,True,True,False
1628,act_dep_time,rule_violation,7:41 a.m.,7:27 a.m.,0,"Constraint Violation: The flight of Row 311 is equal to the flight of Row 1628, and The act_dep_time of Row 311 is different from the act_dep_time of Row 1628.","(311, 1628)",True,True,True,True,False
1629,act_dep_time,rule_violation,12:01 p.m.,12:10 p.m.,0,"Constraint Violation: The flight of Row 41 is equal to the flight of Row 1629, and The act_dep_time of Row 41 is different from the act_dep_time of Row 1629.","(41, 1629)",True,True,True,True,False
1634,act_dep_time,rule_violation,3:52 p.m.,4:12 p.m.,0,"Constraint Violation: The flight of Row 46 is equal to the flight of Row 1634, and The act_dep_time of Row 46 is different from the act_dep_time of Row 1634.","(46, 1634)",True,True,True,True,False
1663,act_dep_time,rule_violation,7:42 p.m.,7:14 p.m.,0,"Constraint Violation: The flight of Row 51 is equal to the flight of Row 1663, and The act_dep_time of Row 51 is different from the act_dep_time of Row 1663.","(51, 1663)",True,True,True,True,False
1664,act_dep_time,rule_violation,8:51 a.m.,8:42 a.m.,0,"Constraint Violation: The flight of Row 54 is equal to the flight of Row 1664, and The act_dep_time of Row 54 is different from the act_dep_time of Row 1664.","(54, 1664)",True,True,True,True,False
1665,act_dep_time,rule_violation,7:59 p.m.,7:58 p.m.,0,"Constraint Violation: The flight of Row 1 is equal to the flight of Row 1665, and The act_dep_time of Row 1 is different from the act_dep_time of Row 1665.","(1, 1665)",True,True,True,True,False
1666,act_dep_time,rule_violation,11:57 p.m.,11:25 p.m.,0,"Constraint Violation: The flight of Row 5 is equal to the flight of Row 1666, and The act_dep_time of Row 5 is different from the act_dep_time of Row 1666.","(5, 1666)",True,True,True,True,False
1667,act_dep_time,rule_violation,4:10 p.m.,4:00 p.m.,0,"Constraint Violation: The flight of Row 263 is equal to the flight of Row 1667, and The act_dep_time of Row 263 is different from the act_dep_time of Row 1667.","(263, 1667)",True,True,True,True,False
1668,act_dep_time,rule_violation,7:56 a.m.,7:29 a.m.,0,"Constraint Violation: The flight of Row 64 is equal to the flight of Row 1668, and The act_dep_time of Row 64 is different from the act_dep_time of Row 1668.","(64, 1668)",True,True,True,True,False
1673,act_dep_time,rule_violation,12:06 p.m.,11:56 a.m.,0,"Constraint Violation: The flight of Row 75 is equal to the flight of Row 1673, and The act_dep_time of Row 75 is different from the act_dep_time of Row 1673.","(75, 1673)",True,True,True,True,False
1675,act_dep_time,rule_violation,11:45 a.m.,11:30 a.m.,0,"Constraint Violation: The flight of Row 271 is equal to the flight of Row 1675, and The act_dep_time of Row 271 is different from the act_dep_time of Row 1675.","(271, 1675)",True,True,True,True,False
1676,act_dep_time,rule_violation,8:05 a.m.,8:04 a.m.,0,"Constraint Violation: The flight of Row 11 is equal to the flight of Row 1676, and The act_dep_time of Row 11 is different from the act_dep_time of Row 1676.","(11, 1676)",True,True,True,True,False
1681,act_dep_time,rule_violation,12:42 p.m.,12:41 p.m.,0,"Constraint Violation: The flight of Row 4 is equal to the flight of Row 1681, and The act_dep_time of Row 4 is different from the act_dep_time of Row 1681.","(4, 1681)",True,True,True,True,False
1682,act_dep_time,rule_violation,12:56 p.m.,12:35 p.m.,0,"Constraint Violation: The flight of Row 571 is equal to the flight of Row 1682, and The act_dep_time of Row 571 is different from the act_dep_time of Row 1682.","(571, 1682)",True,True,True,True,False
1684,act_dep_time,rule_violation,12:07 p.m.,3:11 a.m.,0,"Constraint Violation: The flight of Row 186 is equal to the flight of Row 1684, and The act_dep_time of Row 186 is different from the act_dep_time of Row 1684.","(186, 1684)",True,True,True,True,False
1685,act_dep_time,rule_violation,5:38 p.m.,5:22 p.m.,0,"Constraint Violation: The flight of Row 87 is equal to the flight of Row 1685, and The act_dep_time of Row 87 is different from the act_dep_time of Row 1685.","(87, 1685)",True,True,True,True,False
1687,act_dep_time,rule_violation,7:27 p.m.,8:25 p.m.,0,"Constraint Violation: The flight of Row 88 is equal to the flight of Row 1687, and The act_dep_time of Row 88 is different from the act_dep_time of Row 1687.","(88, 1687)",True,True,True,True,False
1692,act_dep_time,rule_violation,6:47 p.m.,6:30 p.m.,0,"Constraint Violation: The flight of Row 2 is equal to the flight of Row 1692, and The act_dep_time of Row 2 is different from the act_dep_time of Row 1692.","(2, 1692)",True,True,True,True,False
1693,act_dep_time,rule_violation,6:56 p.m.,6:55 p.m.,0,"Constraint Violation: The flight of Row 23 is equal to the flight of Row 1693, and The act_dep_time of Row 23 is different from the act_dep_time of Row 1693.","(23, 1693)",True,True,True,True,False
1695,act_dep_time,rule_violation,7:25 p.m.,7:15 p.m.,0,"Constraint Violation: The flight of Row 96 is equal to the flight of Row 1695, and The act_dep_time of Row 96 is different from the act_dep_time of Row 1695.","(96, 1695)",True,True,True,True,False
1700,act_dep_time,rule_violation,4:45 p.m.,4:28 p.m.,0,"Constraint Violation: The flight of Row 103 is equal to the flight of Row 1700, and The act_dep_time of Row 103 is different from the act_dep_time of Row 1700.","(103, 1700)",True,True,True,True,False
1703,act_dep_time,rule_violation,1:48 p.m.,1:31 p.m.,0,"Constraint Violation: The flight of Row 300 is equal to the flight of Row 1703, and The act_dep_time of Row 300 is different from the act_dep_time of Row 1703.","(300, 1703)",True,True,True,True,False
1705,act_dep_time,rule_violation,4:35 p.m.,4:25 p.m.,0,"Constraint Violation: The flight of Row 113 is equal to the flight of Row 1705, and The act_dep_time of Row 113 is different from the act_dep_time of Row 1705.","(113, 1705)",True,True,True,True,False
1706,act_dep_time,rule_violation,9:16 p.m.,9:00 p.m.,0,"Constraint Violation: The flight of Row 32 is equal to the flight of Row 1706, and The act_dep_time of Row 32 is different from the act_dep_time of Row 1706.","(32, 1706)",True,True,True,True,False
1710,act_dep_time,rule_violation,1:40 p.m.,1:30 p.m.,0,"Constraint Violation: The flight of Row 36 is equal to the flight of Row 1710, and The act_dep_time of Row 36 is different from the act_dep_time of Row 1710.","(36, 1710)",True,True,True,True,False
1711,act_dep_time,rule_violation,11:35 p.m.,11:08 p.m.,0,"Constraint Violation: The flight of Row 122 is equal to the flight of Row 1711, and The act_dep_time of Row 122 is different from the act_dep_time of Row 1711.","(122, 1711)",True,True,True,True,False
1712,act_dep_time,rule_violation,6:11 p.m.,5:30 p.m.,0,"Constraint Violation: The flight of Row 123 is equal to the flight of Row 1712, and The act_dep_time of Row 123 is different from the act_dep_time of Row 1712.","(123, 1712)",True,True,True,True,False
1713,act_dep_time,rule_violation,8:40 p.m.,8:39 p.m.,0,"Constraint Violation: The flight of Row 37 is equal to the flight of Row 1713, and The act_dep_time of Row 37 is different from the act_dep_time of Row 1713.","(37, 1713)",True,True,True,True,False
1724,act_dep_time,rule_violation,4:14 p.m.,3:58 p.m.,0,"Constraint Violation: The flight of Row 146 is equal to the flight of Row 1724, and The act_dep_time of Row 146 is different from the act_dep_time of Row 1724.","(146, 1724)",True,True,True,True,False
1771,act_dep_time,rule_violation,3:58 p.m.,4:00 p.m.,0,"Constraint Violation: The flight of Row 63 is equal to the flight of Row 1771, and The act_dep_time of Row 63 is different from the act_dep_time of Row 1771.","(63, 1771)",True,True,True,True,False
1781,act_dep_time,rule_violation,2:46 p.m.,2:55 p.m.,0,"Constraint Violation: The flight of Row 73 is equal to the flight of Row 1781, and The act_dep_time of Row 73 is different from the act_dep_time of Row 1781.","(73, 1781)",True,True,True,True,False
1833,act_dep_time,rule_violation,2:52 p.m.,2:55 p.m.,0,"Constraint Violation: The flight of Row 127 is equal to the flight of Row 1833, and The act_dep_time of Row 127 is different from the act_dep_time of Row 1833.","(127, 1833)",True,True,True,True,False
1871,act_dep_time,rule_violation,3:58 p.m.,4:00 p.m.,0,"Constraint Violation: The flight of Row 63 is equal to the flight of Row 1871, and The act_dep_time of Row 63 is different from the act_dep_time of Row 1871.","(63, 1871)",True,True,True,True,False
1922,act_dep_time,rule_violation,2:46 p.m.,2:55 p.m.,0,"Constraint Violation: The flight of Row 73 is equal to the flight of Row 1922, and The act_dep_time of Row 73 is different from the act_dep_time of Row 1922.","(73, 1922)",True,True,True,True,False
1932,act_dep_time,rule_violation,2:52 p.m.,2:55 p.m.,0,"Constraint Violation: The flight of Row 127 is equal to the flight of Row 1932, and The act_dep_time of Row 127 is different from the act_dep_time of Row 1932.","(127, 1932)",True,True,True,True,False
1951,act_dep_time,rule_violation,7:42 p.m.,7:14 p.m.,0,"Constraint Violation: The flight of Row 51 is equal to the flight of Row 1951, and The act_dep_time of Row 51 is different from the act_dep_time of Row 1951.","(51, 1951)",True,True,True,True,False
1953,act_dep_time,rule_violation,8:49 a.m.,8:29 a.m.,0,"Constraint Violation: The flight of Row 53 is equal to the flight of Row 1953, and The act_dep_time of Row 53 is different from the act_dep_time of Row 1953.","(53, 1953)",True,True,True,True,False
1955,act_dep_time,rule_violation,7:59 p.m.,7:58 p.m.,0,"Constraint Violation: The flight of Row 1 is equal to the flight of Row 1955, and The act_dep_time of Row 1 is different from the act_dep_time of Row 1955.","(1, 1955)",True,True,True,True,False
1957,act_dep_time,rule_violation,3:50 p.m.,3:27 p.m.,0,"Constraint Violation: The flight of Row 256 is equal to the flight of Row 1957, and The act_dep_time of Row 256 is different from the act_dep_time of Row 1957.","(256, 1957)",True,True,True,True,False
1958,act_dep_time,rule_violation,12:37 p.m.,11:32 a.m.,0,"Constraint Violation: The flight of Row 57 is equal to the flight of Row 1958, and The act_dep_time of Row 57 is different from the act_dep_time of Row 1958.","(57, 1958)",True,True,True,True,False
1963,act_dep_time,rule_violation,4:10 p.m.,4:00 p.m.,0,"Constraint Violation: The flight of Row 263 is equal to the flight of Row 1963, and The act_dep_time of Row 263 is different from the act_dep_time of Row 1963.","(263, 1963)",True,True,True,True,False
1964,act_dep_time,rule_violation,7:56 a.m.,7:29 a.m.,0,"Constraint Violation: The flight of Row 64 is equal to the flight of Row 1964, and The act_dep_time of Row 64 is different from the act_dep_time of Row 1964.","(64, 1964)",True,True,True,True,False
1969,act_dep_time,rule_violation,4:30 p.m.,4:29 p.m.,0,"Constraint Violation: The flight of Row 7 is equal to the flight of Row 1969, and The act_dep_time of Row 7 is different from the act_dep_time of Row 1969.","(7, 1969)",True,True,True,True,False
1971,act_dep_time,rule_violation,2:59 p.m.,2:48 p.m.,0,"Constraint Violation: The flight of Row 71 is equal to the flight of Row 1971, and The act_dep_time of Row 71 is different from the act_dep_time of Row 1971.","(71, 1971)",True,True,True,True,False
1972,act_dep_time,rule_violation,8:18 a.m.,8:00 a.m.,0,"Constraint Violation: The flight of Row 72 is equal to the flight of Row 1972, and The act_dep_time of Row 72 is different from the act_dep_time of Row 1972.","(72, 1972)",True,True,True,True,False
1973,act_dep_time,rule_violation,3:04 p.m.,2:55 p.m.,0,"Constraint Violation: The flight of Row 320 is equal to the flight of Row 1973, and The act_dep_time of Row 320 is different from the act_dep_time of Row 1973.","(320, 1973)",True,True,True,True,False
1975,act_dep_time,rule_violation,12:06 p.m.,11:56 a.m.,0,"Constraint Violation: The flight of Row 75 is equal to the flight of Row 1975, and The act_dep_time of Row 75 is different from the act_dep_time of Row 1975.","(75, 1975)",True,True,True,True,False
1977,act_dep_time,rule_violation,11:45 a.m.,11:30 a.m.,0,"Constraint Violation: The flight of Row 271 is equal to the flight of Row 1977, and The act_dep_time of Row 271 is different from the act_dep_time of Row 1977.","(271, 1977)",True,True,True,True,False
1982,act_dep_time,rule_violation,8:07 a.m.,7:49 a.m.,0,"Constraint Violation: The flight of Row 618 is equal to the flight of Row 1982, and The act_dep_time of Row 618 is different from the act_dep_time of Row 1982.","(618, 1982)",True,True,True,True,False
1983,act_dep_time,rule_violation,12:56 p.m.,12:35 p.m.,0,"Constraint Violation: The flight of Row 571 is equal to the flight of Row 1983, and The act_dep_time of Row 571 is different from the act_dep_time of Row 1983.","(571, 1983)",True,True,True,True,False
1984,act_dep_time,rule_violation,12:14 p.m.,12:13 p.m.,0,"Constraint Violation: The flight of Row 16 is equal to the flight of Row 1984, and The act_dep_time of Row 16 is different from the act_dep_time of Row 1984.","(16, 1984)",True,True,True,True,False
1985,act_dep_time,rule_violation,2:43 p.m.,2:26 p.m.,0,"Constraint Violation: The flight of Row 307 is equal to the flight of Row 1985, and The act_dep_time of Row 307 is different from the act_dep_time of Row 1985.","(307, 1985)",True,True,True,True,False
1986,act_dep_time,rule_violation,12:08 p.m.,3:11 a.m.,0,"Constraint Violation: The flight of Row 86 is equal to the flight of Row 1986, and The act_dep_time of Row 86 is different from the act_dep_time of Row 1986.","(86, 1986)",True,True,True,True,False
1987,act_dep_time,rule_violation,5:38 p.m.,5:22 p.m.,0,"Constraint Violation: The flight of Row 87 is equal to the flight of Row 1987, and The act_dep_time of Row 87 is different from the act_dep_time of Row 1987.","(87, 1987)",True,True,True,True,False
1988,act_dep_time,rule_violation,8:36 p.m.,8:25 p.m.,0,"Constraint Violation: The flight of Row 88 is equal to the flight of Row 1988, and The act_dep_time of Row 88 is different from the act_dep_time of Row 1988.","(88, 1988)",True,True,True,True,False
1990,act_dep_time,rule_violation,1:43 p.m.,1:32 p.m.,0,"Constraint Violation: The flight of Row 190 is equal to the flight of Row 1990, and The act_dep_time of Row 190 is different from the act_dep_time of Row 1990.","(190, 1990)",True,True,True,True,False
1994,act_dep_time,rule_violation,6:56 p.m.,6:55 p.m.,0,"Constraint Violation: The flight of Row 23 is equal to the flight of Row 1994, and The act_dep_time of Row 23 is different from the act_dep_time of Row 1994.","(23, 1994)",True,True,True,True,False
1996,act_dep_time,rule_violation,2:38 p.m.,2:10 p.m.,0,"Constraint Violation: The flight of Row 97 is equal to the flight of Row 1996, and The act_dep_time of Row 97 is different from the act_dep_time of Row 1996.","(97, 1996)",True,True,True,True,False
1997,act_dep_time,rule_violation,9:58 a.m.,9:14 a.m.,0,"Constraint Violation: The flight of Row 98 is equal to the flight of Row 1997, and The act_dep_time of Row 98 is different from the act_dep_time of Row 1997.","(98, 1997)",True,True,True,True,False
1998,act_dep_time,rule_violation,6:57 a.m.,6:56 a.m.,0,"Constraint Violation: The flight of Row 25 is equal to the flight of Row 1998, and The act_dep_time of Row 25 is different from the act_dep_time of Row 1998.","(25, 1998)",True,True,True,True,False
2000,act_dep_time,rule_violation,5:09 p.m.,5:08 p.m.,0,"Constraint Violation: The flight of Row 27 is equal to the flight of Row 2000, and The act_dep_time of Row 27 is different from the act_dep_time of Row 2000.","(27, 2000)",True,True,True,True,False
2001,act_dep_time,rule_violation,4:46 p.m.,4:28 p.m.,0,"Constraint Violation: The flight of Row 103 is equal to the flight of Row 2001, and The act_dep_time of Row 103 is different from the act_dep_time of Row 2001.","(103, 2001)",True,True,True,True,False
2002,act_dep_time,rule_violation,4:37 p.m.,4:15 p.m.,0,"Constraint Violation: The flight of Row 295 is equal to the flight of Row 2002, and The act_dep_time of Row 295 is different from the act_dep_time of Row 2002.","(295, 2002)",True,True,True,True,False
2007,act_dep_time,rule_violation,1:48 p.m.,1:31 p.m.,0,"Constraint Violation: The flight of Row 300 is equal to the flight of Row 2007, and The act_dep_time of Row 300 is different from the act_dep_time of Row 2007.","(300, 2007)",True,True,True,True,False
2008,act_dep_time,rule_violation,12:42 p.m.,12:41 p.m.,0,"Constraint Violation: The flight of Row 4 is equal to the flight of Row 2008, and The act_dep_time of Row 4 is different from the act_dep_time of Row 2008.","(4, 2008)",True,True,True,True,False
2015,act_dep_time,rule_violation,8:52 a.m.,8:51 a.m.,0,"Constraint Violation: The flight of Row 35 is equal to the flight of Row 2015, and The act_dep_time of Row 35 is different from the act_dep_time of Row 2015.","(35, 2015)",True,True,True,True,False
2016,act_dep_time,rule_violation,8:37 a.m.,8:26 a.m.,0,"Constraint Violation: The flight of Row 308 is equal to the flight of Row 2016, and The act_dep_time of Row 308 is different from the act_dep_time of Row 2016.","(308, 2016)",True,True,True,True,False
2018,act_dep_time,rule_violation,3:17 p.m.,3:01 p.m.,0,"Constraint Violation: The flight of Row 120 is equal to the flight of Row 2018, and The act_dep_time of Row 120 is different from the act_dep_time of Row 2018.","(120, 2018)",True,True,True,True,False
2022,act_dep_time,rule_violation,1:45 p.m.,1:32 p.m.,0,"Constraint Violation: The flight of Row 124 is equal to the flight of Row 2022, and The act_dep_time of Row 124 is different from the act_dep_time of Row 2022.","(124, 2022)",True,True,True,True,False
2024,act_dep_time,rule_violation,8:40 p.m.,8:39 p.m.,0,"Constraint Violation: The flight of Row 37 is equal to the flight of Row 2024, and The act_dep_time of Row 37 is different from the act_dep_time of Row 2024.","(37, 2024)",True,True,True,True,False
2025,act_dep_time,rule_violation,3:04 p.m.,2:55 p.m.,0,"Constraint Violation: The flight of Row 315 is equal to the flight of Row 2025, and The act_dep_time of Row 315 is different from the act_dep_time of Row 2025.","(315, 2025)",True,True,True,True,False
2026,act_dep_time,rule_violation,2:59 p.m.,2:48 p.m.,0,"Constraint Violation: The flight of Row 128 is equal to the flight of Row 2026, and The act_dep_time of Row 128 is different from the act_dep_time of Row 2026.","(128, 2026)",True,True,True,True,False
2027,act_dep_time,rule_violation,9:43 a.m.,9:16 a.m.,0,"Constraint Violation: The flight of Row 129 is equal to the flight of Row 2027, and The act_dep_time of Row 129 is different from the act_dep_time of Row 2027.","(129, 2027)",True,True,True,True,False
2032,act_dep_time,rule_violation,8:05 a.m.,8:04 a.m.,0,"Constraint Violation: The flight of Row 11 is equal to the flight of Row 2032, and The act_dep_time of Row 11 is different from the act_dep_time of Row 2032.","(11, 2032)",True,True,True,True,False
2033,act_dep_time,rule_violation,9:05 a.m.,8:52 a.m.,0,"Constraint Violation: The flight of Row 135 is equal to the flight of Row 2033, and The act_dep_time of Row 135 is different from the act_dep_time of Row 2033.","(135, 2033)",True,True,True,True,False
2036,act_dep_time,rule_violation,3:38 p.m.,3:36 p.m.,0,"Constraint Violation: The flight of Row 44 is equal to the flight of Row 2036, and The act_dep_time of Row 44 is different from the act_dep_time of Row 2036.","(44, 2036)",True,True,True,True,False
2038,act_dep_time,rule_violation,11:41 a.m.,11:40 a.m.,0,"Constraint Violation: The flight of Row 45 is equal to the flight of Row 2038, and The act_dep_time of Row 45 is different from the act_dep_time of Row 2038.","(45, 2038)",True,True,True,True,False
2042,act_dep_time,rule_violation,4:02 p.m.,3:31 p.m.,0,"Constraint Violation: The flight of Row 142 is equal to the flight of Row 2042, and The act_dep_time of Row 142 is different from the act_dep_time of Row 2042.","(142, 2042)",True,True,True,True,False
2045,act_dep_time,rule_violation,6:58 a.m.,6:57 a.m.,0,"Constraint Violation: The flight of Row 18 is equal to the flight of Row 2045, and The act_dep_time of Row 18 is different from the act_dep_time of Row 2045.","(18, 2045)",True,True,True,True,False
2046,act_dep_time,rule_violation,4:15 p.m.,3:58 p.m.,0,"Constraint Violation: The flight of Row 146 is equal to the flight of Row 2046, and The act_dep_time of Row 146 is different from the act_dep_time of Row 2046.","(146, 2046)",True,True,True,True,False
2063,act_dep_time,rule_violation,3:58 p.m.,4:00 p.m.,0,"Constraint Violation: The flight of Row 63 is equal to the flight of Row 2063, and The act_dep_time of Row 63 is different from the act_dep_time of Row 2063.","(63, 2063)",True,True,True,True,False
2073,act_dep_time,rule_violation,2:46 p.m.,2:55 p.m.,0,"Constraint Violation: The flight of Row 73 is equal to the flight of Row 2073, and The act_dep_time of Row 73 is different from the act_dep_time of Row 2073.","(73, 2073)",True,True,True,True,False
2125,act_dep_time,rule_violation,2:52 p.m.,2:55 p.m.,0,"Constraint Violation: The flight of Row 127 is equal to the flight of Row 2125, and The act_dep_time of Row 127 is different from the act_dep_time of Row 2125.","(127, 2125)",True,True,True,True,False
2156,act_dep_time,rule_violation,7:42 p.m.,7:14 p.m.,0,"Constraint Violation: The flight of Row 51 is equal to the flight of Row 2156, and The act_dep_time of Row 51 is different from the act_dep_time of Row 2156.","(51, 2156)",True,True,True,True,False
2158,act_dep_time,rule_violation,8:49 a.m.,8:29 a.m.,0,"Constraint Violation: The flight of Row 53 is equal to the flight of Row 2158, and The act_dep_time of Row 53 is different from the act_dep_time of Row 2158.","(53, 2158)",True,True,True,True,False
2160,act_dep_time,rule_violation,7:59 p.m.,7:58 p.m.,0,"Constraint Violation: The flight of Row 1 is equal to the flight of Row 2160, and The act_dep_time of Row 1 is different from the act_dep_time of Row 2160.","(1, 2160)",True,True,True,True,False
2162,act_dep_time,rule_violation,3:50 p.m.,3:27 p.m.,0,"Constraint Violation: The flight of Row 256 is equal to the flight of Row 2162, and The act_dep_time of Row 256 is different from the act_dep_time of Row 2162.","(256, 2162)",True,True,True,True,False
2163,act_dep_time,rule_violation,12:37 p.m.,11:32 a.m.,0,"Constraint Violation: The flight of Row 57 is equal to the flight of Row 2163, and The act_dep_time of Row 57 is different from the act_dep_time of Row 2163.","(57, 2163)",True,True,True,True,False
2168,act_dep_time,rule_violation,4:10 p.m.,4:00 p.m.,0,"Constraint Violation: The flight of Row 263 is equal to the flight of Row 2168, and The act_dep_time of Row 263 is different from the act_dep_time of Row 2168.","(263, 2168)",True,True,True,True,False
2169,act_dep_time,rule_violation,7:56 a.m.,7:29 a.m.,0,"Constraint Violation: The flight of Row 64 is equal to the flight of Row 2169, and The act_dep_time of Row 64 is different from the act_dep_time of Row 2169.","(64, 2169)",True,True,True,True,False
2174,act_dep_time,rule_violation,4:30 p.m.,4:29 p.m.,0,"Constraint Violation: The flight of Row 7 is equal to the flight of Row 2174, and The act_dep_time of Row 7 is different from the act_dep_time of Row 2174.","(7, 2174)",True,True,True,True,False
2176,act_dep_time,rule_violation,2:59 p.m.,2:48 p.m.,0,"Constraint Violation: The flight of Row 71 is equal to the flight of Row 2176, and The act_dep_time of Row 71 is different from the act_dep_time of Row 2176.","(71, 2176)",True,True,True,True,False
2177,act_dep_time,rule_violation,8:18 a.m.,8:00 a.m.,0,"Constraint Violation: The flight of Row 72 is equal to the flight of Row 2177, and The act_dep_time of Row 72 is different from the act_dep_time of Row 2177.","(72, 2177)",True,True,True,True,False
2178,act_dep_time,rule_violation,3:04 p.m.,2:55 p.m.,0,"Constraint Violation: The flight of Row 320 is equal to the flight of Row 2178, and The act_dep_time of Row 320 is different from the act_dep_time of Row 2178.","(320, 2178)",True,True,True,True,False
2180,act_dep_time,rule_violation,12:06 p.m.,11:56 a.m.,0,"Constraint Violation: The flight of Row 75 is equal to the flight of Row 2180, and The act_dep_time of Row 75 is different from the act_dep_time of Row 2180.","(75, 2180)",True,True,True,True,False
2182,act_dep_time,rule_violation,11:45 a.m.,11:30 a.m.,0,"Constraint Violation: The flight of Row 271 is equal to the flight of Row 2182, and The act_dep_time of Row 271 is different from the act_dep_time of Row 2182.","(271, 2182)",True,True,True,True,False
2187,act_dep_time,rule_violation,8:07 a.m.,7:49 a.m.,0,"Constraint Violation: The flight of Row 618 is equal to the flight of Row 2187, and The act_dep_time of Row 618 is different from the act_dep_time of Row 2187.","(618, 2187)",True,True,True,True,False
2188,act_dep_time,rule_violation,12:56 p.m.,12:35 p.m.,0,"Constraint Violation: The flight of Row 571 is equal to the flight of Row 2188, and The act_dep_time of Row 571 is different from the act_dep_time of Row 2188.","(571, 2188)",True,True,True,True,False
2189,act_dep_time,rule_violation,12:14 p.m.,12:13 p.m.,0,"Constraint Violation: The flight of Row 16 is equal to the flight of Row 2189, and The act_dep_time of Row 16 is different from the act_dep_time of Row 2189.","(16, 2189)",True,True,True,True,False
2190,act_dep_time,rule_violation,2:43 p.m.,2:26 p.m.,0,"Constraint Violation: The flight of Row 307 is equal to the flight of Row 2190, and The act_dep_time of Row 307 is different from the act_dep_time of Row 2190.","(307, 2190)",True,True,True,True,False
2191,act_dep_time,rule_violation,12:08 p.m.,3:11 a.m.,0,"Constraint Violation: The flight of Row 86 is equal to the flight of Row 2191, and The act_dep_time of Row 86 is different from the act_dep_time of Row 2191.","(86, 2191)",True,True,True,True,False
2192,act_dep_time,rule_violation,5:38 p.m.,5:22 p.m.,0,"Constraint Violation: The flight of Row 87 is equal to the flight of Row 2192, and The act_dep_time of Row 87 is different from the act_dep_time of Row 2192.","(87, 2192)",True,True,True,True,False
2193,act_dep_time,rule_violation,8:36 p.m.,8:25 p.m.,0,"Constraint Violation: The flight of Row 88 is equal to the flight of Row 2193, and The act_dep_time of Row 88 is different from the act_dep_time of Row 2193.","(88, 2193)",True,True,True,True,False
2195,act_dep_time,rule_violation,1:43 p.m.,1:32 p.m.,0,"Constraint Violation: The flight of Row 190 is equal to the flight of Row 2195, and The act_dep_time of Row 190 is different from the act_dep_time of Row 2195.","(190, 2195)",True,True,True,True,False
2199,act_dep_time,rule_violation,6:56 p.m.,6:55 p.m.,0,"Constraint Violation: The flight of Row 23 is equal to the flight of Row 2199, and The act_dep_time of Row 23 is different from the act_dep_time of Row 2199.","(23, 2199)",True,True,True,True,False
2201,act_dep_time,rule_violation,2:38 p.m.,2:10 p.m.,0,"Constraint Violation: The flight of Row 97 is equal to the flight of Row 2201, and The act_dep_time of Row 97 is different from the act_dep_time of Row 2201.","(97, 2201)",True,True,True,True,False
2202,act_dep_time,rule_violation,9:58 a.m.,9:14 a.m.,0,"Constraint Violation: The flight of Row 98 is equal to the flight of Row 2202, and The act_dep_time of Row 98 is different from the act_dep_time of Row 2202.","(98, 2202)",True,True,True,True,False
2203,act_dep_time,rule_violation,6:57 a.m.,6:56 a.m.,0,"Constraint Violation: The flight of Row 25 is equal to the flight of Row 2203, and The act_dep_time of Row 25 is different from the act_dep_time of Row 2203.","(25, 2203)",True,True,True,True,False
2205,act_dep_time,rule_violation,5:09 p.m.,5:08 p.m.,0,"Constraint Violation: The flight of Row 27 is equal to the flight of Row 2205, and The act_dep_time of Row 27 is different from the act_dep_time of Row 2205.","(27, 2205)",True,True,True,True,False
2206,act_dep_time,rule_violation,4:46 p.m.,4:28 p.m.,0,"Constraint Violation: The flight of Row 103 is equal to the flight of Row 2206, and The act_dep_time of Row 103 is different from the act_dep_time of Row 2206.","(103, 2206)",True,True,True,True,False
2207,act_dep_time,rule_violation,4:37 p.m.,4:15 p.m.,0,"Constraint Violation: The flight of Row 295 is equal to the flight of Row 2207, and The act_dep_time of Row 295 is different from the act_dep_time of Row 2207.","(295, 2207)",True,True,True,True,False
2212,act_dep_time,rule_violation,1:48 p.m.,1:31 p.m.,0,"Constraint Violation: The flight of Row 300 is equal to the flight of Row 2212, and The act_dep_time of Row 300 is different from the act_dep_time of Row 2212.","(300, 2212)",True,True,True,True,False
2213,act_dep_time,rule_violation,12:42 p.m.,12:41 p.m.,0,"Constraint Violation: The flight of Row 4 is equal to the flight of Row 2213, and The act_dep_time of Row 4 is different from the act_dep_time of Row 2213.","(4, 2213)",True,True,True,True,False
2220,act_dep_time,rule_violation,8:52 a.m.,8:51 a.m.,0,"Constraint Violation: The flight of Row 35 is equal to the flight of Row 2220, and The act_dep_time of Row 35 is different from the act_dep_time of Row 2220.","(35, 2220)",True,True,True,True,False
2221,act_dep_time,rule_violation,8:37 a.m.,8:26 a.m.,0,"Constraint Violation: The flight of Row 308 is equal to the flight of Row 2221, and The act_dep_time of Row 308 is different from the act_dep_time of Row 2221.","(308, 2221)",True,True,True,True,False
2223,act_dep_time,rule_violation,3:17 p.m.,3:01 p.m.,0,"Constraint Violation: The flight of Row 120 is equal to the flight of Row 2223, and The act_dep_time of Row 120 is different from the act_dep_time of Row 2223.","(120, 2223)",True,True,True,True,False
2227,act_dep_time,rule_violation,1:45 p.m.,1:32 p.m.,0,"Constraint Violation: The flight of Row 124 is equal to the flight of Row 2227, and The act_dep_time of Row 124 is different from the act_dep_time of Row 2227.","(124, 2227)",True,True,True,True,False
2229,act_dep_time,rule_violation,8:40 p.m.,8:39 p.m.,0,"Constraint Violation: The flight of Row 37 is equal to the flight of Row 2229, and The act_dep_time of Row 37 is different from the act_dep_time of Row 2229.","(37, 2229)",True,True,True,True,False
2230,act_dep_time,rule_violation,3:04 p.m.,2:55 p.m.,0,"Constraint Violation: The flight of Row 315 is equal to the flight of Row 2230, and The act_dep_time of Row 315 is different from the act_dep_time of Row 2230.","(315, 2230)",True,True,True,True,False
2231,act_dep_time,rule_violation,2:59 p.m.,2:48 p.m.,0,"Constraint Violation: The flight of Row 128 is equal to the flight of Row 2231, and The act_dep_time of Row 128 is different from the act_dep_time of Row 2231.","(128, 2231)",True,True,True,True,False
2232,act_dep_time,rule_violation,9:43 a.m.,9:16 a.m.,0,"Constraint Violation: The flight of Row 129 is equal to the flight of Row 2232, and The act_dep_time of Row 129 is different from the act_dep_time of Row 2232.","(129, 2232)",True,True,True,True,False
2237,act_dep_time,rule_violation,8:05 a.m.,8:04 a.m.,0,"Constraint Violation: The flight of Row 11 is equal to the flight of Row 2237, and The act_dep_time of Row 11 is different from the act_dep_time of Row 2237.","(11, 2237)",True,True,True,True,False
2238,act_dep_time,rule_violation,9:05 a.m.,8:52 a.m.,0,"Constraint Violation: The flight of Row 135 is equal to the flight of Row 2238, and The act_dep_time of Row 135 is different from the act_dep_time of Row 2238.","(135, 2238)",True,True,True,True,False
2241,act_dep_time,rule_violation,3:38 p.m.,3:36 p.m.,0,"Constraint Violation: The flight of Row 44 is equal to the flight of Row 2241, and The act_dep_time of Row 44 is different from the act_dep_time of Row 2241.","(44, 2241)",True,True,True,True,False
2243,act_dep_time,rule_violation,11:41 a.m.,11:40 a.m.,0,"Constraint Violation: The flight of Row 45 is equal to the flight of Row 2243, and The act_dep_time of Row 45 is different from the act_dep_time of Row 2243.","(45, 2243)",True,True,True,True,False
2247,act_dep_time,rule_violation,4:02 p.m.,3:31 p.m.,0,"Constraint Violation: The flight of Row 142 is equal to the flight of Row 2247, and The act_dep_time of Row 142 is different from the act_dep_time of Row 2247.","(142, 2247)",True,True,True,True,False
2250,act_dep_time,rule_violation,6:58 a.m.,6:57 a.m.,0,"Constraint Violation: The flight of Row 18 is equal to the flight of Row 2250, and The act_dep_time of Row 18 is different from the act_dep_time of Row 2250.","(18, 2250)",True,True,True,True,False
2251,act_dep_time,rule_violation,4:15 p.m.,3:58 p.m.,0,"Constraint Violation: The flight of Row 146 is equal to the flight of Row 2251, and The act_dep_time of Row 146 is different from the act_dep_time of Row 2251.","(146, 2251)",True,True,True,True,False
2257,act_dep_time,rule_violation,7:42 p.m.,7:14 p.m.,0,"Constraint Violation: The flight of Row 51 is equal to the flight of Row 2257, and The act_dep_time of Row 51 is different from the act_dep_time of Row 2257.","(51, 2257)",True,True,True,True,False
2258,act_dep_time,rule_violation,8:51 a.m.,8:42 a.m.,0,"Constraint Violation: The flight of Row 54 is equal to the flight of Row 2258, and The act_dep_time of Row 54 is different from the act_dep_time of Row 2258.","(54, 2258)",True,True,True,True,False
2259,act_dep_time,rule_violation,7:59 p.m.,7:58 p.m.,0,"Constraint Violation: The flight of Row 1 is equal to the flight of Row 2259, and The act_dep_time of Row 1 is different from the act_dep_time of Row 2259.","(1, 2259)",True,True,True,True,False
2260,act_dep_time,rule_violation,11:57 p.m.,11:25 p.m.,0,"Constraint Violation: The flight of Row 5 is equal to the flight of Row 2260, and The act_dep_time of Row 5 is different from the act_dep_time of Row 2260.","(5, 2260)",True,True,True,True,False
2261,act_dep_time,rule_violation,4:10 p.m.,4:00 p.m.,0,"Constraint Violation: The flight of Row 263 is equal to the flight of Row 2261, and The act_dep_time of Row 263 is different from the act_dep_time of Row 2261.","(263, 2261)",True,True,True,True,False
2262,act_dep_time,rule_violation,7:56 a.m.,7:29 a.m.,0,"Constraint Violation: The flight of Row 64 is equal to the flight of Row 2262, and The act_dep_time of Row 64 is different from the act_dep_time of Row 2262.","(64, 2262)",True,True,True,True,False
2267,act_dep_time,rule_violation,12:06 p.m.,11:56 a.m.,0,"Constraint Violation: The flight of Row 75 is equal to the flight of Row 2267, and The act_dep_time of Row 75 is different from the act_dep_time of Row 2267.","(75, 2267)",True,True,True,True,False
2269,act_dep_time,rule_violation,11:45 a.m.,11:30 a.m.,0,"Constraint Violation: The flight of Row 271 is equal to the flight of Row 2269, and The act_dep_time of Row 271 is different from the act_dep_time of Row 2269.","(271, 2269)",True,True,True,True,False
2270,act_dep_time,rule_violation,8:05 a.m.,8:04 a.m.,0,"Constraint Violation: The flight of Row 11 is equal to the flight of Row 2270, and The act_dep_time of Row 11 is different from the act_dep_time of Row 2270.","(11, 2270)",True,True,True,True,False
2275,act_dep_time,rule_violation,12:42 p.m.,12:41 p.m.,0,"Constraint Violation: The flight of Row 4 is equal to the flight of Row 2275, and The act_dep_time of Row 4 is different from the act_dep_time of Row 2275.","(4, 2275)",True,True,True,True,False
2276,act_dep_time,rule_violation,12:56 p.m.,12:35 p.m.,0,"Constraint Violation: The flight of Row 571 is equal to the flight of Row 2276, and The act_dep_time of Row 571 is different from the act_dep_time of Row 2276.","(571, 2276)",True,True,True,True,False
2278,act_dep_time,rule_violation,12:07 p.m.,3:11 a.m.,0,"Constraint Violation: The flight of Row 186 is equal to the flight of Row 2278, and The act_dep_time of Row 186 is different from the act_dep_time of Row 2278.","(186, 2278)",True,True,True,True,False
2279,act_dep_time,rule_violation,5:38 p.m.,5:22 p.m.,0,"Constraint Violation: The flight of Row 87 is equal to the flight of Row 2279, and The act_dep_time of Row 87 is different from the act_dep_time of Row 2279.","(87, 2279)",True,True,True,True,False
2281,act_dep_time,rule_violation,7:27 p.m.,8:25 p.m.,0,"Constraint Violation: The flight of Row 88 is equal to the flight of Row 2281, and The act_dep_time of Row 88 is different from the act_dep_time of Row 2281.","(88, 2281)",True,True,True,True,False
2286,act_dep_time,rule_violation,6:47 p.m.,6:30 p.m.,0,"Constraint Violation: The flight of Row 2 is equal to the flight of Row 2286, and The act_dep_time of Row 2 is different from the act_dep_time of Row 2286.","(2, 2286)",True,True,True,True,False
2287,act_dep_time,rule_violation,6:56 p.m.,6:55 p.m.,0,"Constraint Violation: The flight of Row 23 is equal to the flight of Row 2287, and The act_dep_time of Row 23 is different from the act_dep_time of Row 2287.","(23, 2287)",True,True,True,True,False
2289,act_dep_time,rule_violation,7:25 p.m.,7:15 p.m.,0,"Constraint Violation: The flight of Row 96 is equal to the flight of Row 2289, and The act_dep_time of Row 96 is different from the act_dep_time of Row 2289.","(96, 2289)",True,True,True,True,False
2294,act_dep_time,rule_violation,4:45 p.m.,4:28 p.m.,0,"Constraint Violation: The flight of Row 103 is equal to the flight of Row 2294, and The act_dep_time of Row 103 is different from the act_dep_time of Row 2294.","(103, 2294)",True,True,True,True,False
2297,act_dep_time,rule_violation,1:48 p.m.,1:31 p.m.,0,"Constraint Violation: The flight of Row 300 is equal to the flight of Row 2297, and The act_dep_time of Row 300 is different from the act_dep_time of Row 2297.","(300, 2297)",True,True,True,True,False
2299,act_dep_time,rule_violation,4:35 p.m.,4:25 p.m.,0,"Constraint Violation: The flight of Row 113 is equal to the flight of Row 2299, and The act_dep_time of Row 113 is different from the act_dep_time of Row 2299.","(113, 2299)",True,True,True,True,False
2300,act_dep_time,rule_violation,9:16 p.m.,9:00 p.m.,0,"Constraint Violation: The flight of Row 32 is equal to the flight of Row 2300, and The act_dep_time of Row 32 is different from the act_dep_time of Row 2300.","(32, 2300)",True,True,True,True,False
2304,act_dep_time,rule_violation,1:40 p.m.,1:30 p.m.,0,"Constraint Violation: The flight of Row 36 is equal to the flight of Row 2304, and The act_dep_time of Row 36 is different from the act_dep_time of Row 2304.","(36, 2304)",True,True,True,True,False
2305,act_dep_time,rule_violation,11:35 p.m.,11:08 p.m.,0,"Constraint Violation: The flight of Row 122 is equal to the flight of Row 2305, and The act_dep_time of Row 122 is different from the act_dep_time of Row 2305.","(122, 2305)",True,True,True,True,False
2306,act_dep_time,rule_violation,6:11 p.m.,5:30 p.m.,0,"Constraint Violation: The flight of Row 123 is equal to the flight of Row 2306, and The act_dep_time of Row 123 is different from the act_dep_time of Row 2306.","(123, 2306)",True,True,True,True,False
2307,act_dep_time,rule_violation,8:40 p.m.,8:39 p.m.,0,"Constraint Violation: The flight of Row 37 is equal to the flight of Row 2307, and The act_dep_time of Row 37 is different from the act_dep_time of Row 2307.","(37, 2307)",True,True,True,True,False
2318,act_dep_time,rule_violation,4:14 p.m.,3:58 p.m.,0,"Constraint Violation: The flight of Row 146 is equal to the flight of Row 2318, and The act_dep_time of Row 146 is different from the act_dep_time of Row 2318.","(146, 2318)",True,True,True,True,False
2329,act_dep_time,rule_violation,3:58 p.m.,4:00 p.m.,0,"Constraint Violation: The flight of Row 63 is equal to the flight of Row 2329, and The act_dep_time of Row 63 is different from the act_dep_time of Row 2329.","(63, 2329)",True,True,True,True,False
969,sched_arr_time,rule_violation,9:30 a.m.,9:40 a.m.,0,"Constraint Violation: The flight of Row 0 is equal to the flight of Row 969, and The sched_arr_time of Row 0 is different from the sched_arr_time of Row 969.","(0, 969)",True,True,True,True,False
970,sched_arr_time,rule_violation,6:50 a.m.,7:30 a.m.,0,"Constraint Violation: The flight of Row 25 is equal to the flight of Row 970, and The sched_arr_time of Row 25 is different from the sched_arr_time of Row 970.","(25, 970)",True,True,True,True,False
971,sched_arr_time,rule_violation,9:00 a.m.,9:35 a.m.,0,"Constraint Violation: The flight of Row 26 is equal to the flight of Row 971, and The sched_arr_time of Row 26 is different from the sched_arr_time of Row 971.","(26, 971)",True,True,True,True,False
972,sched_arr_time,rule_violation,7:08 p.m.,7:25 p.m.,0,"Constraint Violation: The flight of Row 2 is equal to the flight of Row 972, and The sched_arr_time of Row 2 is different from the sched_arr_time of Row 972.","(2, 972)",True,True,True,True,False
974,sched_arr_time,rule_violation,4:37 p.m.,4:57 p.m.,0,"Constraint Violation: The flight of Row 77 is equal to the flight of Row 974, and The sched_arr_time of Row 77 is different from the sched_arr_time of Row 974.","(77, 974)",True,True,True,True,False
975,sched_arr_time,rule_violation,9:34 a.m.,9:54 a.m.,0,"Constraint Violation: The flight of Row 54 is equal to the flight of Row 975, and The sched_arr_time of Row 54 is different from the sched_arr_time of Row 975.","(54, 975)",True,True,True,True,False
976,sched_arr_time,rule_violation,4:20 p.m.,4:31 p.m.,0,"Constraint Violation: The flight of Row 109 is equal to the flight of Row 976, and The sched_arr_time of Row 109 is different from the sched_arr_time of Row 976.","(109, 976)",True,True,True,True,False
978,sched_arr_time,rule_violation,11:31 p.m.,11:50 p.m.,0,"Constraint Violation: The flight of Row 33 is equal to the flight of Row 978, and The sched_arr_time of Row 33 is different from the sched_arr_time of Row 978.","(33, 978)",True,True,True,True,False
979,sched_arr_time,rule_violation,11:52 p.m.,12:21 a.m.,0,"Constraint Violation: The flight of Row 96 is equal to the flight of Row 979, and The sched_arr_time of Row 96 is different from the sched_arr_time of Row 979.","(96, 979)",True,True,True,True,False
980,sched_arr_time,rule_violation,8:04 p.m.,8:22 p.m.,0,"Constraint Violation: The flight of Row 87 is equal to the flight of Row 980, and The sched_arr_time of Row 87 is different from the sched_arr_time of Row 980.","(87, 980)",True,True,True,True,False
985,sched_arr_time,rule_violation,6:30 a.m.,6:40 a.m.,0,"Constraint Violation: The flight of Row 48 is equal to the flight of Row 985, and The sched_arr_time of Row 48 is different from the sched_arr_time of Row 985.","(48, 985)",True,True,True,True,False
987,sched_arr_time,rule_violation,9:00 p.m.,9:10 p.m.,0,"Constraint Violation: The flight of Row 23 is equal to the flight of Row 987, and The sched_arr_time of Row 23 is different from the sched_arr_time of Row 987.","(23, 987)",True,True,True,True,False
1189,sched_arr_time,rule_violation,4:52 p.m.,5:15 p.m.,0,"Constraint Violation: The flight of Row 90 is equal to the flight of Row 1189, and The sched_arr_time of Row 90 is different from the sched_arr_time of Row 1189.","(90, 1189)",True,True,True,True,False
1205,sched_arr_time,rule_violation,6:09 p.m.,6:40 p.m.,0,"Constraint Violation: The flight of Row 123 is equal to the flight of Row 1205, and The sched_arr_time of Row 123 is different from the sched_arr_time of Row 1205.","(123, 1205)",True,True,True,True,False
1356,sched_arr_time,rule_violation,3:03 p.m.,3:19 p.m.,0,"Constraint Violation: The flight of Row 83 is equal to the flight of Row 1356, and The sched_arr_time of Row 83 is different from the sched_arr_time of Row 1356.","(83, 1356)",True,True,True,True,False
1361,sched_arr_time,rule_violation,10:48 p.m.,8:56 p.m.,0,"Constraint Violation: The flight of Row 88 is equal to the flight of Row 1361, and The sched_arr_time of Row 88 is different from the sched_arr_time of Row 1361.","(88, 1361)",True,True,True,True,False
1604,sched_arr_time,rule_violation,3:03 p.m.,3:19 p.m.,0,"Constraint Violation: The flight of Row 83 is equal to the flight of Row 1604, and The sched_arr_time of Row 83 is different from the sched_arr_time of Row 1604.","(83, 1604)",True,True,True,True,False
1608,sched_arr_time,rule_violation,10:48 p.m.,8:56 p.m.,0,"Constraint Violation: The flight of Row 88 is equal to the flight of Row 1608, and The sched_arr_time of Row 88 is different from the sched_arr_time of Row 1608.","(88, 1608)",True,True,True,True,False
1661,sched_arr_time,rule_violation,9:30 a.m.,9:40 a.m.,0,"Constraint Violation: The flight of Row 0 is equal to the flight of Row 1661, and The sched_arr_time of Row 0 is different from the sched_arr_time of Row 1661.","(0, 1661)",True,True,True,True,False
1662,sched_arr_time,rule_violation,8:54 a.m.,9:25 a.m.,0,"Constraint Violation: The flight of Row 3 is equal to the flight of Row 1662, and The sched_arr_time of Row 3 is different from the sched_arr_time of Row 1662.","(3, 1662)",True,True,True,True,False
1663,sched_arr_time,rule_violation,9:40 p.m.,10:15 p.m.,0,"Constraint Violation: The flight of Row 51 is equal to the flight of Row 1663, and The sched_arr_time of Row 51 is different from the sched_arr_time of Row 1663.","(51, 1663)",True,True,True,True,False
1664,sched_arr_time,rule_violation,9:34 a.m.,9:54 a.m.,0,"Constraint Violation: The flight of Row 54 is equal to the flight of Row 1664, and The sched_arr_time of Row 54 is different from the sched_arr_time of Row 1664.","(54, 1664)",True,True,True,True,False
1665,sched_arr_time,rule_violation,10:15 p.m.,10:30 p.m.,0,"Constraint Violation: The flight of Row 1 is equal to the flight of Row 1665, and The sched_arr_time of Row 1 is different from the sched_arr_time of Row 1665.","(1, 1665)",True,True,True,True,False
1666,sched_arr_time,rule_violation,6:30 a.m.,6:55 a.m.,0,"Constraint Violation: The flight of Row 5 is equal to the flight of Row 1666, and The sched_arr_time of Row 5 is different from the sched_arr_time of Row 1666.","(5, 1666)",True,True,True,True,False
1667,sched_arr_time,rule_violation,6:34 p.m.,6:46 p.m.,0,"Constraint Violation: The flight of Row 63 is equal to the flight of Row 1667, and The sched_arr_time of Row 63 is different from the sched_arr_time of Row 1667.","(63, 1667)",True,True,True,True,False
1669,sched_arr_time,rule_violation,9:45 a.m.,9:55 a.m.,0,"Constraint Violation: The flight of Row 6 is equal to the flight of Row 1669, and The sched_arr_time of Row 6 is different from the sched_arr_time of Row 1669.","(6, 1669)",True,True,True,True,False
1671,sched_arr_time,rule_violation,12:12 p.m.,12:35 p.m.,0,"Constraint Violation: The flight of Row 15 is equal to the flight of Row 1671, and The sched_arr_time of Row 15 is different from the sched_arr_time of Row 1671.","(15, 1671)",True,True,True,True,False
1672,sched_arr_time,rule_violation,3:33 p.m.,3:50 p.m.,0,"Constraint Violation: The flight of Row 8 is equal to the flight of Row 1672, and The sched_arr_time of Row 8 is different from the sched_arr_time of Row 1672.","(8, 1672)",True,True,True,True,False
1673,sched_arr_time,rule_violation,12:51 p.m.,1:17 p.m.,0,"Constraint Violation: The flight of Row 75 is equal to the flight of Row 1673, and The sched_arr_time of Row 75 is different from the sched_arr_time of Row 1673.","(75, 1673)",True,True,True,True,False
1675,sched_arr_time,rule_violation,4:37 p.m.,4:57 p.m.,0,"Constraint Violation: The flight of Row 77 is equal to the flight of Row 1675, and The sched_arr_time of Row 77 is different from the sched_arr_time of Row 1675.","(77, 1675)",True,True,True,True,False
1677,sched_arr_time,rule_violation,11:43 a.m.,12:10 p.m.,0,"Constraint Violation: The flight of Row 12 is equal to the flight of Row 1677, and The sched_arr_time of Row 12 is different from the sched_arr_time of Row 1677.","(12, 1677)",True,True,True,True,False
1679,sched_arr_time,rule_violation,2:14 p.m.,2:35 p.m.,0,"Constraint Violation: The flight of Row 14 is equal to the flight of Row 1679, and The sched_arr_time of Row 14 is different from the sched_arr_time of Row 1679.","(14, 1679)",True,True,True,True,False
1682,sched_arr_time,rule_violation,2:48 p.m.,3:19 p.m.,0,"Constraint Violation: The flight of Row 83 is equal to the flight of Row 1682, and The sched_arr_time of Row 83 is different from the sched_arr_time of Row 1682.","(83, 1682)",True,True,True,True,False
1683,sched_arr_time,rule_violation,5:40 p.m.,6:15 p.m.,0,"Constraint Violation: The flight of Row 85 is equal to the flight of Row 1683, and The sched_arr_time of Row 85 is different from the sched_arr_time of Row 1683.","(85, 1683)",True,True,True,True,False
1684,sched_arr_time,rule_violation,1:35 p.m.,1:45 p.m.,0,"Constraint Violation: The flight of Row 86 is equal to the flight of Row 1684, and The sched_arr_time of Row 86 is different from the sched_arr_time of Row 1684.","(86, 1684)",True,True,True,True,False
1685,sched_arr_time,rule_violation,8:04 p.m.,8:22 p.m.,0,"Constraint Violation: The flight of Row 87 is equal to the flight of Row 1685, and The sched_arr_time of Row 87 is different from the sched_arr_time of Row 1685.","(87, 1685)",True,True,True,True,False
1689,sched_arr_time,rule_violation,2:10 p.m.,2:45 p.m.,0,"Constraint Violation: The flight of Row 20 is equal to the flight of Row 1689, and The sched_arr_time of Row 20 is different from the sched_arr_time of Row 1689.","(20, 1689)",True,True,True,True,False
1692,sched_arr_time,rule_violation,7:08 p.m.,7:25 p.m.,0,"Constraint Violation: The flight of Row 2 is equal to the flight of Row 1692, and The sched_arr_time of Row 2 is different from the sched_arr_time of Row 1692.","(2, 1692)",True,True,True,True,False
1693,sched_arr_time,rule_violation,9:00 p.m.,9:10 p.m.,0,"Constraint Violation: The flight of Row 23 is equal to the flight of Row 1693, and The sched_arr_time of Row 23 is different from the sched_arr_time of Row 1693.","(23, 1693)",True,True,True,True,False
1694,sched_arr_time,rule_violation,2:47 p.m.,3:15 p.m.,0,"Constraint Violation: The flight of Row 24 is equal to the flight of Row 1694, and The sched_arr_time of Row 24 is different from the sched_arr_time of Row 1694.","(24, 1694)",True,True,True,True,False
1695,sched_arr_time,rule_violation,11:52 p.m.,12:21 a.m.,0,"Constraint Violation: The flight of Row 96 is equal to the flight of Row 1695, and The sched_arr_time of Row 96 is different from the sched_arr_time of Row 1695.","(96, 1695)",True,True,True,True,False
1696,sched_arr_time,rule_violation,12:08 p.m.,12:18 p.m.,0,"Constraint Violation: The flight of Row 98 is equal to the flight of Row 1696, and The sched_arr_time of Row 98 is different from the sched_arr_time of Row 1696.","(98, 1696)",True,True,True,True,False
1697,sched_arr_time,rule_violation,6:50 a.m.,7:30 a.m.,0,"Constraint Violation: The flight of Row 25 is equal to the flight of Row 1697, and The sched_arr_time of Row 25 is different from the sched_arr_time of Row 1697.","(25, 1697)",True,True,True,True,False
1698,sched_arr_time,rule_violation,9:00 a.m.,9:35 a.m.,0,"Constraint Violation: The flight of Row 26 is equal to the flight of Row 1698, and The sched_arr_time of Row 26 is different from the sched_arr_time of Row 1698.","(26, 1698)",True,True,True,True,False
1699,sched_arr_time,rule_violation,7:38 p.m.,8:05 p.m.,0,"Constraint Violation: The flight of Row 27 is equal to the flight of Row 1699, and The sched_arr_time of Row 27 is different from the sched_arr_time of Row 1699.","(27, 1699)",True,True,True,True,False
1700,sched_arr_time,rule_violation,6:00 p.m.,6:23 p.m.,0,"Constraint Violation: The flight of Row 103 is equal to the flight of Row 1700, and The sched_arr_time of Row 103 is different from the sched_arr_time of Row 1700.","(103, 1700)",True,True,True,True,False
1703,sched_arr_time,rule_violation,4:20 p.m.,4:31 p.m.,0,"Constraint Violation: The flight of Row 109 is equal to the flight of Row 1703, and The sched_arr_time of Row 109 is different from the sched_arr_time of Row 1703.","(109, 1703)",True,True,True,True,False
1707,sched_arr_time,rule_violation,11:31 p.m.,11:50 p.m.,0,"Constraint Violation: The flight of Row 33 is equal to the flight of Row 1707, and The sched_arr_time of Row 33 is different from the sched_arr_time of Row 1707.","(33, 1707)",True,True,True,True,False
1723,sched_arr_time,rule_violation,12:45 p.m.,12:55 p.m.,0,"Constraint Violation: The flight of Row 30 is equal to the flight of Row 1723, and The sched_arr_time of Row 30 is different from the sched_arr_time of Row 1723.","(30, 1723)",True,True,True,True,False
1724,sched_arr_time,rule_violation,6:31 p.m.,7:05 p.m.,0,"Constraint Violation: The flight of Row 146 is equal to the flight of Row 1724, and The sched_arr_time of Row 146 is different from the sched_arr_time of Row 1724.","(146, 1724)",True,True,True,True,False
1725,sched_arr_time,rule_violation,6:30 a.m.,6:40 a.m.,0,"Constraint Violation: The flight of Row 48 is equal to the flight of Row 1725, and The sched_arr_time of Row 48 is different from the sched_arr_time of Row 1725.","(48, 1725)",True,True,True,True,False
2255,sched_arr_time,rule_violation,9:30 a.m.,9:40 a.m.,0,"Constraint Violation: The flight of Row 0 is equal to the flight of Row 2255, and The sched_arr_time of Row 0 is different from the sched_arr_time of Row 2255.","(0, 2255)",True,True,True,True,False
2256,sched_arr_time,rule_violation,8:54 a.m.,9:25 a.m.,0,"Constraint Violation: The flight of Row 3 is equal to the flight of Row 2256, and The sched_arr_time of Row 3 is different from the sched_arr_time of Row 2256.","(3, 2256)",True,True,True,True,False
2257,sched_arr_time,rule_violation,9:40 p.m.,10:15 p.m.,0,"Constraint Violation: The flight of Row 51 is equal to the flight of Row 2257, and The sched_arr_time of Row 51 is different from the sched_arr_time of Row 2257.","(51, 2257)",True,True,True,True,False
2258,sched_arr_time,rule_violation,9:34 a.m.,9:54 a.m.,0,"Constraint Violation: The flight of Row 54 is equal to the flight of Row 2258, and The sched_arr_time of Row 54 is different from the sched_arr_time of Row 2258.","(54, 2258)",True,True,True,True,False
2260,sched_arr_time,rule_violation,6:30 a.m.,6:55 a.m.,0,"Constraint Violation: The flight of Row 5 is equal to the flight of Row 2260, and The sched_arr_time of Row 5 is different from the sched_arr_time of Row 2260.","(5, 2260)",True,True,True,True,False
2261,sched_arr_time,rule_violation,6:34 p.m.,6:46 p.m.,0,"Constraint Violation: The flight of Row 63 is equal to the flight of Row 2261, and The sched_arr_time of Row 63 is different from the sched_arr_time of Row 2261.","(63, 2261)",True,True,True,True,False
2263,sched_arr_time,rule_violation,9:45 a.m.,9:55 a.m.,0,"Constraint Violation: The flight of Row 6 is equal to the flight of Row 2263, and The sched_arr_time of Row 6 is different from the sched_arr_time of Row 2263.","(6, 2263)",True,True,True,True,False
2265,sched_arr_time,rule_violation,12:12 p.m.,12:35 p.m.,0,"Constraint Violation: The flight of Row 15 is equal to the flight of Row 2265, and The sched_arr_time of Row 15 is different from the sched_arr_time of Row 2265.","(15, 2265)",True,True,True,True,False
2266,sched_arr_time,rule_violation,3:33 p.m.,3:50 p.m.,0,"Constraint Violation: The flight of Row 8 is equal to the flight of Row 2266, and The sched_arr_time of Row 8 is different from the sched_arr_time of Row 2266.","(8, 2266)",True,True,True,True,False
2267,sched_arr_time,rule_violation,12:51 p.m.,1:17 p.m.,0,"Constraint Violation: The flight of Row 75 is equal to the flight of Row 2267, and The sched_arr_time of Row 75 is different from the sched_arr_time of Row 2267.","(75, 2267)",True,True,True,True,False
2269,sched_arr_time,rule_violation,4:37 p.m.,4:57 p.m.,0,"Constraint Violation: The flight of Row 77 is equal to the flight of Row 2269, and The sched_arr_time of Row 77 is different from the sched_arr_time of Row 2269.","(77, 2269)",True,True,True,True,False
2271,sched_arr_time,rule_violation,11:43 a.m.,12:10 p.m.,0,"Constraint Violation: The flight of Row 12 is equal to the flight of Row 2271, and The sched_arr_time of Row 12 is different from the sched_arr_time of Row 2271.","(12, 2271)",True,True,True,True,False
2273,sched_arr_time,rule_violation,2:14 p.m.,2:35 p.m.,0,"Constraint Violation: The flight of Row 14 is equal to the flight of Row 2273, and The sched_arr_time of Row 14 is different from the sched_arr_time of Row 2273.","(14, 2273)",True,True,True,True,False
2276,sched_arr_time,rule_violation,2:48 p.m.,3:19 p.m.,0,"Constraint Violation: The flight of Row 83 is equal to the flight of Row 2276, and The sched_arr_time of Row 83 is different from the sched_arr_time of Row 2276.","(83, 2276)",True,True,True,True,False
2277,sched_arr_time,rule_violation,5:40 p.m.,6:15 p.m.,0,"Constraint Violation: The flight of Row 85 is equal to the flight of Row 2277, and The sched_arr_time of Row 85 is different from the sched_arr_time of Row 2277.","(85, 2277)",True,True,True,True,False
2278,sched_arr_time,rule_violation,1:35 p.m.,1:45 p.m.,0,"Constraint Violation: The flight of Row 86 is equal to the flight of Row 2278, and The sched_arr_time of Row 86 is different from the sched_arr_time of Row 2278.","(86, 2278)",True,True,True,True,False
2279,sched_arr_time,rule_violation,8:04 p.m.,8:22 p.m.,0,"Constraint Violation: The flight of Row 87 is equal to the flight of Row 2279, and The sched_arr_time of Row 87 is different from the sched_arr_time of Row 2279.","(87, 2279)",True,True,True,True,False
2283,sched_arr_time,rule_violation,2:10 p.m.,2:45 p.m.,0,"Constraint Violation: The flight of Row 20 is equal to the flight of Row 2283, and The sched_arr_time of Row 20 is different from the sched_arr_time of Row 2283.","(20, 2283)",True,True,True,True,False
2286,sched_arr_time,rule_violation,7:08 p.m.,7:25 p.m.,0,"Constraint Violation: The flight of Row 2 is equal to the flight of Row 2286, and The sched_arr_time of Row 2 is different from the sched_arr_time of Row 2286.","(2, 2286)",True,True,True,True,False
2287,sched_arr_time,rule_violation,9:00 p.m.,9:10 p.m.,0,"Constraint Violation: The flight of Row 23 is equal to the flight of Row 2287, and The sched_arr_time of Row 23 is different from the sched_arr_time of Row 2287.","(23, 2287)",True,True,True,True,False
2288,sched_arr_time,rule_violation,2:47 p.m.,3:15 p.m.,0,"Constraint Violation: The flight of Row 24 is equal to the flight of Row 2288, and The sched_arr_time of Row 24 is different from the sched_arr_time of Row 2288.","(24, 2288)",True,True,True,True,False
2289,sched_arr_time,rule_violation,11:52 p.m.,12:21 a.m.,0,"Constraint Violation: The flight of Row 96 is equal to the flight of Row 2289, and The sched_arr_time of Row 96 is different from the sched_arr_time of Row 2289.","(96, 2289)",True,True,True,True,False
2290,sched_arr_time,rule_violation,12:08 p.m.,12:18 p.m.,0,"Constraint Violation: The flight of Row 98 is equal to the flight of Row 2290, and The sched_arr_time of Row 98 is different from the sched_arr_time of Row 2290.","(98, 2290)",True,True,True,True,False
2291,sched_arr_time,rule_violation,6:50 a.m.,7:30 a.m.,0,"Constraint Violation: The flight of Row 25 is equal to the flight of Row 2291, and The sched_arr_time of Row 25 is different from the sched_arr_time of Row 2291.","(25, 2291)",True,True,True,True,False
2292,sched_arr_time,rule_violation,9:00 a.m.,9:35 a.m.,0,"Constraint Violation: The flight of Row 26 is equal to the flight of Row 2292, and The sched_arr_time of Row 26 is different from the sched_arr_time of Row 2292.","(26, 2292)",True,True,True,True,False
2293,sched_arr_time,rule_violation,7:38 p.m.,8:05 p.m.,0,"Constraint Violation: The flight of Row 27 is equal to the flight of Row 2293, and The sched_arr_time of Row 27 is different from the sched_arr_time of Row 2293.","(27, 2293)",True,True,True,True,False
2294,sched_arr_time,rule_violation,6:00 p.m.,6:23 p.m.,0,"Constraint Violation: The flight of Row 103 is equal to the flight of Row 2294, and The sched_arr_time of Row 103 is different from the sched_arr_time of Row 2294.","(103, 2294)",True,True,True,True,False
2297,sched_arr_time,rule_violation,4:20 p.m.,4:31 p.m.,0,"Constraint Violation: The flight of Row 109 is equal to the flight of Row 2297, and The sched_arr_time of Row 109 is different from the sched_arr_time of Row 2297.","(109, 2297)",True,True,True,True,False
2301,sched_arr_time,rule_violation,11:31 p.m.,11:50 p.m.,0,"Constraint Violation: The flight of Row 33 is equal to the flight of Row 2301, and The sched_arr_time of Row 33 is different from the sched_arr_time of Row 2301.","(33, 2301)",True,True,True,True,False
2317,sched_arr_time,rule_violation,12:45 p.m.,12:55 p.m.,0,"Constraint Violation: The flight of Row 30 is equal to the flight of Row 2317, and The sched_arr_time of Row 30 is different from the sched_arr_time of Row 2317.","(30, 2317)",True,True,True,True,False
2318,sched_arr_time,rule_violation,6:31 p.m.,7:05 p.m.,0,"Constraint Violation: The flight of Row 146 is equal to the flight of Row 2318, and The sched_arr_time of Row 146 is different from the sched_arr_time of Row 2318.","(146, 2318)",True,True,True,True,False
2319,sched_arr_time,rule_violation,6:30 a.m.,6:40 a.m.,0,"Constraint Violation: The flight of Row 48 is equal to the flight of Row 2319, and The sched_arr_time of Row 48 is different from the sched_arr_time of Row 2319.","(48, 2319)",True,True,True,True,False
50,act_arr_time,rule_violation,9:22 a.m.,9:32 a.m.,0,"Constraint Violation: The flight of Row 0 is equal to the flight of Row 50, and The act_arr_time of Row 0 is different from the act_arr_time of Row 50.","(0, 50)",True,True,True,True,False
53,act_arr_time,rule_violation,11:30 a.m.,11:58 a.m.,0,"Constraint Violation: The flight of Row 53 is equal to the flight of Row 153, and The act_arr_time of Row 53 is different from the act_arr_time of Row 153.","(53, 153)",True,True,True,True,False
55,act_arr_time,rule_violation,10:31 p.m.,10:30 p.m.,0,"Constraint Violation: The flight of Row 1 is equal to the flight of Row 55, and The act_arr_time of Row 1 is different from the act_arr_time of Row 55.","(1, 55)",True,True,True,True,False
56,act_arr_time,rule_violation,5:14 p.m.,5:17 p.m.,0,"Constraint Violation: The flight of Row 56 is equal to the flight of Row 157, and The act_arr_time of Row 56 is different from the act_arr_time of Row 157.","(56, 157)",True,True,True,True,False
58,act_arr_time,rule_violation,4:54 p.m.,4:56 p.m.,0,"Constraint Violation: The flight of Row 45 is equal to the flight of Row 58, and The act_arr_time of Row 45 is different from the act_arr_time of Row 58.","(45, 58)",True,True,True,True,False
59,act_arr_time,rule_violation,11:11 a.m.,11:21 a.m.,0,"Constraint Violation: The flight of Row 59 is equal to the flight of Row 159, and The act_arr_time of Row 59 is different from the act_arr_time of Row 159.","(59, 159)",True,True,True,True,False
61,act_arr_time,rule_violation,7:04 a.m.,7:17 a.m.,0,"Constraint Violation: The flight of Row 61 is equal to the flight of Row 161, and The act_arr_time of Row 61 is different from the act_arr_time of Row 161.","(61, 161)",True,True,True,True,False
73,act_arr_time,rule_violation,4:43 p.m.,4:47 p.m.,0,"Constraint Violation: The flight of Row 73 is equal to the flight of Row 173, and The act_arr_time of Row 73 is different from the act_arr_time of Row 173.","(73, 173)",True,True,True,True,False
74,act_arr_time,rule_violation,4:08 p.m.,4:09 p.m.,0,"Constraint Violation: The flight of Row 8 is equal to the flight of Row 74, and The act_arr_time of Row 8 is different from the act_arr_time of Row 74.","(8, 74)",True,True,True,True,False
80,act_arr_time,rule_violation,11:50 a.m.,11:56 a.m.,0,"Constraint Violation: The flight of Row 12 is equal to the flight of Row 80, and The act_arr_time of Row 12 is different from the act_arr_time of Row 80.","(12, 80)",True,True,True,True,False
82,act_arr_time,rule_violation,1:23 p.m.,1:30 p.m.,0,"Constraint Violation: The flight of Row 82 is equal to the flight of Row 182, and The act_arr_time of Row 82 is different from the act_arr_time of Row 182.","(82, 182)",True,True,True,True,False
84,act_arr_time,rule_violation,1:55 p.m.,2:10 p.m.,0,"Constraint Violation: The flight of Row 16 is equal to the flight of Row 84, and The act_arr_time of Row 16 is different from the act_arr_time of Row 84.","(16, 84)",True,True,True,True,False
89,act_arr_time,rule_violation,2:39 p.m.,2:46 p.m.,0,"Constraint Violation: The flight of Row 20 is equal to the flight of Row 89, and The act_arr_time of Row 20 is different from the act_arr_time of Row 89.","(20, 89)",True,True,True,True,False
90,act_arr_time,rule_violation,5:24 p.m.,5:34 p.m.,0,"Constraint Violation: The flight of Row 90 is equal to the flight of Row 190, and The act_arr_time of Row 90 is different from the act_arr_time of Row 190.","(90, 190)",True,True,True,True,False
92,act_arr_time,rule_violation,10:34 a.m.,10:36 a.m.,0,"Constraint Violation: The flight of Row 22 is equal to the flight of Row 92, and The act_arr_time of Row 22 is different from the act_arr_time of Row 92.","(22, 92)",True,True,True,True,False
94,act_arr_time,rule_violation,8:38 p.m.,8:53 p.m.,0,"Constraint Violation: The flight of Row 23 is equal to the flight of Row 94, and The act_arr_time of Row 23 is different from the act_arr_time of Row 94.","(23, 94)",True,True,True,True,False
97,act_arr_time,rule_violation,7:20 p.m.,7:58 p.m.,0,"Constraint Violation: The flight of Row 97 is equal to the flight of Row 196, and The act_arr_time of Row 97 is different from the act_arr_time of Row 196.","(97, 196)",True,True,True,True,False
99,act_arr_time,rule_violation,7:49 a.m.,7:51 a.m.,0,"Constraint Violation: The flight of Row 25 is equal to the flight of Row 99, and The act_arr_time of Row 25 is different from the act_arr_time of Row 99.","(25, 99)",True,True,True,True,False
100,act_arr_time,rule_violation,9:26 a.m.,9:31 a.m.,0,"Constraint Violation: The flight of Row 26 is equal to the flight of Row 100, and The act_arr_time of Row 26 is different from the act_arr_time of Row 100.","(26, 100)",True,True,True,True,False
102,act_arr_time,rule_violation,10:43 a.m.,11:06 a.m.,0,"Constraint Violation: The flight of Row 17 is equal to the flight of Row 102, and The act_arr_time of Row 17 is different from the act_arr_time of Row 102.","(17, 102)",True,True,True,True,False
105,act_arr_time,rule_violation,9:47 p.m.,9:53 p.m.,0,"Constraint Violation: The flight of Row 28 is equal to the flight of Row 105, and The act_arr_time of Row 28 is different from the act_arr_time of Row 105.","(28, 105)",True,True,True,True,False
107,act_arr_time,rule_violation,10:43 a.m.,10:47 a.m.,0,"Constraint Violation: The flight of Row 107 is equal to the flight of Row 205, and The act_arr_time of Row 107 is different from the act_arr_time of Row 205.","(107, 205)",True,True,True,True,False
112,act_arr_time,rule_violation,5:52 a.m.,5:50 a.m.,0,"Constraint Violation: The flight of Row 31 is equal to the flight of Row 112, and The act_arr_time of Row 31 is different from the act_arr_time of Row 112.","(31, 112)",True,True,True,True,False
114,act_arr_time,rule_violation,11:49 p.m.,12:15 a.m.,0,"Constraint Violation: The flight of Row 32 is equal to the flight of Row 114, and The act_arr_time of Row 32 is different from the act_arr_time of Row 114.","(32, 114)",True,True,True,True,False
115,act_arr_time,rule_violation,11:35 p.m.,11:50 p.m.,0,"Constraint Violation: The flight of Row 33 is equal to the flight of Row 115, and The act_arr_time of Row 33 is different from the act_arr_time of Row 115.","(33, 115)",True,True,True,True,False
119,act_arr_time,rule_violation,3:29 p.m.,3:50 p.m.,0,"Constraint Violation: The flight of Row 36 is equal to the flight of Row 119, and The act_arr_time of Row 36 is different from the act_arr_time of Row 119.","(36, 119)",True,True,True,True,False
121,act_arr_time,rule_violation,8:33 a.m.,8:45 a.m.,0,"Constraint Violation: The flight of Row 121 is equal to the flight of Row 219, and The act_arr_time of Row 121 is different from the act_arr_time of Row 219.","(121, 219)",True,True,True,True,False
124,act_arr_time,rule_violation,7:50 a.m.,8:02 a.m.,0,"Constraint Violation: The flight of Row 124 is equal to the flight of Row 222, and The act_arr_time of Row 124 is different from the act_arr_time of Row 222.","(124, 222)",True,True,True,True,False
125,act_arr_time,rule_violation,1:52 p.m.,2:00 p.m.,0,"Constraint Violation: The flight of Row 125 is equal to the flight of Row 223, and The act_arr_time of Row 125 is different from the act_arr_time of Row 223.","(125, 223)",True,True,True,True,False
126,act_arr_time,rule_violation,9:12 p.m.,9:20 p.m.,0,"Constraint Violation: The flight of Row 37 is equal to the flight of Row 126, and The act_arr_time of Row 37 is different from the act_arr_time of Row 126.","(37, 126)",True,True,True,True,False
127,act_arr_time,rule_violation,4:22 p.m.,4:44 p.m.,0,"Constraint Violation: The flight of Row 127 is equal to the flight of Row 225, and The act_arr_time of Row 127 is different from the act_arr_time of Row 225.","(127, 225)",True,True,True,True,False
130,act_arr_time,rule_violation,3:36 p.m.,3:43 p.m.,0,"Constraint Violation: The flight of Row 38 is equal to the flight of Row 130, and The act_arr_time of Row 38 is different from the act_arr_time of Row 130.","(38, 130)",True,True,True,True,False
132,act_arr_time,rule_violation,11:04 a.m.,11:06 a.m.,0,"Constraint Violation: The flight of Row 40 is equal to the flight of Row 132, and The act_arr_time of Row 40 is different from the act_arr_time of Row 132.","(40, 132)",True,True,True,True,False
137,act_arr_time,rule_violation,10:12 a.m.,10:16 a.m.,0,"Constraint Violation: The flight of Row 43 is equal to the flight of Row 137, and The act_arr_time of Row 43 is different from the act_arr_time of Row 137.","(43, 137)",True,True,True,True,False
139,act_arr_time,rule_violation,7:59 a.m.,8:06 a.m.,0,"Constraint Violation: The flight of Row 13 is equal to the flight of Row 139, and The act_arr_time of Row 13 is different from the act_arr_time of Row 139.","(13, 139)",True,True,True,True,False
141,act_arr_time,rule_violation,2:21 p.m.,2:27 p.m.,0,"Constraint Violation: The flight of Row 19 is equal to the flight of Row 141, and The act_arr_time of Row 19 is different from the act_arr_time of Row 141.","(19, 141)",True,True,True,True,False
144,act_arr_time,rule_violation,12:37 p.m.,12:50 p.m.,0,"Constraint Violation: The flight of Row 30 is equal to the flight of Row 144, and The act_arr_time of Row 30 is different from the act_arr_time of Row 144.","(30, 144)",True,True,True,True,False
145,act_arr_time,rule_violation,7:37 a.m.,7:40 a.m.,0,"Constraint Violation: The flight of Row 18 is equal to the flight of Row 145, and The act_arr_time of Row 18 is different from the act_arr_time of Row 145.","(18, 145)",True,True,True,True,False
149,act_arr_time,rule_violation,3:12 p.m.,3:14 p.m.,0,"Constraint Violation: The flight of Row 47 is equal to the flight of Row 149, and The act_arr_time of Row 47 is different from the act_arr_time of Row 149.","(47, 149)",True,True,True,True,False
150,act_arr_time,rule_violation,9:22 a.m.,9:32 a.m.,0,"Constraint Violation: The flight of Row 0 is equal to the flight of Row 150, and The act_arr_time of Row 0 is different from the act_arr_time of Row 150.","(0, 150)",True,True,True,True,False
151,act_arr_time,rule_violation,10:23 p.m.,10:29 p.m.,0,"Constraint Violation: The flight of Row 51 is equal to the flight of Row 151, and The act_arr_time of Row 51 is different from the act_arr_time of Row 151.","(51, 151)",True,True,True,True,False
152,act_arr_time,rule_violation,9:12 a.m.,9:28 a.m.,0,"Constraint Violation: The flight of Row 3 is equal to the flight of Row 152, and The act_arr_time of Row 3 is different from the act_arr_time of Row 152.","(3, 152)",True,True,True,True,False
153,act_arr_time,rule_violation,11:35 a.m.,11:58 a.m.,0,"Constraint Violation: The flight of Row 53 is equal to the flight of Row 153, and The act_arr_time of Row 53 is different from the act_arr_time of Row 153.","(53, 153)",True,True,True,True,False
154,act_arr_time,rule_violation,9:40 a.m.,9:43 a.m.,0,"Constraint Violation: The flight of Row 54 is equal to the flight of Row 154, and The act_arr_time of Row 54 is different from the act_arr_time of Row 154.","(54, 154)",True,True,True,True,False
156,act_arr_time,rule_violation,3:10 p.m.,3:16 p.m.,0,"Constraint Violation: The flight of Row 24 is equal to the flight of Row 156, and The act_arr_time of Row 24 is different from the act_arr_time of Row 156.","(24, 156)",True,True,True,True,False
159,act_arr_time,rule_violation,11:18 a.m.,11:21 a.m.,0,"Constraint Violation: The flight of Row 59 is equal to the flight of Row 159, and The act_arr_time of Row 59 is different from the act_arr_time of Row 159.","(59, 159)",True,True,True,True,False
161,act_arr_time,rule_violation,7:10 a.m.,7:17 a.m.,0,"Constraint Violation: The flight of Row 61 is equal to the flight of Row 161, and The act_arr_time of Row 61 is different from the act_arr_time of Row 161.","(61, 161)",True,True,True,True,False
162,act_arr_time,rule_violation,5:23 a.m.,5:26 a.m.,0,"Constraint Violation: The flight of Row 62 is equal to the flight of Row 162, and The act_arr_time of Row 62 is different from the act_arr_time of Row 162.","(62, 162)",True,True,True,True,False
163,act_arr_time,rule_violation,6:25 p.m.,6:28 p.m.,0,"Constraint Violation: The flight of Row 163 is equal to the flight of Row 263, and The act_arr_time of Row 163 is different from the act_arr_time of Row 263.","(163, 263)",True,True,True,True,False
165,act_arr_time,rule_violation,1:09 p.m.,1:19 p.m.,0,"Constraint Violation: The flight of Row 65 is equal to the flight of Row 165, and The act_arr_time of Row 65 is different from the act_arr_time of Row 165.","(65, 165)",True,True,True,True,False
166,act_arr_time,rule_violation,1:18 p.m.,1:27 p.m.,0,"Constraint Violation: The flight of Row 15 is equal to the flight of Row 166, and The act_arr_time of Row 15 is different from the act_arr_time of Row 166.","(15, 166)",True,True,True,True,False
167,act_arr_time,rule_violation,9:54 a.m.,9:56 a.m.,0,"Constraint Violation: The flight of Row 67 is equal to the flight of Row 167, and The act_arr_time of Row 67 is different from the act_arr_time of Row 167.","(67, 167)",True,True,True,True,False
168,act_arr_time,rule_violation,9:42 a.m.,9:45 a.m.,0,"Constraint Violation: The flight of Row 6 is equal to the flight of Row 168, and The act_arr_time of Row 6 is different from the act_arr_time of Row 168.","(6, 168)",True,True,True,True,False
170,act_arr_time,rule_violation,1:34 p.m.,1:40 p.m.,0,"Constraint Violation: The flight of Row 10 is equal to the flight of Row 170, and The act_arr_time of Row 10 is different from the act_arr_time of Row 170.","(10, 170)",True,True,True,True,False
173,act_arr_time,rule_violation,4:45 p.m.,4:47 p.m.,0,"Constraint Violation: The flight of Row 73 is equal to the flight of Row 173, and The act_arr_time of Row 73 is different from the act_arr_time of Row 173.","(73, 173)",True,True,True,True,False
175,act_arr_time,rule_violation,1:12 p.m.,1:14 p.m.,0,"Constraint Violation: The flight of Row 75 is equal to the flight of Row 175, and The act_arr_time of Row 75 is different from the act_arr_time of Row 175.","(75, 175)",True,True,True,True,False
176,act_arr_time,rule_violation,9:00 a.m.,9:05 a.m.,0,"Constraint Violation: The flight of Row 9 is equal to the flight of Row 176, and The act_arr_time of Row 9 is different from the act_arr_time of Row 176.","(9, 176)",True,True,True,True,False
177,act_arr_time,rule_violation,5:03 p.m.,5:05 p.m.,0,"Constraint Violation: The flight of Row 77 is equal to the flight of Row 177, and The act_arr_time of Row 77 is different from the act_arr_time of Row 177.","(77, 177)",True,True,True,True,False
178,act_arr_time,rule_violation,10:18 a.m.,10:27 a.m.,0,"Constraint Violation: The flight of Row 78 is equal to the flight of Row 178, and The act_arr_time of Row 78 is different from the act_arr_time of Row 178.","(78, 178)",True,True,True,True,False
179,act_arr_time,rule_violation,10:47 a.m.,10:56 a.m.,0,"Constraint Violation: The flight of Row 79 is equal to the flight of Row 179, and The act_arr_time of Row 79 is different from the act_arr_time of Row 179.","(79, 179)",True,True,True,True,False
180,act_arr_time,rule_violation,11:50 a.m.,11:56 a.m.,0,"Constraint Violation: The flight of Row 12 is equal to the flight of Row 180, and The act_arr_time of Row 12 is different from the act_arr_time of Row 180.","(12, 180)",True,True,True,True,False
181,act_arr_time,rule_violation,3:19 p.m.,3:30 p.m.,0,"Constraint Violation: The flight of Row 14 is equal to the flight of Row 181, and The act_arr_time of Row 14 is different from the act_arr_time of Row 181.","(14, 181)",True,True,True,True,False
183,act_arr_time,rule_violation,3:20 p.m.,3:21 p.m.,0,"Constraint Violation: The flight of Row 83 is equal to the flight of Row 183, and The act_arr_time of Row 83 is different from the act_arr_time of Row 183.","(83, 183)",True,True,True,True,False
184,act_arr_time,rule_violation,2:01 p.m.,2:10 p.m.,0,"Constraint Violation: The flight of Row 16 is equal to the flight of Row 184, and The act_arr_time of Row 16 is different from the act_arr_time of Row 184.","(16, 184)",True,True,True,True,False
185,act_arr_time,rule_violation,5:28 p.m.,5:42 p.m.,0,"Constraint Violation: The flight of Row 85 is equal to the flight of Row 185, and The act_arr_time of Row 85 is different from the act_arr_time of Row 185.","(85, 185)",True,True,True,True,False
188,act_arr_time,rule_violation,9:38 p.m.,9:52 p.m.,0,"Constraint Violation: The flight of Row 88 is equal to the flight of Row 188, and The act_arr_time of Row 88 is different from the act_arr_time of Row 188.","(88, 188)",True,True,True,True,False
189,act_arr_time,rule_violation,2:37 p.m.,2:46 p.m.,0,"Constraint Violation: The flight of Row 20 is equal to the flight of Row 189, and The act_arr_time of Row 20 is different from the act_arr_time of Row 189.","(20, 189)",True,True,True,True,False
194,act_arr_time,rule_violation,8:43 p.m.,8:53 p.m.,0,"Constraint Violation: The flight of Row 23 is equal to the flight of Row 194, and The act_arr_time of Row 23 is different from the act_arr_time of Row 194.","(23, 194)",True,True,True,True,False
197,act_arr_time,rule_violation,12:03 p.m.,12:09 p.m.,0,"Constraint Violation: The flight of Row 98 is equal to the flight of Row 197, and The act_arr_time of Row 98 is different from the act_arr_time of Row 197.","(98, 197)",True,True,True,True,False
204,act_arr_time,rule_violation,6:13 p.m.,6:34 p.m.,0,"Constraint Violation: The flight of Row 106 is equal to the flight of Row 204, and The act_arr_time of Row 106 is different from the act_arr_time of Row 204.","(106, 204)",True,True,True,True,False
205,act_arr_time,rule_violation,10:45 a.m.,10:47 a.m.,0,"Constraint Violation: The flight of Row 107 is equal to the flight of Row 205, and The act_arr_time of Row 107 is different from the act_arr_time of Row 205.","(107, 205)",True,True,True,True,False
207,act_arr_time,rule_violation,4:18 p.m.,4:23 p.m.,0,"Constraint Violation: The flight of Row 109 is equal to the flight of Row 207, and The act_arr_time of Row 109 is different from the act_arr_time of Row 207.","(109, 207)",True,True,True,True,False
215,act_arr_time,rule_violation,11:40 a.m.,11:44 a.m.,0,"Constraint Violation: The flight of Row 35 is equal to the flight of Row 215, and The act_arr_time of Row 35 is different from the act_arr_time of Row 215.","(35, 215)",True,True,True,True,False
216,act_arr_time,rule_violation,9:11 a.m.,9:13 a.m.,0,"Constraint Violation: The flight of Row 118 is equal to the flight of Row 216, and The act_arr_time of Row 118 is different from the act_arr_time of Row 216.","(118, 216)",True,True,True,True,False
218,act_arr_time,rule_violation,4:55 p.m.,4:59 p.m.,0,"Constraint Violation: The flight of Row 120 is equal to the flight of Row 218, and The act_arr_time of Row 120 is different from the act_arr_time of Row 218.","(120, 218)",True,True,True,True,False
219,act_arr_time,rule_violation,8:41 a.m.,8:45 a.m.,0,"Constraint Violation: The flight of Row 121 is equal to the flight of Row 219, and The act_arr_time of Row 121 is different from the act_arr_time of Row 219.","(121, 219)",True,True,True,True,False
222,act_arr_time,rule_violation,7:58 a.m.,8:02 a.m.,0,"Constraint Violation: The flight of Row 124 is equal to the flight of Row 222, and The act_arr_time of Row 124 is different from the act_arr_time of Row 222.","(124, 222)",True,True,True,True,False
223,act_arr_time,rule_violation,2:02 p.m.,2:00 p.m.,0,"Constraint Violation: The flight of Row 125 is equal to the flight of Row 223, and The act_arr_time of Row 125 is different from the act_arr_time of Row 223.","(125, 223)",True,True,True,True,False
224,act_arr_time,rule_violation,9:11 p.m.,9:20 p.m.,0,"Constraint Violation: The flight of Row 37 is equal to the flight of Row 224, and The act_arr_time of Row 37 is different from the act_arr_time of Row 224.","(37, 224)",True,True,True,True,False
225,act_arr_time,rule_violation,4:24 p.m.,4:44 p.m.,0,"Constraint Violation: The flight of Row 127 is equal to the flight of Row 225, and The act_arr_time of Row 127 is different from the act_arr_time of Row 225.","(127, 225)",True,True,True,True,False
227,act_arr_time,rule_violation,12:10 p.m.,11:56 a.m.,0,"Constraint Violation: The flight of Row 129 is equal to the flight of Row 227, and The act_arr_time of Row 129 is different from the act_arr_time of Row 227.","(129, 227)",True,True,True,True,False
228,act_arr_time,rule_violation,3:36 p.m.,3:43 p.m.,0,"Constraint Violation: The flight of Row 38 is equal to the flight of Row 228, and The act_arr_time of Row 38 is different from the act_arr_time of Row 228.","(38, 228)",True,True,True,True,False
230,act_arr_time,rule_violation,11:07 a.m.,11:06 a.m.,0,"Constraint Violation: The flight of Row 40 is equal to the flight of Row 230, and The act_arr_time of Row 40 is different from the act_arr_time of Row 230.","(40, 230)",True,True,True,True,False
233,act_arr_time,rule_violation,12:00 p.m.,12:09 p.m.,0,"Constraint Violation: The flight of Row 135 is equal to the flight of Row 233, and The act_arr_time of Row 135 is different from the act_arr_time of Row 233.","(135, 233)",True,True,True,True,False
234,act_arr_time,rule_violation,3:01 p.m.,3:13 p.m.,0,"Constraint Violation: The flight of Row 42 is equal to the flight of Row 234, and The act_arr_time of Row 42 is different from the act_arr_time of Row 234.","(42, 234)",True,True,True,True,False
235,act_arr_time,rule_violation,10:10 a.m.,10:16 a.m.,0,"Constraint Violation: The flight of Row 43 is equal to the flight of Row 235, and The act_arr_time of Row 43 is different from the act_arr_time of Row 235.","(43, 235)",True,True,True,True,False
237,act_arr_time,rule_violation,7:57 a.m.,8:06 a.m.,0,"Constraint Violation: The flight of Row 13 is equal to the flight of Row 237, and The act_arr_time of Row 13 is different from the act_arr_time of Row 237.","(13, 237)",True,True,True,True,False
238,act_arr_time,rule_violation,4:52 p.m.,4:56 p.m.,0,"Constraint Violation: The flight of Row 45 is equal to the flight of Row 238, and The act_arr_time of Row 45 is different from the act_arr_time of Row 238.","(45, 238)",True,True,True,True,False
240,act_arr_time,rule_violation,2:18 p.m.,2:27 p.m.,0,"Constraint Violation: The flight of Row 19 is equal to the flight of Row 240, and The act_arr_time of Row 19 is different from the act_arr_time of Row 240.","(19, 240)",True,True,True,True,False
241,act_arr_time,rule_violation,10:53 a.m.,11:06 a.m.,0,"Constraint Violation: The flight of Row 17 is equal to the flight of Row 241, and The act_arr_time of Row 17 is different from the act_arr_time of Row 241.","(17, 241)",True,True,True,True,False
242,act_arr_time,rule_violation,5:09 p.m.,5:26 p.m.,0,"Constraint Violation: The flight of Row 142 is equal to the flight of Row 242, and The act_arr_time of Row 142 is different from the act_arr_time of Row 242.","(142, 242)",True,True,True,True,False
243,act_arr_time,rule_violation,5:35 p.m.,5:38 p.m.,0,"Constraint Violation: The flight of Row 143 is equal to the flight of Row 243, and The act_arr_time of Row 143 is different from the act_arr_time of Row 243.","(143, 243)",True,True,True,True,False
244,act_arr_time,rule_violation,12:48 p.m.,12:50 p.m.,0,"Constraint Violation: The flight of Row 30 is equal to the flight of Row 244, and The act_arr_time of Row 30 is different from the act_arr_time of Row 244.","(30, 244)",True,True,True,True,False
245,act_arr_time,rule_violation,7:32 a.m.,7:40 a.m.,0,"Constraint Violation: The flight of Row 18 is equal to the flight of Row 245, and The act_arr_time of Row 18 is different from the act_arr_time of Row 245.","(18, 245)",True,True,True,True,False
252,act_arr_time,rule_violation,11:34 a.m.,11:58 a.m.,0,"Constraint Violation: The flight of Row 53 is equal to the flight of Row 252, and The act_arr_time of Row 53 is different from the act_arr_time of Row 252.","(53, 252)",True,True,True,True,False
260,act_arr_time,rule_violation,7:02 a.m.,6:55 a.m.,0,"Constraint Violation: The flight of Row 5 is equal to the flight of Row 260, and The act_arr_time of Row 5 is different from the act_arr_time of Row 260.","(5, 260)",True,True,True,True,False
275,act_arr_time,rule_violation,11:50 a.m.,11:56 a.m.,0,"Constraint Violation: The flight of Row 12 is equal to the flight of Row 275, and The act_arr_time of Row 12 is different from the act_arr_time of Row 275.","(12, 275)",True,True,True,True,False
283,act_arr_time,rule_violation,2:17 p.m.,2:27 p.m.,0,"Constraint Violation: The flight of Row 19 is equal to the flight of Row 283, and The act_arr_time of Row 19 is different from the act_arr_time of Row 283.","(19, 283)",True,True,True,True,False
284,act_arr_time,rule_violation,2:36 p.m.,2:46 p.m.,0,"Constraint Violation: The flight of Row 20 is equal to the flight of Row 284, and The act_arr_time of Row 20 is different from the act_arr_time of Row 284.","(20, 284)",True,True,True,True,False
285,act_arr_time,rule_violation,10:34 a.m.,10:36 a.m.,0,"Constraint Violation: The flight of Row 22 is equal to the flight of Row 285, and The act_arr_time of Row 22 is different from the act_arr_time of Row 285.","(22, 285)",True,True,True,True,False
293,act_arr_time,rule_violation,9:23 a.m.,9:31 a.m.,0,"Constraint Violation: The flight of Row 26 is equal to the flight of Row 293, and The act_arr_time of Row 26 is different from the act_arr_time of Row 293.","(26, 293)",True,True,True,True,False
306,act_arr_time,rule_violation,11:39 a.m.,11:44 a.m.,0,"Constraint Violation: The flight of Row 35 is equal to the flight of Row 306, and The act_arr_time of Row 35 is different from the act_arr_time of Row 306.","(35, 306)",True,True,True,True,False
325,act_arr_time,rule_violation,1:23 p.m.,1:30 p.m.,0,"Constraint Violation: The flight of Row 182 is equal to the flight of Row 325, and The act_arr_time of Row 182 is different from the act_arr_time of Row 325.","(182, 325)",True,True,True,True,False
335,act_arr_time,rule_violation,10:49 a.m.,11:12 a.m.,0,"Constraint Violation: The flight of Row 49 is equal to the flight of Row 335, and The act_arr_time of Row 49 is different from the act_arr_time of Row 335.","(49, 335)",True,True,True,True,False
337,act_arr_time,rule_violation,9:22 a.m.,9:32 a.m.,0,"Constraint Violation: The flight of Row 0 is equal to the flight of Row 337, and The act_arr_time of Row 0 is different from the act_arr_time of Row 337.","(0, 337)",True,True,True,True,False
340,act_arr_time,rule_violation,11:30 a.m.,11:58 a.m.,0,"Constraint Violation: The flight of Row 153 is equal to the flight of Row 340, and The act_arr_time of Row 153 is different from the act_arr_time of Row 340.","(153, 340)",True,True,True,True,False
342,act_arr_time,rule_violation,10:31 p.m.,10:30 p.m.,0,"Constraint Violation: The flight of Row 1 is equal to the flight of Row 342, and The act_arr_time of Row 1 is different from the act_arr_time of Row 342.","(1, 342)",True,True,True,True,False
343,act_arr_time,rule_violation,5:14 p.m.,5:17 p.m.,0,"Constraint Violation: The flight of Row 157 is equal to the flight of Row 343, and The act_arr_time of Row 157 is different from the act_arr_time of Row 343.","(157, 343)",True,True,True,True,False
345,act_arr_time,rule_violation,4:54 p.m.,4:56 p.m.,0,"Constraint Violation: The flight of Row 45 is equal to the flight of Row 345, and The act_arr_time of Row 45 is different from the act_arr_time of Row 345.","(45, 345)",True,True,True,True,False
346,act_arr_time,rule_violation,11:11 a.m.,11:21 a.m.,0,"Constraint Violation: The flight of Row 159 is equal to the flight of Row 346, and The act_arr_time of Row 159 is different from the act_arr_time of Row 346.","(159, 346)",True,True,True,True,False
348,act_arr_time,rule_violation,7:04 a.m.,7:17 a.m.,0,"Constraint Violation: The flight of Row 161 is equal to the flight of Row 348, and The act_arr_time of Row 161 is different from the act_arr_time of Row 348.","(161, 348)",True,True,True,True,False
360,act_arr_time,rule_violation,4:43 p.m.,4:47 p.m.,0,"Constraint Violation: The flight of Row 173 is equal to the flight of Row 360, and The act_arr_time of Row 173 is different from the act_arr_time of Row 360.","(173, 360)",True,True,True,True,False
361,act_arr_time,rule_violation,4:08 p.m.,4:09 p.m.,0,"Constraint Violation: The flight of Row 8 is equal to the flight of Row 361, and The act_arr_time of Row 8 is different from the act_arr_time of Row 361.","(8, 361)",True,True,True,True,False
367,act_arr_time,rule_violation,11:50 a.m.,11:56 a.m.,0,"Constraint Violation: The flight of Row 12 is equal to the flight of Row 367, and The act_arr_time of Row 12 is different from the act_arr_time of Row 367.","(12, 367)",True,True,True,True,False
369,act_arr_time,rule_violation,1:23 p.m.,1:30 p.m.,0,"Constraint Violation: The flight of Row 182 is equal to the flight of Row 369, and The act_arr_time of Row 182 is different from the act_arr_time of Row 369.","(182, 369)",True,True,True,True,False
371,act_arr_time,rule_violation,1:55 p.m.,2:10 p.m.,0,"Constraint Violation: The flight of Row 16 is equal to the flight of Row 371, and The act_arr_time of Row 16 is different from the act_arr_time of Row 371.","(16, 371)",True,True,True,True,False
376,act_arr_time,rule_violation,2:39 p.m.,2:46 p.m.,0,"Constraint Violation: The flight of Row 20 is equal to the flight of Row 376, and The act_arr_time of Row 20 is different from the act_arr_time of Row 376.","(20, 376)",True,True,True,True,False
377,act_arr_time,rule_violation,5:24 p.m.,5:34 p.m.,0,"Constraint Violation: The flight of Row 190 is equal to the flight of Row 377, and The act_arr_time of Row 190 is different from the act_arr_time of Row 377.","(190, 377)",True,True,True,True,False
379,act_arr_time,rule_violation,10:34 a.m.,10:36 a.m.,0,"Constraint Violation: The flight of Row 22 is equal to the flight of Row 379, and The act_arr_time of Row 22 is different from the act_arr_time of Row 379.","(22, 379)",True,True,True,True,False
381,act_arr_time,rule_violation,8:38 p.m.,8:53 p.m.,0,"Constraint Violation: The flight of Row 23 is equal to the flight of Row 381, and The act_arr_time of Row 23 is different from the act_arr_time of Row 381.","(23, 381)",True,True,True,True,False
384,act_arr_time,rule_violation,7:20 p.m.,7:58 p.m.,0,"Constraint Violation: The flight of Row 196 is equal to the flight of Row 384, and The act_arr_time of Row 196 is different from the act_arr_time of Row 384.","(196, 384)",True,True,True,True,False
386,act_arr_time,rule_violation,7:49 a.m.,7:51 a.m.,0,"Constraint Violation: The flight of Row 25 is equal to the flight of Row 386, and The act_arr_time of Row 25 is different from the act_arr_time of Row 386.","(25, 386)",True,True,True,True,False
387,act_arr_time,rule_violation,9:26 a.m.,9:31 a.m.,0,"Constraint Violation: The flight of Row 26 is equal to the flight of Row 387, and The act_arr_time of Row 26 is different from the act_arr_time of Row 387.","(26, 387)",True,True,True,True,False
389,act_arr_time,rule_violation,10:43 a.m.,11:06 a.m.,0,"Constraint Violation: The flight of Row 17 is equal to the flight of Row 389, and The act_arr_time of Row 17 is different from the act_arr_time of Row 389.","(17, 389)",True,True,True,True,False
392,act_arr_time,rule_violation,9:47 p.m.,9:53 p.m.,0,"Constraint Violation: The flight of Row 28 is equal to the flight of Row 392, and The act_arr_time of Row 28 is different from the act_arr_time of Row 392.","(28, 392)",True,True,True,True,False
394,act_arr_time,rule_violation,10:43 a.m.,10:47 a.m.,0,"Constraint Violation: The flight of Row 205 is equal to the flight of Row 394, and The act_arr_time of Row 205 is different from the act_arr_time of Row 394.","(205, 394)",True,True,True,True,False
399,act_arr_time,rule_violation,5:52 a.m.,5:50 a.m.,0,"Constraint Violation: The flight of Row 31 is equal to the flight of Row 399, and The act_arr_time of Row 31 is different from the act_arr_time of Row 399.","(31, 399)",True,True,True,True,False
401,act_arr_time,rule_violation,11:49 p.m.,12:15 a.m.,0,"Constraint Violation: The flight of Row 32 is equal to the flight of Row 401, and The act_arr_time of Row 32 is different from the act_arr_time of Row 401.","(32, 401)",True,True,True,True,False
402,act_arr_time,rule_violation,11:35 p.m.,11:50 p.m.,0,"Constraint Violation: The flight of Row 33 is equal to the flight of Row 402, and The act_arr_time of Row 33 is different from the act_arr_time of Row 402.","(33, 402)",True,True,True,True,False
406,act_arr_time,rule_violation,3:29 p.m.,3:50 p.m.,0,"Constraint Violation: The flight of Row 36 is equal to the flight of Row 406, and The act_arr_time of Row 36 is different from the act_arr_time of Row 406.","(36, 406)",True,True,True,True,False
408,act_arr_time,rule_violation,8:33 a.m.,8:45 a.m.,0,"Constraint Violation: The flight of Row 219 is equal to the flight of Row 408, and The act_arr_time of Row 219 is different from the act_arr_time of Row 408.","(219, 408)",True,True,True,True,False
411,act_arr_time,rule_violation,7:50 a.m.,8:02 a.m.,0,"Constraint Violation: The flight of Row 222 is equal to the flight of Row 411, and The act_arr_time of Row 222 is different from the act_arr_time of Row 411.","(222, 411)",True,True,True,True,False
412,act_arr_time,rule_violation,1:52 p.m.,2:00 p.m.,0,"Constraint Violation: The flight of Row 223 is equal to the flight of Row 412, and The act_arr_time of Row 223 is different from the act_arr_time of Row 412.","(223, 412)",True,True,True,True,False
413,act_arr_time,rule_violation,9:12 p.m.,9:20 p.m.,0,"Constraint Violation: The flight of Row 37 is equal to the flight of Row 413, and The act_arr_time of Row 37 is different from the act_arr_time of Row 413.","(37, 413)",True,True,True,True,False
414,act_arr_time,rule_violation,4:22 p.m.,4:44 p.m.,0,"Constraint Violation: The flight of Row 225 is equal to the flight of Row 414, and The act_arr_time of Row 225 is different from the act_arr_time of Row 414.","(225, 414)",True,True,True,True,False
417,act_arr_time,rule_violation,3:36 p.m.,3:43 p.m.,0,"Constraint Violation: The flight of Row 38 is equal to the flight of Row 417, and The act_arr_time of Row 38 is different from the act_arr_time of Row 417.","(38, 417)",True,True,True,True,False
419,act_arr_time,rule_violation,11:04 a.m.,11:06 a.m.,0,"Constraint Violation: The flight of Row 40 is equal to the flight of Row 419, and The act_arr_time of Row 40 is different from the act_arr_time of Row 419.","(40, 419)",True,True,True,True,False
424,act_arr_time,rule_violation,10:12 a.m.,10:16 a.m.,0,"Constraint Violation: The flight of Row 43 is equal to the flight of Row 424, and The act_arr_time of Row 43 is different from the act_arr_time of Row 424.","(43, 424)",True,True,True,True,False
426,act_arr_time,rule_violation,7:59 a.m.,8:06 a.m.,0,"Constraint Violation: The flight of Row 13 is equal to the flight of Row 426, and The act_arr_time of Row 13 is different from the act_arr_time of Row 426.","(13, 426)",True,True,True,True,False
428,act_arr_time,rule_violation,2:21 p.m.,2:27 p.m.,0,"Constraint Violation: The flight of Row 19 is equal to the flight of Row 428, and The act_arr_time of Row 19 is different from the act_arr_time of Row 428.","(19, 428)",True,True,True,True,False
431,act_arr_time,rule_violation,12:37 p.m.,12:50 p.m.,0,"Constraint Violation: The flight of Row 30 is equal to the flight of Row 431, and The act_arr_time of Row 30 is different from the act_arr_time of Row 431.","(30, 431)",True,True,True,True,False
432,act_arr_time,rule_violation,7:37 a.m.,7:40 a.m.,0,"Constraint Violation: The flight of Row 18 is equal to the flight of Row 432, and The act_arr_time of Row 18 is different from the act_arr_time of Row 432.","(18, 432)",True,True,True,True,False
436,act_arr_time,rule_violation,3:12 p.m.,3:14 p.m.,0,"Constraint Violation: The flight of Row 47 is equal to the flight of Row 436, and The act_arr_time of Row 47 is different from the act_arr_time of Row 436.","(47, 436)",True,True,True,True,False
437,act_arr_time,rule_violation,9:22 a.m.,9:32 a.m.,0,"Constraint Violation: The flight of Row 0 is equal to the flight of Row 437, and The act_arr_time of Row 0 is different from the act_arr_time of Row 437.","(0, 437)",True,True,True,True,False
450,act_arr_time,rule_violation,6:25 p.m.,6:28 p.m.,0,"Constraint Violation: The flight of Row 263 is equal to the flight of Row 450, and The act_arr_time of Row 263 is different from the act_arr_time of Row 450.","(263, 450)",True,True,True,True,False
453,act_arr_time,rule_violation,1:18 p.m.,1:27 p.m.,0,"Constraint Violation: The flight of Row 15 is equal to the flight of Row 453, and The act_arr_time of Row 15 is different from the act_arr_time of Row 453.","(15, 453)",True,True,True,True,False
464,act_arr_time,rule_violation,5:03 p.m.,5:05 p.m.,0,"Constraint Violation: The flight of Row 77 is equal to the flight of Row 464, and The act_arr_time of Row 77 is different from the act_arr_time of Row 464.","(77, 464)",True,True,True,True,False
467,act_arr_time,rule_violation,11:50 a.m.,11:56 a.m.,0,"Constraint Violation: The flight of Row 12 is equal to the flight of Row 467, and The act_arr_time of Row 12 is different from the act_arr_time of Row 467.","(12, 467)",True,True,True,True,False
468,act_arr_time,rule_violation,3:19 p.m.,3:30 p.m.,0,"Constraint Violation: The flight of Row 14 is equal to the flight of Row 468, and The act_arr_time of Row 14 is different from the act_arr_time of Row 468.","(14, 468)",True,True,True,True,False
471,act_arr_time,rule_violation,2:01 p.m.,2:10 p.m.,0,"Constraint Violation: The flight of Row 16 is equal to the flight of Row 471, and The act_arr_time of Row 16 is different from the act_arr_time of Row 471.","(16, 471)",True,True,True,True,False
475,act_arr_time,rule_violation,9:38 p.m.,9:52 p.m.,0,"Constraint Violation: The flight of Row 88 is equal to the flight of Row 475, and The act_arr_time of Row 88 is different from the act_arr_time of Row 475.","(88, 475)",True,True,True,True,False
481,act_arr_time,rule_violation,8:43 p.m.,8:53 p.m.,0,"Constraint Violation: The flight of Row 23 is equal to the flight of Row 481, and The act_arr_time of Row 23 is different from the act_arr_time of Row 481.","(23, 481)",True,True,True,True,False
488,act_arr_time,rule_violation,6:35 p.m.,6:38 p.m.,0,"Constraint Violation: The flight of Row 103 is equal to the flight of Row 488, and The act_arr_time of Row 103 is different from the act_arr_time of Row 488.","(103, 488)",True,True,True,True,False
492,act_arr_time,rule_violation,10:45 a.m.,10:47 a.m.,0,"Constraint Violation: The flight of Row 107 is equal to the flight of Row 492, and The act_arr_time of Row 107 is different from the act_arr_time of Row 492.","(107, 492)",True,True,True,True,False
510,act_arr_time,rule_violation,2:02 p.m.,2:00 p.m.,0,"Constraint Violation: The flight of Row 125 is equal to the flight of Row 510, and The act_arr_time of Row 125 is different from the act_arr_time of Row 510.","(125, 510)",True,True,True,True,False
511,act_arr_time,rule_violation,9:11 p.m.,9:20 p.m.,0,"Constraint Violation: The flight of Row 37 is equal to the flight of Row 511, and The act_arr_time of Row 37 is different from the act_arr_time of Row 511.","(37, 511)",True,True,True,True,False
512,act_arr_time,rule_violation,4:24 p.m.,4:44 p.m.,0,"Constraint Violation: The flight of Row 127 is equal to the flight of Row 512, and The act_arr_time of Row 127 is different from the act_arr_time of Row 512.","(127, 512)",True,True,True,True,False
514,act_arr_time,rule_violation,12:12 p.m.,11:56 a.m.,0,"Constraint Violation: The flight of Row 129 is equal to the flight of Row 514, and The act_arr_time of Row 129 is different from the act_arr_time of Row 514.","(129, 514)",True,True,True,True,False
515,act_arr_time,rule_violation,3:36 p.m.,3:43 p.m.,0,"Constraint Violation: The flight of Row 38 is equal to the flight of Row 515, and The act_arr_time of Row 38 is different from the act_arr_time of Row 515.","(38, 515)",True,True,True,True,False
517,act_arr_time,rule_violation,11:07 a.m.,11:06 a.m.,0,"Constraint Violation: The flight of Row 40 is equal to the flight of Row 517, and The act_arr_time of Row 40 is different from the act_arr_time of Row 517.","(40, 517)",True,True,True,True,False
521,act_arr_time,rule_violation,3:01 p.m.,3:13 p.m.,0,"Constraint Violation: The flight of Row 42 is equal to the flight of Row 521, and The act_arr_time of Row 42 is different from the act_arr_time of Row 521.","(42, 521)",True,True,True,True,False
522,act_arr_time,rule_violation,10:10 a.m.,10:16 a.m.,0,"Constraint Violation: The flight of Row 43 is equal to the flight of Row 522, and The act_arr_time of Row 43 is different from the act_arr_time of Row 522.","(43, 522)",True,True,True,True,False
524,act_arr_time,rule_violation,7:57 a.m.,8:06 a.m.,0,"Constraint Violation: The flight of Row 13 is equal to the flight of Row 524, and The act_arr_time of Row 13 is different from the act_arr_time of Row 524.","(13, 524)",True,True,True,True,False
531,act_arr_time,rule_violation,12:48 p.m.,12:50 p.m.,0,"Constraint Violation: The flight of Row 30 is equal to the flight of Row 531, and The act_arr_time of Row 30 is different from the act_arr_time of Row 531.","(30, 531)",True,True,True,True,False
532,act_arr_time,rule_violation,7:32 a.m.,7:40 a.m.,0,"Constraint Violation: The flight of Row 18 is equal to the flight of Row 532, and The act_arr_time of Row 18 is different from the act_arr_time of Row 532.","(18, 532)",True,True,True,True,False
629,act_arr_time,rule_violation,9:22 a.m.,9:32 a.m.,0,"Constraint Violation: The flight of Row 0 is equal to the flight of Row 629, and The act_arr_time of Row 0 is different from the act_arr_time of Row 629.","(0, 629)",True,True,True,True,False
642,act_arr_time,rule_violation,6:25 p.m.,6:28 p.m.,0,"Constraint Violation: The flight of Row 263 is equal to the flight of Row 642, and The act_arr_time of Row 263 is different from the act_arr_time of Row 642.","(263, 642)",True,True,True,True,False
645,act_arr_time,rule_violation,1:18 p.m.,1:27 p.m.,0,"Constraint Violation: The flight of Row 15 is equal to the flight of Row 645, and The act_arr_time of Row 15 is different from the act_arr_time of Row 645.","(15, 645)",True,True,True,True,False
652,act_arr_time,rule_violation,5:00 p.m.,4:47 p.m.,0,"Constraint Violation: The flight of Row 73 is equal to the flight of Row 652, and The act_arr_time of Row 73 is different from the act_arr_time of Row 652.","(73, 652)",True,True,True,True,False
656,act_arr_time,rule_violation,5:03 p.m.,5:05 p.m.,0,"Constraint Violation: The flight of Row 77 is equal to the flight of Row 656, and The act_arr_time of Row 77 is different from the act_arr_time of Row 656.","(77, 656)",True,True,True,True,False
659,act_arr_time,rule_violation,11:50 a.m.,11:56 a.m.,0,"Constraint Violation: The flight of Row 12 is equal to the flight of Row 659, and The act_arr_time of Row 12 is different from the act_arr_time of Row 659.","(12, 659)",True,True,True,True,False
660,act_arr_time,rule_violation,3:19 p.m.,3:30 p.m.,0,"Constraint Violation: The flight of Row 14 is equal to the flight of Row 660, and The act_arr_time of Row 14 is different from the act_arr_time of Row 660.","(14, 660)",True,True,True,True,False
663,act_arr_time,rule_violation,2:01 p.m.,2:10 p.m.,0,"Constraint Violation: The flight of Row 16 is equal to the flight of Row 663, and The act_arr_time of Row 16 is different from the act_arr_time of Row 663.","(16, 663)",True,True,True,True,False
667,act_arr_time,rule_violation,9:38 p.m.,9:52 p.m.,0,"Constraint Violation: The flight of Row 88 is equal to the flight of Row 667, and The act_arr_time of Row 88 is different from the act_arr_time of Row 667.","(88, 667)",True,True,True,True,False
673,act_arr_time,rule_violation,8:43 p.m.,8:53 p.m.,0,"Constraint Violation: The flight of Row 23 is equal to the flight of Row 673, and The act_arr_time of Row 23 is different from the act_arr_time of Row 673.","(23, 673)",True,True,True,True,False
680,act_arr_time,rule_violation,6:35 p.m.,6:38 p.m.,0,"Constraint Violation: The flight of Row 103 is equal to the flight of Row 680, and The act_arr_time of Row 103 is different from the act_arr_time of Row 680.","(103, 680)",True,True,True,True,False
684,act_arr_time,rule_violation,10:45 a.m.,10:47 a.m.,0,"Constraint Violation: The flight of Row 107 is equal to the flight of Row 684, and The act_arr_time of Row 107 is different from the act_arr_time of Row 684.","(107, 684)",True,True,True,True,False
702,act_arr_time,rule_violation,2:02 p.m.,2:00 p.m.,0,"Constraint Violation: The flight of Row 125 is equal to the flight of Row 702, and The act_arr_time of Row 125 is different from the act_arr_time of Row 702.","(125, 702)",True,True,True,True,False
703,act_arr_time,rule_violation,9:11 p.m.,9:20 p.m.,0,"Constraint Violation: The flight of Row 37 is equal to the flight of Row 703, and The act_arr_time of Row 37 is different from the act_arr_time of Row 703.","(37, 703)",True,True,True,True,False
704,act_arr_time,rule_violation,4:24 p.m.,4:44 p.m.,0,"Constraint Violation: The flight of Row 127 is equal to the flight of Row 704, and The act_arr_time of Row 127 is different from the act_arr_time of Row 704.","(127, 704)",True,True,True,True,False
706,act_arr_time,rule_violation,12:12 p.m.,11:56 a.m.,0,"Constraint Violation: The flight of Row 129 is equal to the flight of Row 706, and The act_arr_time of Row 129 is different from the act_arr_time of Row 706.","(129, 706)",True,True,True,True,False
707,act_arr_time,rule_violation,3:36 p.m.,3:43 p.m.,0,"Constraint Violation: The flight of Row 38 is equal to the flight of Row 707, and The act_arr_time of Row 38 is different from the act_arr_time of Row 707.","(38, 707)",True,True,True,True,False
709,act_arr_time,rule_violation,11:07 a.m.,11:06 a.m.,0,"Constraint Violation: The flight of Row 40 is equal to the flight of Row 709, and The act_arr_time of Row 40 is different from the act_arr_time of Row 709.","(40, 709)",True,True,True,True,False
713,act_arr_time,rule_violation,3:01 p.m.,3:13 p.m.,0,"Constraint Violation: The flight of Row 42 is equal to the flight of Row 713, and The act_arr_time of Row 42 is different from the act_arr_time of Row 713.","(42, 713)",True,True,True,True,False
714,act_arr_time,rule_violation,10:10 a.m.,10:16 a.m.,0,"Constraint Violation: The flight of Row 43 is equal to the flight of Row 714, and The act_arr_time of Row 43 is different from the act_arr_time of Row 714.","(43, 714)",True,True,True,True,False
716,act_arr_time,rule_violation,7:57 a.m.,8:06 a.m.,0,"Constraint Violation: The flight of Row 13 is equal to the flight of Row 716, and The act_arr_time of Row 13 is different from the act_arr_time of Row 716.","(13, 716)",True,True,True,True,False
723,act_arr_time,rule_violation,12:48 p.m.,12:50 p.m.,0,"Constraint Violation: The flight of Row 30 is equal to the flight of Row 723, and The act_arr_time of Row 30 is different from the act_arr_time of Row 723.","(30, 723)",True,True,True,True,False
724,act_arr_time,rule_violation,7:32 a.m.,7:40 a.m.,0,"Constraint Violation: The flight of Row 18 is equal to the flight of Row 724, and The act_arr_time of Row 18 is different from the act_arr_time of Row 724.","(18, 724)",True,True,True,True,False
729,act_arr_time,rule_violation,9:22 a.m.,9:32 a.m.,0,"Constraint Violation: The flight of Row 0 is equal to the flight of Row 729, and The act_arr_time of Row 0 is different from the act_arr_time of Row 729.","(0, 729)",True,True,True,True,False
730,act_arr_time,rule_violation,10:28 p.m.,10:30 p.m.,0,"Constraint Violation: The flight of Row 1 is equal to the flight of Row 730, and The act_arr_time of Row 1 is different from the act_arr_time of Row 730.","(1, 730)",True,True,True,True,False
731,act_arr_time,rule_violation,10:22 p.m.,10:29 p.m.,0,"Constraint Violation: The flight of Row 51 is equal to the flight of Row 731, and The act_arr_time of Row 51 is different from the act_arr_time of Row 731.","(51, 731)",True,True,True,True,False
732,act_arr_time,rule_violation,11:30 a.m.,11:58 a.m.,0,"Constraint Violation: The flight of Row 153 is equal to the flight of Row 732, and The act_arr_time of Row 153 is different from the act_arr_time of Row 732.","(153, 732)",True,True,True,True,False
733,act_arr_time,rule_violation,9:39 a.m.,9:43 a.m.,0,"Constraint Violation: The flight of Row 54 is equal to the flight of Row 733, and The act_arr_time of Row 54 is different from the act_arr_time of Row 733.","(54, 733)",True,True,True,True,False
735,act_arr_time,rule_violation,4:54 p.m.,4:56 p.m.,0,"Constraint Violation: The flight of Row 45 is equal to the flight of Row 735, and The act_arr_time of Row 45 is different from the act_arr_time of Row 735.","(45, 735)",True,True,True,True,False
738,act_arr_time,rule_violation,7:04 a.m.,7:17 a.m.,0,"Constraint Violation: The flight of Row 161 is equal to the flight of Row 738, and The act_arr_time of Row 161 is different from the act_arr_time of Row 738.","(161, 738)",True,True,True,True,False
739,act_arr_time,rule_violation,5:25 a.m.,5:26 a.m.,0,"Constraint Violation: The flight of Row 62 is equal to the flight of Row 739, and The act_arr_time of Row 62 is different from the act_arr_time of Row 739.","(62, 739)",True,True,True,True,False
744,act_arr_time,rule_violation,4:08 p.m.,4:09 p.m.,0,"Constraint Violation: The flight of Row 8 is equal to the flight of Row 744, and The act_arr_time of Row 8 is different from the act_arr_time of Row 744.","(8, 744)",True,True,True,True,False
748,act_arr_time,rule_violation,11:50 a.m.,11:56 a.m.,0,"Constraint Violation: The flight of Row 12 is equal to the flight of Row 748, and The act_arr_time of Row 12 is different from the act_arr_time of Row 748.","(12, 748)",True,True,True,True,False
749,act_arr_time,rule_violation,7:59 a.m.,8:06 a.m.,0,"Constraint Violation: The flight of Row 13 is equal to the flight of Row 749, and The act_arr_time of Row 13 is different from the act_arr_time of Row 749.","(13, 749)",True,True,True,True,False
752,act_arr_time,rule_violation,1:55 p.m.,2:10 p.m.,0,"Constraint Violation: The flight of Row 16 is equal to the flight of Row 752, and The act_arr_time of Row 16 is different from the act_arr_time of Row 752.","(16, 752)",True,True,True,True,False
754,act_arr_time,rule_violation,2:21 p.m.,2:27 p.m.,0,"Constraint Violation: The flight of Row 19 is equal to the flight of Row 754, and The act_arr_time of Row 19 is different from the act_arr_time of Row 754.","(19, 754)",True,True,True,True,False
755,act_arr_time,rule_violation,2:39 p.m.,2:46 p.m.,0,"Constraint Violation: The flight of Row 20 is equal to the flight of Row 755, and The act_arr_time of Row 20 is different from the act_arr_time of Row 755.","(20, 755)",True,True,True,True,False
757,act_arr_time,rule_violation,3:26 p.m.,3:33 p.m.,0,"Constraint Violation: The flight of Row 21 is equal to the flight of Row 757, and The act_arr_time of Row 21 is different from the act_arr_time of Row 757.","(21, 757)",True,True,True,True,False
758,act_arr_time,rule_violation,10:34 a.m.,10:36 a.m.,0,"Constraint Violation: The flight of Row 22 is equal to the flight of Row 758, and The act_arr_time of Row 22 is different from the act_arr_time of Row 758.","(22, 758)",True,True,True,True,False
759,act_arr_time,rule_violation,8:38 p.m.,8:53 p.m.,0,"Constraint Violation: The flight of Row 23 is equal to the flight of Row 759, and The act_arr_time of Row 23 is different from the act_arr_time of Row 759.","(23, 759)",True,True,True,True,False
762,act_arr_time,rule_violation,7:49 a.m.,7:51 a.m.,0,"Constraint Violation: The flight of Row 25 is equal to the flight of Row 762, and The act_arr_time of Row 25 is different from the act_arr_time of Row 762.","(25, 762)",True,True,True,True,False
763,act_arr_time,rule_violation,9:26 a.m.,9:31 a.m.,0,"Constraint Violation: The flight of Row 26 is equal to the flight of Row 763, and The act_arr_time of Row 26 is different from the act_arr_time of Row 763.","(26, 763)",True,True,True,True,False
765,act_arr_time,rule_violation,10:43 a.m.,11:06 a.m.,0,"Constraint Violation: The flight of Row 17 is equal to the flight of Row 765, and The act_arr_time of Row 17 is different from the act_arr_time of Row 765.","(17, 765)",True,True,True,True,False
767,act_arr_time,rule_violation,9:47 p.m.,9:53 p.m.,0,"Constraint Violation: The flight of Row 28 is equal to the flight of Row 767, and The act_arr_time of Row 28 is different from the act_arr_time of Row 767.","(28, 767)",True,True,True,True,False
770,act_arr_time,rule_violation,4:05 p.m.,4:17 p.m.,0,"Constraint Violation: The flight of Row 111 is equal to the flight of Row 770, and The act_arr_time of Row 111 is different from the act_arr_time of Row 770.","(111, 770)",True,True,True,True,False
778,act_arr_time,rule_violation,5:24 a.m.,5:11 a.m.,0,"Constraint Violation: The flight of Row 122 is equal to the flight of Row 778, and The act_arr_time of Row 122 is different from the act_arr_time of Row 778.","(122, 778)",True,True,True,True,False
780,act_arr_time,rule_violation,11:27 a.m.,11:32 a.m.,0,"Constraint Violation: The flight of Row 72 is equal to the flight of Row 780, and The act_arr_time of Row 72 is different from the act_arr_time of Row 780.","(72, 780)",True,True,True,True,False
781,act_arr_time,rule_violation,3:36 p.m.,3:43 p.m.,0,"Constraint Violation: The flight of Row 38 is equal to the flight of Row 781, and The act_arr_time of Row 38 is different from the act_arr_time of Row 781.","(38, 781)",True,True,True,True,False
782,act_arr_time,rule_violation,11:04 a.m.,11:06 a.m.,0,"Constraint Violation: The flight of Row 40 is equal to the flight of Row 782, and The act_arr_time of Row 40 is different from the act_arr_time of Row 782.","(40, 782)",True,True,True,True,False
784,act_arr_time,rule_violation,8:33 a.m.,8:45 a.m.,0,"Constraint Violation: The flight of Row 219 is equal to the flight of Row 784, and The act_arr_time of Row 219 is different from the act_arr_time of Row 784.","(219, 784)",True,True,True,True,False
787,act_arr_time,rule_violation,3:12 p.m.,3:14 p.m.,0,"Constraint Violation: The flight of Row 47 is equal to the flight of Row 787, and The act_arr_time of Row 47 is different from the act_arr_time of Row 787.","(47, 787)",True,True,True,True,False
788,act_arr_time,rule_violation,12:37 p.m.,12:50 p.m.,0,"Constraint Violation: The flight of Row 30 is equal to the flight of Row 788, and The act_arr_time of Row 30 is different from the act_arr_time of Row 788.","(30, 788)",True,True,True,True,False
789,act_arr_time,rule_violation,7:37 a.m.,7:40 a.m.,0,"Constraint Violation: The flight of Row 18 is equal to the flight of Row 789, and The act_arr_time of Row 18 is different from the act_arr_time of Row 789.","(18, 789)",True,True,True,True,False
790,act_arr_time,rule_violation,6:13 a.m.,6:19 a.m.,0,"Constraint Violation: The flight of Row 48 is equal to the flight of Row 790, and The act_arr_time of Row 48 is different from the act_arr_time of Row 790.","(48, 790)",True,True,True,True,False
888,act_arr_time,rule_violation,11:45 a.m.,11:56 a.m.,0,"Constraint Violation: The flight of Row 129 is equal to the flight of Row 888, and The act_arr_time of Row 129 is different from the act_arr_time of Row 888.","(129, 888)",True,True,True,True,False
911,act_arr_time,rule_violation,9:22 a.m.,9:32 a.m.,0,"Constraint Violation: The flight of Row 0 is equal to the flight of Row 911, and The act_arr_time of Row 0 is different from the act_arr_time of Row 911.","(0, 911)",True,True,True,True,False
914,act_arr_time,rule_violation,2:01 p.m.,2:10 p.m.,0,"Constraint Violation: The flight of Row 16 is equal to the flight of Row 914, and The act_arr_time of Row 16 is different from the act_arr_time of Row 914.","(16, 914)",True,True,True,True,False
921,act_arr_time,rule_violation,9:00 a.m.,9:05 a.m.,0,"Constraint Violation: The flight of Row 9 is equal to the flight of Row 921, and The act_arr_time of Row 9 is different from the act_arr_time of Row 921.","(9, 921)",True,True,True,True,False
922,act_arr_time,rule_violation,11:50 a.m.,11:56 a.m.,0,"Constraint Violation: The flight of Row 12 is equal to the flight of Row 922, and The act_arr_time of Row 12 is different from the act_arr_time of Row 922.","(12, 922)",True,True,True,True,False
923,act_arr_time,rule_violation,3:19 p.m.,3:30 p.m.,0,"Constraint Violation: The flight of Row 14 is equal to the flight of Row 923, and The act_arr_time of Row 14 is different from the act_arr_time of Row 923.","(14, 923)",True,True,True,True,False
925,act_arr_time,rule_violation,3:20 p.m.,3:21 p.m.,0,"Constraint Violation: The flight of Row 83 is equal to the flight of Row 925, and The act_arr_time of Row 83 is different from the act_arr_time of Row 925.","(83, 925)",True,True,True,True,False
926,act_arr_time,rule_violation,5:09 p.m.,5:26 p.m.,0,"Constraint Violation: The flight of Row 142 is equal to the flight of Row 926, and The act_arr_time of Row 142 is different from the act_arr_time of Row 926.","(142, 926)",True,True,True,True,False
928,act_arr_time,rule_violation,2:17 p.m.,2:27 p.m.,0,"Constraint Violation: The flight of Row 19 is equal to the flight of Row 928, and The act_arr_time of Row 19 is different from the act_arr_time of Row 928.","(19, 928)",True,True,True,True,False
929,act_arr_time,rule_violation,2:36 p.m.,2:46 p.m.,0,"Constraint Violation: The flight of Row 20 is equal to the flight of Row 929, and The act_arr_time of Row 20 is different from the act_arr_time of Row 929.","(20, 929)",True,True,True,True,False
931,act_arr_time,rule_violation,3:10 p.m.,3:16 p.m.,0,"Constraint Violation: The flight of Row 24 is equal to the flight of Row 931, and The act_arr_time of Row 24 is different from the act_arr_time of Row 931.","(24, 931)",True,True,True,True,False
938,act_arr_time,rule_violation,10:45 a.m.,10:47 a.m.,0,"Constraint Violation: The flight of Row 107 is equal to the flight of Row 938, and The act_arr_time of Row 107 is different from the act_arr_time of Row 938.","(107, 938)",True,True,True,True,False
940,act_arr_time,rule_violation,4:18 p.m.,4:23 p.m.,0,"Constraint Violation: The flight of Row 109 is equal to the flight of Row 940, and The act_arr_time of Row 109 is different from the act_arr_time of Row 940.","(109, 940)",True,True,True,True,False
944,act_arr_time,rule_violation,11:40 a.m.,11:44 a.m.,0,"Constraint Violation: The flight of Row 35 is equal to the flight of Row 944, and The act_arr_time of Row 35 is different from the act_arr_time of Row 944.","(35, 944)",True,True,True,True,False
945,act_arr_time,rule_violation,5:28 p.m.,5:42 p.m.,0,"Constraint Violation: The flight of Row 85 is equal to the flight of Row 945, and The act_arr_time of Row 85 is different from the act_arr_time of Row 945.","(85, 945)",True,True,True,True,False
950,act_arr_time,rule_violation,2:02 p.m.,2:00 p.m.,0,"Constraint Violation: The flight of Row 125 is equal to the flight of Row 950, and The act_arr_time of Row 125 is different from the act_arr_time of Row 950.","(125, 950)",True,True,True,True,False
952,act_arr_time,rule_violation,12:10 p.m.,11:56 a.m.,0,"Constraint Violation: The flight of Row 129 is equal to the flight of Row 952, and The act_arr_time of Row 129 is different from the act_arr_time of Row 952.","(129, 952)",True,True,True,True,False
964,act_arr_time,rule_violation,10:47 a.m.,10:56 a.m.,0,"Constraint Violation: The flight of Row 79 is equal to the flight of Row 964, and The act_arr_time of Row 79 is different from the act_arr_time of Row 964.","(79, 964)",True,True,True,True,False
965,act_arr_time,rule_violation,12:48 p.m.,12:50 p.m.,0,"Constraint Violation: The flight of Row 30 is equal to the flight of Row 965, and The act_arr_time of Row 30 is different from the act_arr_time of Row 965.","(30, 965)",True,True,True,True,False
969,act_arr_time,rule_violation,9:22 a.m.,9:32 a.m.,0,"Constraint Violation: The flight of Row 0 is equal to the flight of Row 969, and The act_arr_time of Row 0 is different from the act_arr_time of Row 969.","(0, 969)",True,True,True,True,False
970,act_arr_time,rule_violation,7:49 a.m.,7:51 a.m.,0,"Constraint Violation: The flight of Row 25 is equal to the flight of Row 970, and The act_arr_time of Row 25 is different from the act_arr_time of Row 970.","(25, 970)",True,True,True,True,False
971,act_arr_time,rule_violation,9:26 a.m.,9:31 a.m.,0,"Constraint Violation: The flight of Row 26 is equal to the flight of Row 971, and The act_arr_time of Row 26 is different from the act_arr_time of Row 971.","(26, 971)",True,True,True,True,False
973,act_arr_time,rule_violation,10:43 a.m.,11:06 a.m.,0,"Constraint Violation: The flight of Row 17 is equal to the flight of Row 973, and The act_arr_time of Row 17 is different from the act_arr_time of Row 973.","(17, 973)",True,True,True,True,False
974,act_arr_time,rule_violation,4:57 p.m.,5:05 p.m.,0,"Constraint Violation: The flight of Row 77 is equal to the flight of Row 974, and The act_arr_time of Row 77 is different from the act_arr_time of Row 974.","(77, 974)",True,True,True,True,False
975,act_arr_time,rule_violation,9:44 a.m.,9:43 a.m.,0,"Constraint Violation: The flight of Row 54 is equal to the flight of Row 975, and The act_arr_time of Row 54 is different from the act_arr_time of Row 975.","(54, 975)",True,True,True,True,False
976,act_arr_time,rule_violation,4:20 p.m.,4:23 p.m.,0,"Constraint Violation: The flight of Row 207 is equal to the flight of Row 976, and The act_arr_time of Row 207 is different from the act_arr_time of Row 976.","(207, 976)",True,True,True,True,False
978,act_arr_time,rule_violation,11:35 p.m.,11:50 p.m.,0,"Constraint Violation: The flight of Row 33 is equal to the flight of Row 978, and The act_arr_time of Row 33 is different from the act_arr_time of Row 978.","(33, 978)",True,True,True,True,False
979,act_arr_time,rule_violation,12:02 a.m.,12:21 a.m.,0,"Constraint Violation: The flight of Row 96 is equal to the flight of Row 979, and The act_arr_time of Row 96 is different from the act_arr_time of Row 979.","(96, 979)",True,True,True,True,False
984,act_arr_time,rule_violation,3:26 p.m.,3:33 p.m.,0,"Constraint Violation: The flight of Row 21 is equal to the flight of Row 984, and The act_arr_time of Row 21 is different from the act_arr_time of Row 984.","(21, 984)",True,True,True,True,False
987,act_arr_time,rule_violation,8:38 p.m.,8:53 p.m.,0,"Constraint Violation: The flight of Row 23 is equal to the flight of Row 987, and The act_arr_time of Row 23 is different from the act_arr_time of Row 987.","(23, 987)",True,True,True,True,False
1070,act_arr_time,rule_violation,9:22 a.m.,9:32 a.m.,0,"Constraint Violation: The flight of Row 0 is equal to the flight of Row 1070, and The act_arr_time of Row 0 is different from the act_arr_time of Row 1070.","(0, 1070)",True,True,True,True,False
1083,act_arr_time,rule_violation,6:25 p.m.,6:28 p.m.,0,"Constraint Violation: The flight of Row 263 is equal to the flight of Row 1083, and The act_arr_time of Row 263 is different from the act_arr_time of Row 1083.","(263, 1083)",True,True,True,True,False
1086,act_arr_time,rule_violation,1:18 p.m.,1:27 p.m.,0,"Constraint Violation: The flight of Row 15 is equal to the flight of Row 1086, and The act_arr_time of Row 15 is different from the act_arr_time of Row 1086.","(15, 1086)",True,True,True,True,False
1097,act_arr_time,rule_violation,5:03 p.m.,5:05 p.m.,0,"Constraint Violation: The flight of Row 77 is equal to the flight of Row 1097, and The act_arr_time of Row 77 is different from the act_arr_time of Row 1097.","(77, 1097)",True,True,True,True,False
1100,act_arr_time,rule_violation,11:50 a.m.,11:56 a.m.,0,"Constraint Violation: The flight of Row 12 is equal to the flight of Row 1100, and The act_arr_time of Row 12 is different from the act_arr_time of Row 1100.","(12, 1100)",True,True,True,True,False
1101,act_arr_time,rule_violation,3:19 p.m.,3:30 p.m.,0,"Constraint Violation: The flight of Row 14 is equal to the flight of Row 1101, and The act_arr_time of Row 14 is different from the act_arr_time of Row 1101.","(14, 1101)",True,True,True,True,False
1104,act_arr_time,rule_violation,2:01 p.m.,2:10 p.m.,0,"Constraint Violation: The flight of Row 16 is equal to the flight of Row 1104, and The act_arr_time of Row 16 is different from the act_arr_time of Row 1104.","(16, 1104)",True,True,True,True,False
1108,act_arr_time,rule_violation,9:38 p.m.,9:52 p.m.,0,"Constraint Violation: The flight of Row 88 is equal to the flight of Row 1108, and The act_arr_time of Row 88 is different from the act_arr_time of Row 1108.","(88, 1108)",True,True,True,True,False
1114,act_arr_time,rule_violation,8:43 p.m.,8:53 p.m.,0,"Constraint Violation: The flight of Row 23 is equal to the flight of Row 1114, and The act_arr_time of Row 23 is different from the act_arr_time of Row 1114.","(23, 1114)",True,True,True,True,False
1121,act_arr_time,rule_violation,6:35 p.m.,6:38 p.m.,0,"Constraint Violation: The flight of Row 103 is equal to the flight of Row 1121, and The act_arr_time of Row 103 is different from the act_arr_time of Row 1121.","(103, 1121)",True,True,True,True,False
1125,act_arr_time,rule_violation,10:45 a.m.,10:47 a.m.,0,"Constraint Violation: The flight of Row 107 is equal to the flight of Row 1125, and The act_arr_time of Row 107 is different from the act_arr_time of Row 1125.","(107, 1125)",True,True,True,True,False
1143,act_arr_time,rule_violation,2:02 p.m.,2:00 p.m.,0,"Constraint Violation: The flight of Row 125 is equal to the flight of Row 1143, and The act_arr_time of Row 125 is different from the act_arr_time of Row 1143.","(125, 1143)",True,True,True,True,False
1144,act_arr_time,rule_violation,9:11 p.m.,9:20 p.m.,0,"Constraint Violation: The flight of Row 37 is equal to the flight of Row 1144, and The act_arr_time of Row 37 is different from the act_arr_time of Row 1144.","(37, 1144)",True,True,True,True,False
1145,act_arr_time,rule_violation,4:24 p.m.,4:44 p.m.,0,"Constraint Violation: The flight of Row 127 is equal to the flight of Row 1145, and The act_arr_time of Row 127 is different from the act_arr_time of Row 1145.","(127, 1145)",True,True,True,True,False
1147,act_arr_time,rule_violation,12:12 p.m.,11:56 a.m.,0,"Constraint Violation: The flight of Row 129 is equal to the flight of Row 1147, and The act_arr_time of Row 129 is different from the act_arr_time of Row 1147.","(129, 1147)",True,True,True,True,False
1148,act_arr_time,rule_violation,3:36 p.m.,3:43 p.m.,0,"Constraint Violation: The flight of Row 38 is equal to the flight of Row 1148, and The act_arr_time of Row 38 is different from the act_arr_time of Row 1148.","(38, 1148)",True,True,True,True,False
1150,act_arr_time,rule_violation,11:07 a.m.,11:06 a.m.,0,"Constraint Violation: The flight of Row 40 is equal to the flight of Row 1150, and The act_arr_time of Row 40 is different from the act_arr_time of Row 1150.","(40, 1150)",True,True,True,True,False
1154,act_arr_time,rule_violation,3:01 p.m.,3:13 p.m.,0,"Constraint Violation: The flight of Row 42 is equal to the flight of Row 1154, and The act_arr_time of Row 42 is different from the act_arr_time of Row 1154.","(42, 1154)",True,True,True,True,False
1155,act_arr_time,rule_violation,10:10 a.m.,10:16 a.m.,0,"Constraint Violation: The flight of Row 43 is equal to the flight of Row 1155, and The act_arr_time of Row 43 is different from the act_arr_time of Row 1155.","(43, 1155)",True,True,True,True,False
1157,act_arr_time,rule_violation,7:57 a.m.,8:06 a.m.,0,"Constraint Violation: The flight of Row 13 is equal to the flight of Row 1157, and The act_arr_time of Row 13 is different from the act_arr_time of Row 1157.","(13, 1157)",True,True,True,True,False
1164,act_arr_time,rule_violation,12:48 p.m.,12:50 p.m.,0,"Constraint Violation: The flight of Row 30 is equal to the flight of Row 1164, and The act_arr_time of Row 30 is different from the act_arr_time of Row 1164.","(30, 1164)",True,True,True,True,False
1165,act_arr_time,rule_violation,7:32 a.m.,7:40 a.m.,0,"Constraint Violation: The flight of Row 18 is equal to the flight of Row 1165, and The act_arr_time of Row 18 is different from the act_arr_time of Row 1165.","(18, 1165)",True,True,True,True,False
1172,act_arr_time,rule_violation,10:23 p.m.,10:29 p.m.,0,"Constraint Violation: The flight of Row 51 is equal to the flight of Row 1172, and The act_arr_time of Row 51 is different from the act_arr_time of Row 1172.","(51, 1172)",True,True,True,True,False
1175,act_arr_time,rule_violation,7:10 a.m.,7:17 a.m.,0,"Constraint Violation: The flight of Row 61 is equal to the flight of Row 1175, and The act_arr_time of Row 61 is different from the act_arr_time of Row 1175.","(61, 1175)",True,True,True,True,False
1176,act_arr_time,rule_violation,9:54 a.m.,9:56 a.m.,0,"Constraint Violation: The flight of Row 67 is equal to the flight of Row 1176, and The act_arr_time of Row 67 is different from the act_arr_time of Row 1176.","(67, 1176)",True,True,True,True,False
1180,act_arr_time,rule_violation,9:00 a.m.,9:05 a.m.,0,"Constraint Violation: The flight of Row 9 is equal to the flight of Row 1180, and The act_arr_time of Row 9 is different from the act_arr_time of Row 1180.","(9, 1180)",True,True,True,True,False
1183,act_arr_time,rule_violation,11:50 a.m.,11:56 a.m.,0,"Constraint Violation: The flight of Row 12 is equal to the flight of Row 1183, and The act_arr_time of Row 12 is different from the act_arr_time of Row 1183.","(12, 1183)",True,True,True,True,False
1186,act_arr_time,rule_violation,3:20 p.m.,3:21 p.m.,0,"Constraint Violation: The flight of Row 83 is equal to the flight of Row 1186, and The act_arr_time of Row 83 is different from the act_arr_time of Row 1186.","(83, 1186)",True,True,True,True,False
1188,act_arr_time,rule_violation,2:36 p.m.,2:46 p.m.,0,"Constraint Violation: The flight of Row 20 is equal to the flight of Row 1188, and The act_arr_time of Row 20 is different from the act_arr_time of Row 1188.","(20, 1188)",True,True,True,True,False
1200,act_arr_time,rule_violation,5:28 p.m.,5:42 p.m.,0,"Constraint Violation: The flight of Row 85 is equal to the flight of Row 1200, and The act_arr_time of Row 85 is different from the act_arr_time of Row 1200.","(85, 1200)",True,True,True,True,False
1202,act_arr_time,rule_violation,4:55 p.m.,4:59 p.m.,0,"Constraint Violation: The flight of Row 120 is equal to the flight of Row 1202, and The act_arr_time of Row 120 is different from the act_arr_time of Row 1202.","(120, 1202)",True,True,True,True,False
1203,act_arr_time,rule_violation,8:41 a.m.,8:45 a.m.,0,"Constraint Violation: The flight of Row 121 is equal to the flight of Row 1203, and The act_arr_time of Row 121 is different from the act_arr_time of Row 1203.","(121, 1203)",True,True,True,True,False
1206,act_arr_time,rule_violation,2:02 p.m.,2:00 p.m.,0,"Constraint Violation: The flight of Row 125 is equal to the flight of Row 1206, and The act_arr_time of Row 125 is different from the act_arr_time of Row 1206.","(125, 1206)",True,True,True,True,False
1207,act_arr_time,rule_violation,4:24 p.m.,4:44 p.m.,0,"Constraint Violation: The flight of Row 127 is equal to the flight of Row 1207, and The act_arr_time of Row 127 is different from the act_arr_time of Row 1207.","(127, 1207)",True,True,True,True,False
1208,act_arr_time,rule_violation,12:10 p.m.,11:56 a.m.,0,"Constraint Violation: The flight of Row 129 is equal to the flight of Row 1208, and The act_arr_time of Row 129 is different from the act_arr_time of Row 1208.","(129, 1208)",True,True,True,True,False
1210,act_arr_time,rule_violation,11:07 a.m.,11:06 a.m.,0,"Constraint Violation: The flight of Row 40 is equal to the flight of Row 1210, and The act_arr_time of Row 40 is different from the act_arr_time of Row 1210.","(40, 1210)",True,True,True,True,False
1222,act_arr_time,rule_violation,10:49 a.m.,11:12 a.m.,0,"Constraint Violation: The flight of Row 49 is equal to the flight of Row 1222, and The act_arr_time of Row 49 is different from the act_arr_time of Row 1222.","(49, 1222)",True,True,True,True,False
1223,act_arr_time,rule_violation,9:22 a.m.,9:32 a.m.,0,"Constraint Violation: The flight of Row 0 is equal to the flight of Row 1223, and The act_arr_time of Row 0 is different from the act_arr_time of Row 1223.","(0, 1223)",True,True,True,True,False
1226,act_arr_time,rule_violation,11:30 a.m.,11:58 a.m.,0,"Constraint Violation: The flight of Row 153 is equal to the flight of Row 1226, and The act_arr_time of Row 153 is different from the act_arr_time of Row 1226.","(153, 1226)",True,True,True,True,False
1227,act_arr_time,rule_violation,9:29 a.m.,9:43 a.m.,0,"Constraint Violation: The flight of Row 154 is equal to the flight of Row 1227, and The act_arr_time of Row 154 is different from the act_arr_time of Row 1227.","(154, 1227)",True,True,True,True,False
1228,act_arr_time,rule_violation,10:31 p.m.,10:30 p.m.,0,"Constraint Violation: The flight of Row 1 is equal to the flight of Row 1228, and The act_arr_time of Row 1 is different from the act_arr_time of Row 1228.","(1, 1228)",True,True,True,True,False
1229,act_arr_time,rule_violation,5:14 p.m.,5:17 p.m.,0,"Constraint Violation: The flight of Row 157 is equal to the flight of Row 1229, and The act_arr_time of Row 157 is different from the act_arr_time of Row 1229.","(157, 1229)",True,True,True,True,False
1231,act_arr_time,rule_violation,4:54 p.m.,4:56 p.m.,0,"Constraint Violation: The flight of Row 45 is equal to the flight of Row 1231, and The act_arr_time of Row 45 is different from the act_arr_time of Row 1231.","(45, 1231)",True,True,True,True,False
1232,act_arr_time,rule_violation,11:11 a.m.,11:21 a.m.,0,"Constraint Violation: The flight of Row 159 is equal to the flight of Row 1232, and The act_arr_time of Row 159 is different from the act_arr_time of Row 1232.","(159, 1232)",True,True,True,True,False
1234,act_arr_time,rule_violation,7:04 a.m.,7:17 a.m.,0,"Constraint Violation: The flight of Row 161 is equal to the flight of Row 1234, and The act_arr_time of Row 161 is different from the act_arr_time of Row 1234.","(161, 1234)",True,True,True,True,False
1246,act_arr_time,rule_violation,4:43 p.m.,4:47 p.m.,0,"Constraint Violation: The flight of Row 173 is equal to the flight of Row 1246, and The act_arr_time of Row 173 is different from the act_arr_time of Row 1246.","(173, 1246)",True,True,True,True,False
1247,act_arr_time,rule_violation,4:08 p.m.,4:09 p.m.,0,"Constraint Violation: The flight of Row 8 is equal to the flight of Row 1247, and The act_arr_time of Row 8 is different from the act_arr_time of Row 1247.","(8, 1247)",True,True,True,True,False
1253,act_arr_time,rule_violation,11:50 a.m.,11:56 a.m.,0,"Constraint Violation: The flight of Row 12 is equal to the flight of Row 1253, and The act_arr_time of Row 12 is different from the act_arr_time of Row 1253.","(12, 1253)",True,True,True,True,False
1254,act_arr_time,rule_violation,3:13 p.m.,3:30 p.m.,0,"Constraint Violation: The flight of Row 14 is equal to the flight of Row 1254, and The act_arr_time of Row 14 is different from the act_arr_time of Row 1254.","(14, 1254)",True,True,True,True,False
1255,act_arr_time,rule_violation,1:23 p.m.,1:30 p.m.,0,"Constraint Violation: The flight of Row 182 is equal to the flight of Row 1255, and The act_arr_time of Row 182 is different from the act_arr_time of Row 1255.","(182, 1255)",True,True,True,True,False
1257,act_arr_time,rule_violation,1:55 p.m.,2:10 p.m.,0,"Constraint Violation: The flight of Row 16 is equal to the flight of Row 1257, and The act_arr_time of Row 16 is different from the act_arr_time of Row 1257.","(16, 1257)",True,True,True,True,False
1262,act_arr_time,rule_violation,2:39 p.m.,2:46 p.m.,0,"Constraint Violation: The flight of Row 20 is equal to the flight of Row 1262, and The act_arr_time of Row 20 is different from the act_arr_time of Row 1262.","(20, 1262)",True,True,True,True,False
1263,act_arr_time,rule_violation,5:24 p.m.,5:34 p.m.,0,"Constraint Violation: The flight of Row 190 is equal to the flight of Row 1263, and The act_arr_time of Row 190 is different from the act_arr_time of Row 1263.","(190, 1263)",True,True,True,True,False
1265,act_arr_time,rule_violation,10:34 a.m.,10:36 a.m.,0,"Constraint Violation: The flight of Row 22 is equal to the flight of Row 1265, and The act_arr_time of Row 22 is different from the act_arr_time of Row 1265.","(22, 1265)",True,True,True,True,False
1267,act_arr_time,rule_violation,8:38 p.m.,8:53 p.m.,0,"Constraint Violation: The flight of Row 23 is equal to the flight of Row 1267, and The act_arr_time of Row 23 is different from the act_arr_time of Row 1267.","(23, 1267)",True,True,True,True,False
1270,act_arr_time,rule_violation,7:20 p.m.,7:58 p.m.,0,"Constraint Violation: The flight of Row 196 is equal to the flight of Row 1270, and The act_arr_time of Row 196 is different from the act_arr_time of Row 1270.","(196, 1270)",True,True,True,True,False
1272,act_arr_time,rule_violation,7:49 a.m.,7:51 a.m.,0,"Constraint Violation: The flight of Row 25 is equal to the flight of Row 1272, and The act_arr_time of Row 25 is different from the act_arr_time of Row 1272.","(25, 1272)",True,True,True,True,False
1273,act_arr_time,rule_violation,9:26 a.m.,9:31 a.m.,0,"Constraint Violation: The flight of Row 26 is equal to the flight of Row 1273, and The act_arr_time of Row 26 is different from the act_arr_time of Row 1273.","(26, 1273)",True,True,True,True,False
1275,act_arr_time,rule_violation,10:43 a.m.,11:06 a.m.,0,"Constraint Violation: The flight of Row 17 is equal to the flight of Row 1275, and The act_arr_time of Row 17 is different from the act_arr_time of Row 1275.","(17, 1275)",True,True,True,True,False
1278,act_arr_time,rule_violation,9:47 p.m.,9:53 p.m.,0,"Constraint Violation: The flight of Row 28 is equal to the flight of Row 1278, and The act_arr_time of Row 28 is different from the act_arr_time of Row 1278.","(28, 1278)",True,True,True,True,False
1280,act_arr_time,rule_violation,10:43 a.m.,10:47 a.m.,0,"Constraint Violation: The flight of Row 205 is equal to the flight of Row 1280, and The act_arr_time of Row 205 is different from the act_arr_time of Row 1280.","(205, 1280)",True,True,True,True,False
1285,act_arr_time,rule_violation,5:52 a.m.,5:50 a.m.,0,"Constraint Violation: The flight of Row 31 is equal to the flight of Row 1285, and The act_arr_time of Row 31 is different from the act_arr_time of Row 1285.","(31, 1285)",True,True,True,True,False
1287,act_arr_time,rule_violation,11:49 p.m.,12:15 a.m.,0,"Constraint Violation: The flight of Row 32 is equal to the flight of Row 1287, and The act_arr_time of Row 32 is different from the act_arr_time of Row 1287.","(32, 1287)",True,True,True,True,False
1288,act_arr_time,rule_violation,11:35 p.m.,11:50 p.m.,0,"Constraint Violation: The flight of Row 33 is equal to the flight of Row 1288, and The act_arr_time of Row 33 is different from the act_arr_time of Row 1288.","(33, 1288)",True,True,True,True,False
1292,act_arr_time,rule_violation,3:29 p.m.,3:50 p.m.,0,"Constraint Violation: The flight of Row 36 is equal to the flight of Row 1292, and The act_arr_time of Row 36 is different from the act_arr_time of Row 1292.","(36, 1292)",True,True,True,True,False
1294,act_arr_time,rule_violation,8:33 a.m.,8:45 a.m.,0,"Constraint Violation: The flight of Row 219 is equal to the flight of Row 1294, and The act_arr_time of Row 219 is different from the act_arr_time of Row 1294.","(219, 1294)",True,True,True,True,False
1297,act_arr_time,rule_violation,7:50 a.m.,8:02 a.m.,0,"Constraint Violation: The flight of Row 222 is equal to the flight of Row 1297, and The act_arr_time of Row 222 is different from the act_arr_time of Row 1297.","(222, 1297)",True,True,True,True,False
1298,act_arr_time,rule_violation,1:52 p.m.,2:00 p.m.,0,"Constraint Violation: The flight of Row 223 is equal to the flight of Row 1298, and The act_arr_time of Row 223 is different from the act_arr_time of Row 1298.","(223, 1298)",True,True,True,True,False
1299,act_arr_time,rule_violation,9:12 p.m.,9:20 p.m.,0,"Constraint Violation: The flight of Row 37 is equal to the flight of Row 1299, and The act_arr_time of Row 37 is different from the act_arr_time of Row 1299.","(37, 1299)",True,True,True,True,False
1300,act_arr_time,rule_violation,4:22 p.m.,4:44 p.m.,0,"Constraint Violation: The flight of Row 225 is equal to the flight of Row 1300, and The act_arr_time of Row 225 is different from the act_arr_time of Row 1300.","(225, 1300)",True,True,True,True,False
1303,act_arr_time,rule_violation,3:36 p.m.,3:43 p.m.,0,"Constraint Violation: The flight of Row 38 is equal to the flight of Row 1303, and The act_arr_time of Row 38 is different from the act_arr_time of Row 1303.","(38, 1303)",True,True,True,True,False
1305,act_arr_time,rule_violation,11:04 a.m.,11:06 a.m.,0,"Constraint Violation: The flight of Row 40 is equal to the flight of Row 1305, and The act_arr_time of Row 40 is different from the act_arr_time of Row 1305.","(40, 1305)",True,True,True,True,False
1310,act_arr_time,rule_violation,10:12 a.m.,10:16 a.m.,0,"Constraint Violation: The flight of Row 43 is equal to the flight of Row 1310, and The act_arr_time of Row 43 is different from the act_arr_time of Row 1310.","(43, 1310)",True,True,True,True,False
1312,act_arr_time,rule_violation,7:59 a.m.,8:06 a.m.,0,"Constraint Violation: The flight of Row 13 is equal to the flight of Row 1312, and The act_arr_time of Row 13 is different from the act_arr_time of Row 1312.","(13, 1312)",True,True,True,True,False
1314,act_arr_time,rule_violation,2:21 p.m.,2:27 p.m.,0,"Constraint Violation: The flight of Row 19 is equal to the flight of Row 1314, and The act_arr_time of Row 19 is different from the act_arr_time of Row 1314.","(19, 1314)",True,True,True,True,False
1317,act_arr_time,rule_violation,12:37 p.m.,12:50 p.m.,0,"Constraint Violation: The flight of Row 30 is equal to the flight of Row 1317, and The act_arr_time of Row 30 is different from the act_arr_time of Row 1317.","(30, 1317)",True,True,True,True,False
1318,act_arr_time,rule_violation,7:37 a.m.,7:40 a.m.,0,"Constraint Violation: The flight of Row 18 is equal to the flight of Row 1318, and The act_arr_time of Row 18 is different from the act_arr_time of Row 1318.","(18, 1318)",True,True,True,True,False
1322,act_arr_time,rule_violation,3:12 p.m.,3:14 p.m.,0,"Constraint Violation: The flight of Row 47 is equal to the flight of Row 1322, and The act_arr_time of Row 47 is different from the act_arr_time of Row 1322.","(47, 1322)",True,True,True,True,False
1324,act_arr_time,rule_violation,10:02 p.m.,10:29 p.m.,0,"Constraint Violation: The flight of Row 51 is equal to the flight of Row 1324, and The act_arr_time of Row 51 is different from the act_arr_time of Row 1324.","(51, 1324)",True,True,True,True,False
1487,act_arr_time,rule_violation,9:22 a.m.,9:32 a.m.,0,"Constraint Violation: The flight of Row 0 is equal to the flight of Row 1487, and The act_arr_time of Row 0 is different from the act_arr_time of Row 1487.","(0, 1487)",True,True,True,True,False
1490,act_arr_time,rule_violation,11:30 a.m.,11:58 a.m.,0,"Constraint Violation: The flight of Row 153 is equal to the flight of Row 1490, and The act_arr_time of Row 153 is different from the act_arr_time of Row 1490.","(153, 1490)",True,True,True,True,False
1492,act_arr_time,rule_violation,10:31 p.m.,10:30 p.m.,0,"Constraint Violation: The flight of Row 1 is equal to the flight of Row 1492, and The act_arr_time of Row 1 is different from the act_arr_time of Row 1492.","(1, 1492)",True,True,True,True,False
1493,act_arr_time,rule_violation,5:14 p.m.,5:17 p.m.,0,"Constraint Violation: The flight of Row 157 is equal to the flight of Row 1493, and The act_arr_time of Row 157 is different from the act_arr_time of Row 1493.","(157, 1493)",True,True,True,True,False
1495,act_arr_time,rule_violation,4:54 p.m.,4:56 p.m.,0,"Constraint Violation: The flight of Row 45 is equal to the flight of Row 1495, and The act_arr_time of Row 45 is different from the act_arr_time of Row 1495.","(45, 1495)",True,True,True,True,False
1496,act_arr_time,rule_violation,11:11 a.m.,11:21 a.m.,0,"Constraint Violation: The flight of Row 159 is equal to the flight of Row 1496, and The act_arr_time of Row 159 is different from the act_arr_time of Row 1496.","(159, 1496)",True,True,True,True,False
1498,act_arr_time,rule_violation,7:04 a.m.,7:17 a.m.,0,"Constraint Violation: The flight of Row 161 is equal to the flight of Row 1498, and The act_arr_time of Row 161 is different from the act_arr_time of Row 1498.","(161, 1498)",True,True,True,True,False
1510,act_arr_time,rule_violation,4:43 p.m.,4:47 p.m.,0,"Constraint Violation: The flight of Row 173 is equal to the flight of Row 1510, and The act_arr_time of Row 173 is different from the act_arr_time of Row 1510.","(173, 1510)",True,True,True,True,False
1511,act_arr_time,rule_violation,4:08 p.m.,4:09 p.m.,0,"Constraint Violation: The flight of Row 8 is equal to the flight of Row 1511, and The act_arr_time of Row 8 is different from the act_arr_time of Row 1511.","(8, 1511)",True,True,True,True,False
1517,act_arr_time,rule_violation,11:50 a.m.,11:56 a.m.,0,"Constraint Violation: The flight of Row 12 is equal to the flight of Row 1517, and The act_arr_time of Row 12 is different from the act_arr_time of Row 1517.","(12, 1517)",True,True,True,True,False
1519,act_arr_time,rule_violation,1:23 p.m.,1:30 p.m.,0,"Constraint Violation: The flight of Row 182 is equal to the flight of Row 1519, and The act_arr_time of Row 182 is different from the act_arr_time of Row 1519.","(182, 1519)",True,True,True,True,False
1521,act_arr_time,rule_violation,1:55 p.m.,2:10 p.m.,0,"Constraint Violation: The flight of Row 16 is equal to the flight of Row 1521, and The act_arr_time of Row 16 is different from the act_arr_time of Row 1521.","(16, 1521)",True,True,True,True,False
1526,act_arr_time,rule_violation,2:39 p.m.,2:46 p.m.,0,"Constraint Violation: The flight of Row 20 is equal to the flight of Row 1526, and The act_arr_time of Row 20 is different from the act_arr_time of Row 1526.","(20, 1526)",True,True,True,True,False
1527,act_arr_time,rule_violation,5:24 p.m.,5:34 p.m.,0,"Constraint Violation: The flight of Row 190 is equal to the flight of Row 1527, and The act_arr_time of Row 190 is different from the act_arr_time of Row 1527.","(190, 1527)",True,True,True,True,False
1529,act_arr_time,rule_violation,10:34 a.m.,10:36 a.m.,0,"Constraint Violation: The flight of Row 22 is equal to the flight of Row 1529, and The act_arr_time of Row 22 is different from the act_arr_time of Row 1529.","(22, 1529)",True,True,True,True,False
1531,act_arr_time,rule_violation,8:38 p.m.,8:53 p.m.,0,"Constraint Violation: The flight of Row 23 is equal to the flight of Row 1531, and The act_arr_time of Row 23 is different from the act_arr_time of Row 1531.","(23, 1531)",True,True,True,True,False
1534,act_arr_time,rule_violation,7:20 p.m.,7:58 p.m.,0,"Constraint Violation: The flight of Row 196 is equal to the flight of Row 1534, and The act_arr_time of Row 196 is different from the act_arr_time of Row 1534.","(196, 1534)",True,True,True,True,False
1536,act_arr_time,rule_violation,7:49 a.m.,7:51 a.m.,0,"Constraint Violation: The flight of Row 25 is equal to the flight of Row 1536, and The act_arr_time of Row 25 is different from the act_arr_time of Row 1536.","(25, 1536)",True,True,True,True,False
1537,act_arr_time,rule_violation,9:26 a.m.,9:31 a.m.,0,"Constraint Violation: The flight of Row 26 is equal to the flight of Row 1537, and The act_arr_time of Row 26 is different from the act_arr_time of Row 1537.","(26, 1537)",True,True,True,True,False
1539,act_arr_time,rule_violation,10:43 a.m.,11:06 a.m.,0,"Constraint Violation: The flight of Row 17 is equal to the flight of Row 1539, and The act_arr_time of Row 17 is different from the act_arr_time of Row 1539.","(17, 1539)",True,True,True,True,False
1542,act_arr_time,rule_violation,9:47 p.m.,9:53 p.m.,0,"Constraint Violation: The flight of Row 28 is equal to the flight of Row 1542, and The act_arr_time of Row 28 is different from the act_arr_time of Row 1542.","(28, 1542)",True,True,True,True,False
1544,act_arr_time,rule_violation,10:43 a.m.,10:47 a.m.,0,"Constraint Violation: The flight of Row 205 is equal to the flight of Row 1544, and The act_arr_time of Row 205 is different from the act_arr_time of Row 1544.","(205, 1544)",True,True,True,True,False
1549,act_arr_time,rule_violation,5:52 a.m.,5:50 a.m.,0,"Constraint Violation: The flight of Row 31 is equal to the flight of Row 1549, and The act_arr_time of Row 31 is different from the act_arr_time of Row 1549.","(31, 1549)",True,True,True,True,False
1551,act_arr_time,rule_violation,11:49 p.m.,12:15 a.m.,0,"Constraint Violation: The flight of Row 32 is equal to the flight of Row 1551, and The act_arr_time of Row 32 is different from the act_arr_time of Row 1551.","(32, 1551)",True,True,True,True,False
1552,act_arr_time,rule_violation,11:35 p.m.,11:50 p.m.,0,"Constraint Violation: The flight of Row 33 is equal to the flight of Row 1552, and The act_arr_time of Row 33 is different from the act_arr_time of Row 1552.","(33, 1552)",True,True,True,True,False
1556,act_arr_time,rule_violation,3:29 p.m.,3:50 p.m.,0,"Constraint Violation: The flight of Row 36 is equal to the flight of Row 1556, and The act_arr_time of Row 36 is different from the act_arr_time of Row 1556.","(36, 1556)",True,True,True,True,False
1558,act_arr_time,rule_violation,8:33 a.m.,8:45 a.m.,0,"Constraint Violation: The flight of Row 219 is equal to the flight of Row 1558, and The act_arr_time of Row 219 is different from the act_arr_time of Row 1558.","(219, 1558)",True,True,True,True,False
1561,act_arr_time,rule_violation,7:50 a.m.,8:02 a.m.,0,"Constraint Violation: The flight of Row 222 is equal to the flight of Row 1561, and The act_arr_time of Row 222 is different from the act_arr_time of Row 1561.","(222, 1561)",True,True,True,True,False
1562,act_arr_time,rule_violation,1:52 p.m.,2:00 p.m.,0,"Constraint Violation: The flight of Row 223 is equal to the flight of Row 1562, and The act_arr_time of Row 223 is different from the act_arr_time of Row 1562.","(223, 1562)",True,True,True,True,False
1563,act_arr_time,rule_violation,9:12 p.m.,9:20 p.m.,0,"Constraint Violation: The flight of Row 37 is equal to the flight of Row 1563, and The act_arr_time of Row 37 is different from the act_arr_time of Row 1563.","(37, 1563)",True,True,True,True,False
1564,act_arr_time,rule_violation,4:22 p.m.,4:44 p.m.,0,"Constraint Violation: The flight of Row 225 is equal to the flight of Row 1564, and The act_arr_time of Row 225 is different from the act_arr_time of Row 1564.","(225, 1564)",True,True,True,True,False
1567,act_arr_time,rule_violation,3:36 p.m.,3:43 p.m.,0,"Constraint Violation: The flight of Row 38 is equal to the flight of Row 1567, and The act_arr_time of Row 38 is different from the act_arr_time of Row 1567.","(38, 1567)",True,True,True,True,False
1569,act_arr_time,rule_violation,11:04 a.m.,11:06 a.m.,0,"Constraint Violation: The flight of Row 40 is equal to the flight of Row 1569, and The act_arr_time of Row 40 is different from the act_arr_time of Row 1569.","(40, 1569)",True,True,True,True,False
1574,act_arr_time,rule_violation,10:12 a.m.,10:16 a.m.,0,"Constraint Violation: The flight of Row 43 is equal to the flight of Row 1574, and The act_arr_time of Row 43 is different from the act_arr_time of Row 1574.","(43, 1574)",True,True,True,True,False
1576,act_arr_time,rule_violation,7:59 a.m.,8:06 a.m.,0,"Constraint Violation: The flight of Row 13 is equal to the flight of Row 1576, and The act_arr_time of Row 13 is different from the act_arr_time of Row 1576.","(13, 1576)",True,True,True,True,False
1578,act_arr_time,rule_violation,2:21 p.m.,2:27 p.m.,0,"Constraint Violation: The flight of Row 19 is equal to the flight of Row 1578, and The act_arr_time of Row 19 is different from the act_arr_time of Row 1578.","(19, 1578)",True,True,True,True,False
1581,act_arr_time,rule_violation,12:37 p.m.,12:50 p.m.,0,"Constraint Violation: The flight of Row 30 is equal to the flight of Row 1581, and The act_arr_time of Row 30 is different from the act_arr_time of Row 1581.","(30, 1581)",True,True,True,True,False
1582,act_arr_time,rule_violation,7:37 a.m.,7:40 a.m.,0,"Constraint Violation: The flight of Row 18 is equal to the flight of Row 1582, and The act_arr_time of Row 18 is different from the act_arr_time of Row 1582.","(18, 1582)",True,True,True,True,False
1586,act_arr_time,rule_violation,3:12 p.m.,3:14 p.m.,0,"Constraint Violation: The flight of Row 47 is equal to the flight of Row 1586, and The act_arr_time of Row 47 is different from the act_arr_time of Row 1586.","(47, 1586)",True,True,True,True,False
1588,act_arr_time,rule_violation,10:02 p.m.,10:29 p.m.,0,"Constraint Violation: The flight of Row 51 is equal to the flight of Row 1588, and The act_arr_time of Row 51 is different from the act_arr_time of Row 1588.","(51, 1588)",True,True,True,True,False
1661,act_arr_time,rule_violation,9:22 a.m.,9:32 a.m.,0,"Constraint Violation: The flight of Row 0 is equal to the flight of Row 1661, and The act_arr_time of Row 0 is different from the act_arr_time of Row 1661.","(0, 1661)",True,True,True,True,False
1663,act_arr_time,rule_violation,10:24 p.m.,10:29 p.m.,0,"Constraint Violation: The flight of Row 51 is equal to the flight of Row 1663, and The act_arr_time of Row 51 is different from the act_arr_time of Row 1663.","(51, 1663)",True,True,True,True,False
1664,act_arr_time,rule_violation,9:44 a.m.,9:43 a.m.,0,"Constraint Violation: The flight of Row 54 is equal to the flight of Row 1664, and The act_arr_time of Row 54 is different from the act_arr_time of Row 1664.","(54, 1664)",True,True,True,True,False
1665,act_arr_time,rule_violation,10:28 p.m.,10:30 p.m.,0,"Constraint Violation: The flight of Row 1 is equal to the flight of Row 1665, and The act_arr_time of Row 1 is different from the act_arr_time of Row 1665.","(1, 1665)",True,True,True,True,False
1667,act_arr_time,rule_violation,6:23 p.m.,6:28 p.m.,0,"Constraint Violation: The flight of Row 63 is equal to the flight of Row 1667, and The act_arr_time of Row 63 is different from the act_arr_time of Row 1667.","(63, 1667)",True,True,True,True,False
1668,act_arr_time,rule_violation,9:08 a.m.,9:14 a.m.,0,"Constraint Violation: The flight of Row 64 is equal to the flight of Row 1668, and The act_arr_time of Row 64 is different from the act_arr_time of Row 1668.","(64, 1668)",True,True,True,True,False
1672,act_arr_time,rule_violation,3:59 p.m.,4:09 p.m.,0,"Constraint Violation: The flight of Row 8 is equal to the flight of Row 1672, and The act_arr_time of Row 8 is different from the act_arr_time of Row 1672.","(8, 1672)",True,True,True,True,False
1673,act_arr_time,rule_violation,1:07 p.m.,1:14 p.m.,0,"Constraint Violation: The flight of Row 75 is equal to the flight of Row 1673, and The act_arr_time of Row 75 is different from the act_arr_time of Row 1673.","(75, 1673)",True,True,True,True,False
1675,act_arr_time,rule_violation,4:57 p.m.,5:05 p.m.,0,"Constraint Violation: The flight of Row 77 is equal to the flight of Row 1675, and The act_arr_time of Row 77 is different from the act_arr_time of Row 1675.","(77, 1675)",True,True,True,True,False
1677,act_arr_time,rule_violation,11:50 a.m.,11:56 a.m.,0,"Constraint Violation: The flight of Row 12 is equal to the flight of Row 1677, and The act_arr_time of Row 12 is different from the act_arr_time of Row 1677.","(12, 1677)",True,True,True,True,False
1678,act_arr_time,rule_violation,7:59 a.m.,8:06 a.m.,0,"Constraint Violation: The flight of Row 13 is equal to the flight of Row 1678, and The act_arr_time of Row 13 is different from the act_arr_time of Row 1678.","(13, 1678)",True,True,True,True,False
1680,act_arr_time,rule_violation,7:35 a.m.,7:40 a.m.,0,"Constraint Violation: The flight of Row 18 is equal to the flight of Row 1680, and The act_arr_time of Row 18 is different from the act_arr_time of Row 1680.","(18, 1680)",True,True,True,True,False
1681,act_arr_time,rule_violation,2:40 p.m.,2:50 p.m.,0,"Constraint Violation: The flight of Row 4 is equal to the flight of Row 1681, and The act_arr_time of Row 4 is different from the act_arr_time of Row 1681.","(4, 1681)",True,True,True,True,False
1684,act_arr_time,rule_violation,1:08 p.m.,1:15 p.m.,0,"Constraint Violation: The flight of Row 86 is equal to the flight of Row 1684, and The act_arr_time of Row 86 is different from the act_arr_time of Row 1684.","(86, 1684)",True,True,True,True,False
1686,act_arr_time,rule_violation,10:43 a.m.,11:06 a.m.,0,"Constraint Violation: The flight of Row 17 is equal to the flight of Row 1686, and The act_arr_time of Row 17 is different from the act_arr_time of Row 1686.","(17, 1686)",True,True,True,True,False
1688,act_arr_time,rule_violation,2:21 p.m.,2:27 p.m.,0,"Constraint Violation: The flight of Row 19 is equal to the flight of Row 1688, and The act_arr_time of Row 19 is different from the act_arr_time of Row 1688.","(19, 1688)",True,True,True,True,False
1689,act_arr_time,rule_violation,2:39 p.m.,2:46 p.m.,0,"Constraint Violation: The flight of Row 20 is equal to the flight of Row 1689, and The act_arr_time of Row 20 is different from the act_arr_time of Row 1689.","(20, 1689)",True,True,True,True,False
1690,act_arr_time,rule_violation,3:26 p.m.,3:33 p.m.,0,"Constraint Violation: The flight of Row 21 is equal to the flight of Row 1690, and The act_arr_time of Row 21 is different from the act_arr_time of Row 1690.","(21, 1690)",True,True,True,True,False
1693,act_arr_time,rule_violation,8:38 p.m.,8:53 p.m.,0,"Constraint Violation: The flight of Row 23 is equal to the flight of Row 1693, and The act_arr_time of Row 23 is different from the act_arr_time of Row 1693.","(23, 1693)",True,True,True,True,False
1695,act_arr_time,rule_violation,12:02 a.m.,12:21 a.m.,0,"Constraint Violation: The flight of Row 96 is equal to the flight of Row 1695, and The act_arr_time of Row 96 is different from the act_arr_time of Row 1695.","(96, 1695)",True,True,True,True,False
1697,act_arr_time,rule_violation,7:49 a.m.,7:51 a.m.,0,"Constraint Violation: The flight of Row 25 is equal to the flight of Row 1697, and The act_arr_time of Row 25 is different from the act_arr_time of Row 1697.","(25, 1697)",True,True,True,True,False
1698,act_arr_time,rule_violation,9:26 a.m.,9:31 a.m.,0,"Constraint Violation: The flight of Row 26 is equal to the flight of Row 1698, and The act_arr_time of Row 26 is different from the act_arr_time of Row 1698.","(26, 1698)",True,True,True,True,False
1701,act_arr_time,rule_violation,9:47 p.m.,9:53 p.m.,0,"Constraint Violation: The flight of Row 28 is equal to the flight of Row 1701, and The act_arr_time of Row 28 is different from the act_arr_time of Row 1701.","(28, 1701)",True,True,True,True,False
1705,act_arr_time,rule_violation,12:19 a.m.,12:29 a.m.,0,"Constraint Violation: The flight of Row 113 is equal to the flight of Row 1705, and The act_arr_time of Row 113 is different from the act_arr_time of Row 1705.","(113, 1705)",True,True,True,True,False
1706,act_arr_time,rule_violation,12:01 a.m.,12:15 a.m.,0,"Constraint Violation: The flight of Row 32 is equal to the flight of Row 1706, and The act_arr_time of Row 32 is different from the act_arr_time of Row 1706.","(32, 1706)",True,True,True,True,False
1707,act_arr_time,rule_violation,11:35 p.m.,11:50 p.m.,0,"Constraint Violation: The flight of Row 33 is equal to the flight of Row 1707, and The act_arr_time of Row 33 is different from the act_arr_time of Row 1707.","(33, 1707)",True,True,True,True,False
1710,act_arr_time,rule_violation,3:40 p.m.,3:50 p.m.,0,"Constraint Violation: The flight of Row 36 is equal to the flight of Row 1710, and The act_arr_time of Row 36 is different from the act_arr_time of Row 1710.","(36, 1710)",True,True,True,True,False
1711,act_arr_time,rule_violation,5:21 a.m.,5:11 a.m.,0,"Constraint Violation: The flight of Row 122 is equal to the flight of Row 1711, and The act_arr_time of Row 122 is different from the act_arr_time of Row 1711.","(122, 1711)",True,True,True,True,False
1713,act_arr_time,rule_violation,9:11 p.m.,9:20 p.m.,0,"Constraint Violation: The flight of Row 37 is equal to the flight of Row 1713, and The act_arr_time of Row 37 is different from the act_arr_time of Row 1713.","(37, 1713)",True,True,True,True,False
1714,act_arr_time,rule_violation,3:36 p.m.,3:43 p.m.,0,"Constraint Violation: The flight of Row 38 is equal to the flight of Row 1714, and The act_arr_time of Row 38 is different from the act_arr_time of Row 1714.","(38, 1714)",True,True,True,True,False
1716,act_arr_time,rule_violation,11:04 a.m.,11:06 a.m.,0,"Constraint Violation: The flight of Row 40 is equal to the flight of Row 1716, and The act_arr_time of Row 40 is different from the act_arr_time of Row 1716.","(40, 1716)",True,True,True,True,False
1721,act_arr_time,rule_violation,3:12 p.m.,3:14 p.m.,0,"Constraint Violation: The flight of Row 47 is equal to the flight of Row 1721, and The act_arr_time of Row 47 is different from the act_arr_time of Row 1721.","(47, 1721)",True,True,True,True,False
1723,act_arr_time,rule_violation,12:37 p.m.,12:50 p.m.,0,"Constraint Violation: The flight of Row 30 is equal to the flight of Row 1723, and The act_arr_time of Row 30 is different from the act_arr_time of Row 1723.","(30, 1723)",True,True,True,True,False
1835,act_arr_time,rule_violation,11:45 a.m.,11:56 a.m.,0,"Constraint Violation: The flight of Row 129 is equal to the flight of Row 1835, and The act_arr_time of Row 129 is different from the act_arr_time of Row 1835.","(129, 1835)",True,True,True,True,False
1950,act_arr_time,rule_violation,9:22 a.m.,9:32 a.m.,0,"Constraint Violation: The flight of Row 0 is equal to the flight of Row 1950, and The act_arr_time of Row 0 is different from the act_arr_time of Row 1950.","(0, 1950)",True,True,True,True,False
1963,act_arr_time,rule_violation,6:25 p.m.,6:28 p.m.,0,"Constraint Violation: The flight of Row 263 is equal to the flight of Row 1963, and The act_arr_time of Row 263 is different from the act_arr_time of Row 1963.","(263, 1963)",True,True,True,True,False
1966,act_arr_time,rule_violation,1:18 p.m.,1:27 p.m.,0,"Constraint Violation: The flight of Row 15 is equal to the flight of Row 1966, and The act_arr_time of Row 15 is different from the act_arr_time of Row 1966.","(15, 1966)",True,True,True,True,False
1977,act_arr_time,rule_violation,5:03 p.m.,5:05 p.m.,0,"Constraint Violation: The flight of Row 77 is equal to the flight of Row 1977, and The act_arr_time of Row 77 is different from the act_arr_time of Row 1977.","(77, 1977)",True,True,True,True,False
1980,act_arr_time,rule_violation,11:50 a.m.,11:56 a.m.,0,"Constraint Violation: The flight of Row 12 is equal to the flight of Row 1980, and The act_arr_time of Row 12 is different from the act_arr_time of Row 1980.","(12, 1980)",True,True,True,True,False
1981,act_arr_time,rule_violation,3:19 p.m.,3:30 p.m.,0,"Constraint Violation: The flight of Row 14 is equal to the flight of Row 1981, and The act_arr_time of Row 14 is different from the act_arr_time of Row 1981.","(14, 1981)",True,True,True,True,False
1984,act_arr_time,rule_violation,2:01 p.m.,2:10 p.m.,0,"Constraint Violation: The flight of Row 16 is equal to the flight of Row 1984, and The act_arr_time of Row 16 is different from the act_arr_time of Row 1984.","(16, 1984)",True,True,True,True,False
1988,act_arr_time,rule_violation,9:38 p.m.,9:52 p.m.,0,"Constraint Violation: The flight of Row 88 is equal to the flight of Row 1988, and The act_arr_time of Row 88 is different from the act_arr_time of Row 1988.","(88, 1988)",True,True,True,True,False
1994,act_arr_time,rule_violation,8:43 p.m.,8:53 p.m.,0,"Constraint Violation: The flight of Row 23 is equal to the flight of Row 1994, and The act_arr_time of Row 23 is different from the act_arr_time of Row 1994.","(23, 1994)",True,True,True,True,False
2001,act_arr_time,rule_violation,6:35 p.m.,6:38 p.m.,0,"Constraint Violation: The flight of Row 103 is equal to the flight of Row 2001, and The act_arr_time of Row 103 is different from the act_arr_time of Row 2001.","(103, 2001)",True,True,True,True,False
2005,act_arr_time,rule_violation,10:45 a.m.,10:47 a.m.,0,"Constraint Violation: The flight of Row 107 is equal to the flight of Row 2005, and The act_arr_time of Row 107 is different from the act_arr_time of Row 2005.","(107, 2005)",True,True,True,True,False
2023,act_arr_time,rule_violation,2:02 p.m.,2:00 p.m.,0,"Constraint Violation: The flight of Row 125 is equal to the flight of Row 2023, and The act_arr_time of Row 125 is different from the act_arr_time of Row 2023.","(125, 2023)",True,True,True,True,False
2024,act_arr_time,rule_violation,9:11 p.m.,9:20 p.m.,0,"Constraint Violation: The flight of Row 37 is equal to the flight of Row 2024, and The act_arr_time of Row 37 is different from the act_arr_time of Row 2024.","(37, 2024)",True,True,True,True,False
2025,act_arr_time,rule_violation,4:24 p.m.,4:44 p.m.,0,"Constraint Violation: The flight of Row 127 is equal to the flight of Row 2025, and The act_arr_time of Row 127 is different from the act_arr_time of Row 2025.","(127, 2025)",True,True,True,True,False
2027,act_arr_time,rule_violation,12:12 p.m.,11:56 a.m.,0,"Constraint Violation: The flight of Row 129 is equal to the flight of Row 2027, and The act_arr_time of Row 129 is different from the act_arr_time of Row 2027.","(129, 2027)",True,True,True,True,False
2028,act_arr_time,rule_violation,3:36 p.m.,3:43 p.m.,0,"Constraint Violation: The flight of Row 38 is equal to the flight of Row 2028, and The act_arr_time of Row 38 is different from the act_arr_time of Row 2028.","(38, 2028)",True,True,True,True,False
2030,act_arr_time,rule_violation,11:07 a.m.,11:06 a.m.,0,"Constraint Violation: The flight of Row 40 is equal to the flight of Row 2030, and The act_arr_time of Row 40 is different from the act_arr_time of Row 2030.","(40, 2030)",True,True,True,True,False
2034,act_arr_time,rule_violation,3:01 p.m.,3:13 p.m.,0,"Constraint Violation: The flight of Row 42 is equal to the flight of Row 2034, and The act_arr_time of Row 42 is different from the act_arr_time of Row 2034.","(42, 2034)",True,True,True,True,False
2035,act_arr_time,rule_violation,10:10 a.m.,10:16 a.m.,0,"Constraint Violation: The flight of Row 43 is equal to the flight of Row 2035, and The act_arr_time of Row 43 is different from the act_arr_time of Row 2035.","(43, 2035)",True,True,True,True,False
2037,act_arr_time,rule_violation,7:57 a.m.,8:06 a.m.,0,"Constraint Violation: The flight of Row 13 is equal to the flight of Row 2037, and The act_arr_time of Row 13 is different from the act_arr_time of Row 2037.","(13, 2037)",True,True,True,True,False
2044,act_arr_time,rule_violation,12:48 p.m.,12:50 p.m.,0,"Constraint Violation: The flight of Row 30 is equal to the flight of Row 2044, and The act_arr_time of Row 30 is different from the act_arr_time of Row 2044.","(30, 2044)",True,True,True,True,False
2045,act_arr_time,rule_violation,7:32 a.m.,7:40 a.m.,0,"Constraint Violation: The flight of Row 18 is equal to the flight of Row 2045, and The act_arr_time of Row 18 is different from the act_arr_time of Row 2045.","(18, 2045)",True,True,True,True,False
2127,act_arr_time,rule_violation,11:45 a.m.,11:56 a.m.,0,"Constraint Violation: The flight of Row 129 is equal to the flight of Row 2127, and The act_arr_time of Row 129 is different from the act_arr_time of Row 2127.","(129, 2127)",True,True,True,True,False
2155,act_arr_time,rule_violation,9:22 a.m.,9:32 a.m.,0,"Constraint Violation: The flight of Row 0 is equal to the flight of Row 2155, and The act_arr_time of Row 0 is different from the act_arr_time of Row 2155.","(0, 2155)",True,True,True,True,False
2168,act_arr_time,rule_violation,6:25 p.m.,6:28 p.m.,0,"Constraint Violation: The flight of Row 263 is equal to the flight of Row 2168, and The act_arr_time of Row 263 is different from the act_arr_time of Row 2168.","(263, 2168)",True,True,True,True,False
2171,act_arr_time,rule_violation,1:18 p.m.,1:27 p.m.,0,"Constraint Violation: The flight of Row 15 is equal to the flight of Row 2171, and The act_arr_time of Row 15 is different from the act_arr_time of Row 2171.","(15, 2171)",True,True,True,True,False
2182,act_arr_time,rule_violation,5:03 p.m.,5:05 p.m.,0,"Constraint Violation: The flight of Row 77 is equal to the flight of Row 2182, and The act_arr_time of Row 77 is different from the act_arr_time of Row 2182.","(77, 2182)",True,True,True,True,False
2185,act_arr_time,rule_violation,11:50 a.m.,11:56 a.m.,0,"Constraint Violation: The flight of Row 12 is equal to the flight of Row 2185, and The act_arr_time of Row 12 is different from the act_arr_time of Row 2185.","(12, 2185)",True,True,True,True,False
2186,act_arr_time,rule_violation,3:19 p.m.,3:30 p.m.,0,"Constraint Violation: The flight of Row 14 is equal to the flight of Row 2186, and The act_arr_time of Row 14 is different from the act_arr_time of Row 2186.","(14, 2186)",True,True,True,True,False
2189,act_arr_time,rule_violation,2:01 p.m.,2:10 p.m.,0,"Constraint Violation: The flight of Row 16 is equal to the flight of Row 2189, and The act_arr_time of Row 16 is different from the act_arr_time of Row 2189.","(16, 2189)",True,True,True,True,False
2193,act_arr_time,rule_violation,9:38 p.m.,9:52 p.m.,0,"Constraint Violation: The flight of Row 88 is equal to the flight of Row 2193, and The act_arr_time of Row 88 is different from the act_arr_time of Row 2193.","(88, 2193)",True,True,True,True,False
2199,act_arr_time,rule_violation,8:43 p.m.,8:53 p.m.,0,"Constraint Violation: The flight of Row 23 is equal to the flight of Row 2199, and The act_arr_time of Row 23 is different from the act_arr_time of Row 2199.","(23, 2199)",True,True,True,True,False
2206,act_arr_time,rule_violation,6:35 p.m.,6:38 p.m.,0,"Constraint Violation: The flight of Row 103 is equal to the flight of Row 2206, and The act_arr_time of Row 103 is different from the act_arr_time of Row 2206.","(103, 2206)",True,True,True,True,False
2210,act_arr_time,rule_violation,10:45 a.m.,10:47 a.m.,0,"Constraint Violation: The flight of Row 107 is equal to the flight of Row 2210, and The act_arr_time of Row 107 is different from the act_arr_time of Row 2210.","(107, 2210)",True,True,True,True,False
2213,act_arr_time,rule_violation,2:52 p.m.,2:50 p.m.,0,"Constraint Violation: The flight of Row 4 is equal to the flight of Row 2213, and The act_arr_time of Row 4 is different from the act_arr_time of Row 2213.","(4, 2213)",True,True,True,True,False
2228,act_arr_time,rule_violation,2:02 p.m.,2:00 p.m.,0,"Constraint Violation: The flight of Row 125 is equal to the flight of Row 2228, and The act_arr_time of Row 125 is different from the act_arr_time of Row 2228.","(125, 2228)",True,True,True,True,False
2229,act_arr_time,rule_violation,9:11 p.m.,9:20 p.m.,0,"Constraint Violation: The flight of Row 37 is equal to the flight of Row 2229, and The act_arr_time of Row 37 is different from the act_arr_time of Row 2229.","(37, 2229)",True,True,True,True,False
2230,act_arr_time,rule_violation,4:24 p.m.,4:44 p.m.,0,"Constraint Violation: The flight of Row 127 is equal to the flight of Row 2230, and The act_arr_time of Row 127 is different from the act_arr_time of Row 2230.","(127, 2230)",True,True,True,True,False
2232,act_arr_time,rule_violation,12:12 p.m.,11:56 a.m.,0,"Constraint Violation: The flight of Row 129 is equal to the flight of Row 2232, and The act_arr_time of Row 129 is different from the act_arr_time of Row 2232.","(129, 2232)",True,True,True,True,False
2233,act_arr_time,rule_violation,3:36 p.m.,3:43 p.m.,0,"Constraint Violation: The flight of Row 38 is equal to the flight of Row 2233, and The act_arr_time of Row 38 is different from the act_arr_time of Row 2233.","(38, 2233)",True,True,True,True,False
2235,act_arr_time,rule_violation,11:07 a.m.,11:06 a.m.,0,"Constraint Violation: The flight of Row 40 is equal to the flight of Row 2235, and The act_arr_time of Row 40 is different from the act_arr_time of Row 2235.","(40, 2235)",True,True,True,True,False
2237,act_arr_time,rule_violation,11:00 a.m.,11:01 a.m.,0,"Constraint Violation: The flight of Row 11 is equal to the flight of Row 2237, and The act_arr_time of Row 11 is different from the act_arr_time of Row 2237.","(11, 2237)",True,True,True,True,False
2239,act_arr_time,rule_violation,3:01 p.m.,3:13 p.m.,0,"Constraint Violation: The flight of Row 42 is equal to the flight of Row 2239, and The act_arr_time of Row 42 is different from the act_arr_time of Row 2239.","(42, 2239)",True,True,True,True,False
2240,act_arr_time,rule_violation,10:10 a.m.,10:16 a.m.,0,"Constraint Violation: The flight of Row 43 is equal to the flight of Row 2240, and The act_arr_time of Row 43 is different from the act_arr_time of Row 2240.","(43, 2240)",True,True,True,True,False
2242,act_arr_time,rule_violation,7:57 a.m.,8:06 a.m.,0,"Constraint Violation: The flight of Row 13 is equal to the flight of Row 2242, and The act_arr_time of Row 13 is different from the act_arr_time of Row 2242.","(13, 2242)",True,True,True,True,False
2249,act_arr_time,rule_violation,12:48 p.m.,12:50 p.m.,0,"Constraint Violation: The flight of Row 30 is equal to the flight of Row 2249, and The act_arr_time of Row 30 is different from the act_arr_time of Row 2249.","(30, 2249)",True,True,True,True,False
2250,act_arr_time,rule_violation,7:32 a.m.,7:40 a.m.,0,"Constraint Violation: The flight of Row 18 is equal to the flight of Row 2250, and The act_arr_time of Row 18 is different from the act_arr_time of Row 2250.","(18, 2250)",True,True,True,True,False
2255,act_arr_time,rule_violation,9:22 a.m.,9:32 a.m.,0,"Constraint Violation: The flight of Row 0 is equal to the flight of Row 2255, and The act_arr_time of Row 0 is different from the act_arr_time of Row 2255.","(0, 2255)",True,True,True,True,False
2257,act_arr_time,rule_violation,10:24 p.m.,10:29 p.m.,0,"Constraint Violation: The flight of Row 51 is equal to the flight of Row 2257, and The act_arr_time of Row 51 is different from the act_arr_time of Row 2257.","(51, 2257)",True,True,True,True,False
2258,act_arr_time,rule_violation,9:44 a.m.,9:43 a.m.,0,"Constraint Violation: The flight of Row 54 is equal to the flight of Row 2258, and The act_arr_time of Row 54 is different from the act_arr_time of Row 2258.","(54, 2258)",True,True,True,True,False
2259,act_arr_time,rule_violation,10:28 p.m.,10:30 p.m.,0,"Constraint Violation: The flight of Row 1 is equal to the flight of Row 2259, and The act_arr_time of Row 1 is different from the act_arr_time of Row 2259.","(1, 2259)",True,True,True,True,False
2261,act_arr_time,rule_violation,6:23 p.m.,6:28 p.m.,0,"Constraint Violation: The flight of Row 63 is equal to the flight of Row 2261, and The act_arr_time of Row 63 is different from the act_arr_time of Row 2261.","(63, 2261)",True,True,True,True,False
2262,act_arr_time,rule_violation,9:08 a.m.,9:14 a.m.,0,"Constraint Violation: The flight of Row 64 is equal to the flight of Row 2262, and The act_arr_time of Row 64 is different from the act_arr_time of Row 2262.","(64, 2262)",True,True,True,True,False
2263,act_arr_time,rule_violation,9:29 a.m.,9:45 a.m.,0,"Constraint Violation: The flight of Row 6 is equal to the flight of Row 2263, and The act_arr_time of Row 6 is different from the act_arr_time of Row 2263.","(6, 2263)",True,True,True,True,False
2266,act_arr_time,rule_violation,3:59 p.m.,4:09 p.m.,0,"Constraint Violation: The flight of Row 8 is equal to the flight of Row 2266, and The act_arr_time of Row 8 is different from the act_arr_time of Row 2266.","(8, 2266)",True,True,True,True,False
2267,act_arr_time,rule_violation,1:07 p.m.,1:14 p.m.,0,"Constraint Violation: The flight of Row 75 is equal to the flight of Row 2267, and The act_arr_time of Row 75 is different from the act_arr_time of Row 2267.","(75, 2267)",True,True,True,True,False
2269,act_arr_time,rule_violation,4:57 p.m.,5:05 p.m.,0,"Constraint Violation: The flight of Row 77 is equal to the flight of Row 2269, and The act_arr_time of Row 77 is different from the act_arr_time of Row 2269.","(77, 2269)",True,True,True,True,False
2271,act_arr_time,rule_violation,11:50 a.m.,11:56 a.m.,0,"Constraint Violation: The flight of Row 12 is equal to the flight of Row 2271, and The act_arr_time of Row 12 is different from the act_arr_time of Row 2271.","(12, 2271)",True,True,True,True,False
2272,act_arr_time,rule_violation,7:59 a.m.,8:06 a.m.,0,"Constraint Violation: The flight of Row 13 is equal to the flight of Row 2272, and The act_arr_time of Row 13 is different from the act_arr_time of Row 2272.","(13, 2272)",True,True,True,True,False
2274,act_arr_time,rule_violation,7:35 a.m.,7:40 a.m.,0,"Constraint Violation: The flight of Row 18 is equal to the flight of Row 2274, and The act_arr_time of Row 18 is different from the act_arr_time of Row 2274.","(18, 2274)",True,True,True,True,False
2275,act_arr_time,rule_violation,2:40 p.m.,2:50 p.m.,0,"Constraint Violation: The flight of Row 4 is equal to the flight of Row 2275, and The act_arr_time of Row 4 is different from the act_arr_time of Row 2275.","(4, 2275)",True,True,True,True,False
2278,act_arr_time,rule_violation,1:08 p.m.,1:15 p.m.,0,"Constraint Violation: The flight of Row 86 is equal to the flight of Row 2278, and The act_arr_time of Row 86 is different from the act_arr_time of Row 2278.","(86, 2278)",True,True,True,True,False
2280,act_arr_time,rule_violation,10:43 a.m.,11:06 a.m.,0,"Constraint Violation: The flight of Row 17 is equal to the flight of Row 2280, and The act_arr_time of Row 17 is different from the act_arr_time of Row 2280.","(17, 2280)",True,True,True,True,False
2282,act_arr_time,rule_violation,2:21 p.m.,2:27 p.m.,0,"Constraint Violation: The flight of Row 19 is equal to the flight of Row 2282, and The act_arr_time of Row 19 is different from the act_arr_time of Row 2282.","(19, 2282)",True,True,True,True,False
2283,act_arr_time,rule_violation,2:39 p.m.,2:46 p.m.,0,"Constraint Violation: The flight of Row 20 is equal to the flight of Row 2283, and The act_arr_time of Row 20 is different from the act_arr_time of Row 2283.","(20, 2283)",True,True,True,True,False
2284,act_arr_time,rule_violation,3:26 p.m.,3:33 p.m.,0,"Constraint Violation: The flight of Row 21 is equal to the flight of Row 2284, and The act_arr_time of Row 21 is different from the act_arr_time of Row 2284.","(21, 2284)",True,True,True,True,False
2287,act_arr_time,rule_violation,8:38 p.m.,8:53 p.m.,0,"Constraint Violation: The flight of Row 23 is equal to the flight of Row 2287, and The act_arr_time of Row 23 is different from the act_arr_time of Row 2287.","(23, 2287)",True,True,True,True,False
2289,act_arr_time,rule_violation,12:02 a.m.,12:21 a.m.,0,"Constraint Violation: The flight of Row 96 is equal to the flight of Row 2289, and The act_arr_time of Row 96 is different from the act_arr_time of Row 2289.","(96, 2289)",True,True,True,True,False
2291,act_arr_time,rule_violation,7:49 a.m.,7:51 a.m.,0,"Constraint Violation: The flight of Row 25 is equal to the flight of Row 2291, and The act_arr_time of Row 25 is different from the act_arr_time of Row 2291.","(25, 2291)",True,True,True,True,False
2292,act_arr_time,rule_violation,9:26 a.m.,9:31 a.m.,0,"Constraint Violation: The flight of Row 26 is equal to the flight of Row 2292, and The act_arr_time of Row 26 is different from the act_arr_time of Row 2292.","(26, 2292)",True,True,True,True,False
2295,act_arr_time,rule_violation,9:47 p.m.,9:53 p.m.,0,"Constraint Violation: The flight of Row 28 is equal to the flight of Row 2295, and The act_arr_time of Row 28 is different from the act_arr_time of Row 2295.","(28, 2295)",True,True,True,True,False
2299,act_arr_time,rule_violation,12:19 a.m.,12:29 a.m.,0,"Constraint Violation: The flight of Row 113 is equal to the flight of Row 2299, and The act_arr_time of Row 113 is different from the act_arr_time of Row 2299.","(113, 2299)",True,True,True,True,False
2300,act_arr_time,rule_violation,12:01 a.m.,12:15 a.m.,0,"Constraint Violation: The flight of Row 32 is equal to the flight of Row 2300, and The act_arr_time of Row 32 is different from the act_arr_time of Row 2300.","(32, 2300)",True,True,True,True,False
2301,act_arr_time,rule_violation,11:35 p.m.,11:50 p.m.,0,"Constraint Violation: The flight of Row 33 is equal to the flight of Row 2301, and The act_arr_time of Row 33 is different from the act_arr_time of Row 2301.","(33, 2301)",True,True,True,True,False
2304,act_arr_time,rule_violation,3:40 p.m.,3:50 p.m.,0,"Constraint Violation: The flight of Row 36 is equal to the flight of Row 2304, and The act_arr_time of Row 36 is different from the act_arr_time of Row 2304.","(36, 2304)",True,True,True,True,False
2305,act_arr_time,rule_violation,5:21 a.m.,5:11 a.m.,0,"Constraint Violation: The flight of Row 122 is equal to the flight of Row 2305, and The act_arr_time of Row 122 is different from the act_arr_time of Row 2305.","(122, 2305)",True,True,True,True,False
2307,act_arr_time,rule_violation,9:11 p.m.,9:20 p.m.,0,"Constraint Violation: The flight of Row 37 is equal to the flight of Row 2307, and The act_arr_time of Row 37 is different from the act_arr_time of Row 2307.","(37, 2307)",True,True,True,True,False
2308,act_arr_time,rule_violation,3:36 p.m.,3:43 p.m.,0,"Constraint Violation: The flight of Row 38 is equal to the flight of Row 2308, and The act_arr_time of Row 38 is different from the act_arr_time of Row 2308.","(38, 2308)",True,True,True,True,False
2310,act_arr_time,rule_violation,11:04 a.m.,11:06 a.m.,0,"Constraint Violation: The flight of Row 40 is equal to the flight of Row 2310, and The act_arr_time of Row 40 is different from the act_arr_time of Row 2310.","(40, 2310)",True,True,True,True,False
2315,act_arr_time,rule_violation,3:12 p.m.,3:14 p.m.,0,"Constraint Violation: The flight of Row 47 is equal to the flight of Row 2315, and The act_arr_time of Row 47 is different from the act_arr_time of Row 2315.","(47, 2315)",True,True,True,True,False
2317,act_arr_time,rule_violation,12:37 p.m.,12:50 p.m.,0,"Constraint Violation: The flight of Row 30 is equal to the flight of Row 2317, and The act_arr_time of Row 30 is different from the act_arr_time of Row 2317.","(30, 2317)",True,True,True,True,False
135,sched_dep_time,pattern_violation,9:05 a.m. (-00:00),9:05 a.m.,0,,,True,True,True,True,False
422,sched_dep_time,pattern_violation,9:05 a.m. (-00:00),9:05 a.m.,0,,,True,True,True,True,False
797,sched_dep_time,pattern_violation,12:30,12:30 p.m.,0,,,True,True,True,True,False
808,sched_dep_time,pattern_violation,Thu 20:00,8:00 p.m.,0,,,True,True,True,True,False
991,sched_dep_time,pattern_violation,Not Available,8:00 a.m.,0,,,True,True,True,True,False
992,sched_dep_time,pattern_violation,Not Available,8:41 a.m.,0,,,True,True,True,True,False
999,sched_dep_time,pattern_violation,Not Available,6:00 a.m.,0,,,True,True,True,True,False
1003,sched_dep_time,pattern_violation,Not Available,8:15 a.m.,0,,,True,True,True,True,False
1026,sched_dep_time,pattern_violation,Not Available,1:55 p.m.,0,,,True,True,True,True,False
1034,sched_dep_time,pattern_violation,Not Available,1:33 p.m.,0,,,True,True,True,True,False
1041,sched_dep_time,pattern_violation,Not Available,2:30 p.m.,0,,,True,True,True,True,False
1042,sched_dep_time,pattern_violation,Not Available,8:29 a.m.,0,,,True,True,True,True,False
1045,sched_dep_time,pattern_violation,Not Available,7:35 a.m.,0,,,True,True,True,True,False
1046,sched_dep_time,pattern_violation,Not Available,1:45 p.m.,0,,,True,True,True,True,False
1058,sched_dep_time,pattern_violation,Not Available,7:53 a.m.,0,,,True,True,True,True,False
1308,sched_dep_time,pattern_violation,9:05 a.m. (-00:00),9:05 a.m.,0,,,True,True,True,True,False
1323,sched_dep_time,pattern_violation,7:10aDec 1,7:10 a.m.,0,,,True,True,True,True,False
1325,sched_dep_time,pattern_violation,6:40aDec 1,6:40 a.m.,0,,,True,True,True,True,False
1326,sched_dep_time,pattern_violation,8:19aDec 1,8:00 a.m.,0,,,True,True,True,True,False
1327,sched_dep_time,pattern_violation,8:41aDec 1,8:41 a.m.,0,,,True,True,True,True,False
1331,sched_dep_time,pattern_violation,11:25aDec 1,11:25 a.m.,0,,,True,True,True,True,False
1332,sched_dep_time,pattern_violation,10:39aDec 1,10:39 a.m.,0,,,True,True,True,True,False
1334,sched_dep_time,pattern_violation,6:14aDec 1,6:00 a.m.,0,,,True,True,True,True,False
1335,sched_dep_time,pattern_violation,12:30aDec 1,12:30 a.m.,0,,,True,True,True,True,False
1337,sched_dep_time,pattern_violation,7:35aDec 1,7:35 a.m.,0,,,True,True,True,True,False
1338,sched_dep_time,pattern_violation,9:45aDec 1,9:45 a.m.,0,,,True,True,True,True,False
1339,sched_dep_time,pattern_violation,10:00aDec 1,9:05 a.m.,0,,,True,True,True,True,False
1340,sched_dep_time,pattern_violation,8:15aDec 1,8:15 a.m.,0,,,True,True,True,True,False
1341,sched_dep_time,pattern_violation,7:00aDec 1,7:00 a.m.,0,,,True,True,True,True,False
1343,sched_dep_time,pattern_violation,10:45aDec 1,10:45 a.m.,0,,,True,True,True,True,False
1345,sched_dep_time,pattern_violation,8:05aDec 1,8:05 a.m.,0,,,True,True,True,True,False
1347,sched_dep_time,pattern_violation,11:50aDec 1,11:50 a.m.,0,,,True,True,True,True,False
1348,sched_dep_time,pattern_violation,11:40aDec 1,11:40 a.m.,0,,,True,True,True,True,False
1349,sched_dep_time,pattern_violation,6:00aDec 1,6:00 a.m.,0,,,True,True,True,True,False
1350,sched_dep_time,pattern_violation,11:05aDec 1,11:05 a.m.,0,,,True,True,True,True,False
1351,sched_dep_time,pattern_violation,6:00aDec 1,6:00 a.m.,0,,,True,True,True,True,False
1352,sched_dep_time,pattern_violation,8:40aDec 1,8:40 a.m.,0,,,True,True,True,True,False
1353,sched_dep_time,pattern_violation,10:15aDec 1,10:15 a.m.,0,,,True,True,True,True,False
1355,sched_dep_time,pattern_violation,7:53aDec 1,7:53 a.m.,0,,,True,True,True,True,False
1357,sched_dep_time,pattern_violation,11:45aDec 1,11:45 a.m.,0,,,True,True,True,True,False
1362,sched_dep_time,pattern_violation,10:40aDec 1,10:40 a.m.,0,,,True,True,True,True,False
1365,sched_dep_time,pattern_violation,7:15aDec 1,7:15 a.m.,0,,,True,True,True,True,False
1370,sched_dep_time,pattern_violation,9:15aDec 1,9:15 a.m.,0,,,True,True,True,True,False
1371,sched_dep_time,pattern_violation,6:00aDec 1,6:00 a.m.,0,,,True,True,True,True,False
1372,sched_dep_time,pattern_violation,7:10aDec 1,7:10 a.m.,0,,,True,True,True,True,False
1377,sched_dep_time,pattern_violation,10:25aDec 1,10:25 a.m.,0,,,True,True,True,True,False
1378,sched_dep_time,pattern_violation,7:05aDec 1,7:05 a.m.,0,,,True,True,True,True,False
1379,sched_dep_time,pattern_violation,10:40aDec 1,10:40 a.m.,0,,,True,True,True,True,False
1387,sched_dep_time,pattern_violation,6:59aDec 1,6:59 a.m.,0,,,True,True,True,True,False
1388,sched_dep_time,pattern_violation,8:35aDec 1,8:35 a.m.,0,,,True,True,True,True,False
1391,sched_dep_time,pattern_violation,7:35aDec 1,7:35 a.m.,0,,,True,True,True,True,False
1395,sched_dep_time,pattern_violation,11:15aDec 1,11:15 a.m.,0,,,True,True,True,True,False
1399,sched_dep_time,pattern_violation,8:55aDec 1,8:55 a.m.,0,,,True,True,True,True,False
1402,sched_dep_time,pattern_violation,7:15aDec 1,7:15 a.m.,0,,,True,True,True,True,False
1404,sched_dep_time,pattern_violation,7:55aDec 1,7:55 a.m.,0,,,True,True,True,True,False
1405,sched_dep_time,pattern_violation,9:05aDec 1,9:05 a.m.,0,,,True,True,True,True,False
1407,sched_dep_time,pattern_violation,8:35aDec 1,8:35 a.m.,0,,,True,True,True,True,False
1409,sched_dep_time,pattern_violation,7:30aDec 1,7:30 a.m.,0,,,True,True,True,True,False
1410,sched_dep_time,pattern_violation,11:25aDec 1,11:25 a.m.,0,,,True,True,True,True,False
1412,sched_dep_time,pattern_violation,11:35aDec 1,11:35 a.m.,0,,,True,True,True,True,False
1413,sched_dep_time,pattern_violation,7:25aDec 1,7:25 a.m.,0,,,True,True,True,True,False
1415,sched_dep_time,pattern_violation,11:55aDec 1,11:55 a.m.,0,,,True,True,True,True,False
1416,sched_dep_time,pattern_violation,10:40aDec 1,10:40 a.m.,0,,,True,True,True,True,False
1417,sched_dep_time,pattern_violation,6:45aDec 1,6:45 a.m.,0,,,True,True,True,True,False
1419,sched_dep_time,pattern_violation,6:00aDec 1,6:00 a.m.,0,,,True,True,True,True,False
1420,sched_dep_time,pattern_violation,7:10aDec 1,7:10 a.m.,0,,,True,True,True,True,False
1421,sched_dep_time,pattern_violation,7:10aDec 1,7:10 a.m.,0,,,True,True,True,True,False
1572,sched_dep_time,pattern_violation,9:05 a.m. (-00:00),9:05 a.m.,0,,,True,True,True,True,False
1589,sched_dep_time,pattern_violation,8:41aDec 1,8:41 a.m.,0,,,True,True,True,True,False
1592,sched_dep_time,pattern_violation,10:39aDec 1,10:39 a.m.,0,,,True,True,True,True,False
1594,sched_dep_time,pattern_violation,12:30aDec 1,12:30 a.m.,0,,,True,True,True,True,False
1596,sched_dep_time,pattern_violation,9:45aDec 1,9:45 a.m.,0,,,True,True,True,True,False
1597,sched_dep_time,pattern_violation,7:00aDec 1,7:00 a.m.,0,,,True,True,True,True,False
1599,sched_dep_time,pattern_violation,11:40aDec 1,11:40 a.m.,0,,,True,True,True,True,False
1600,sched_dep_time,pattern_violation,6:00aDec 1,6:00 a.m.,0,,,True,True,True,True,False
1601,sched_dep_time,pattern_violation,11:05aDec 1,11:05 a.m.,0,,,True,True,True,True,False
1603,sched_dep_time,pattern_violation,7:30aDec 1,7:30 a.m.,0,,,True,True,True,True,False
1606,sched_dep_time,pattern_violation,11:45aDec 1,11:45 a.m.,0,,,True,True,True,True,False
1610,sched_dep_time,pattern_violation,6:00aDec 1,6:00 a.m.,0,,,True,True,True,True,False
1611,sched_dep_time,pattern_violation,7:10aDec 1,7:10 a.m.,0,,,True,True,True,True,False
1613,sched_dep_time,pattern_violation,7:25aDec 1,7:25 a.m.,0,,,True,True,True,True,False
1615,sched_dep_time,pattern_violation,7:05aDec 1,7:05 a.m.,0,,,True,True,True,True,False
1620,sched_dep_time,pattern_violation,6:59aDec 1,6:59 a.m.,0,,,True,True,True,True,False
1621,sched_dep_time,pattern_violation,8:35aDec 1,8:35 a.m.,0,,,True,True,True,True,False
1622,sched_dep_time,pattern_violation,Not Available,2:30 p.m.,0,,,True,True,True,True,False
1628,sched_dep_time,pattern_violation,Not Available,7:35 a.m.,0,,,True,True,True,True,False
1630,sched_dep_time,pattern_violation,9:05aDec 1,9:05 a.m.,0,,,True,True,True,True,False
1631,sched_dep_time,pattern_violation,7:10aDec 1,7:10 a.m.,0,,,True,True,True,True,False
1632,sched_dep_time,pattern_violation,8:35aDec 1,8:35 a.m.,0,,,True,True,True,True,False
1633,sched_dep_time,pattern_violation,11:25aDec 1,11:25 a.m.,0,,,True,True,True,True,False
1636,sched_dep_time,pattern_violation,6:45aDec 1,6:45 a.m.,0,,,True,True,True,True,False
1642,sched_dep_time,pattern_violation,11/30 8:00 p.m.,8:00 p.m.,0,,,True,True,True,True,False
1643,sched_dep_time,pattern_violation,11/30 4:16 p.m.,4:16 p.m.,0,,,True,True,True,True,False
1645,sched_dep_time,pattern_violation,11/30 6:45 p.m.,6:45 p.m.,0,,,True,True,True,True,False
1649,sched_dep_time,pattern_violation,11/30 4:00 p.m.,4:00 p.m.,0,,,True,True,True,True,False
1650,sched_dep_time,pattern_violation,11/30 11:55 p.m.,11:55 p.m.,0,,,True,True,True,True,False
1651,sched_dep_time,pattern_violation,11/30 11:25 a.m.,11:25 a.m.,0,,,True,True,True,True,False
1653,sched_dep_time,pattern_violation,11/30 7:45 p.m.,7:45 p.m.,0,,,True,True,True,True,False
1655,sched_dep_time,pattern_violation,11/30 11:08 p.m.,11:08 p.m.,0,,,True,True,True,True,False
1657,sched_dep_time,pattern_violation,11/30 12:57 p.m.,12:57 p.m.,0,,,True,True,True,True,False
1660,sched_dep_time,pattern_violation,11/30 1:55 p.m.,1:55 p.m.,0,,,True,True,True,True,False
124,act_dep_time,pattern_violation,1:50 p.m. (+8:00),1:32 p.m.,0,,,True,True,True,True,False
160,act_dep_time,pattern_violation,Not Available,11:25 p.m.,0,,,True,True,True,True,False
193,act_dep_time,pattern_violation,Not Available,6:30 p.m.,0,,,True,True,True,True,False
195,act_dep_time,pattern_violation,Not Available,7:15 p.m.,0,,,True,True,True,True,False
211,act_dep_time,pattern_violation,Not Available,4:25 p.m.,0,,,True,True,True,True,False
212,act_dep_time,pattern_violation,Not Available,9:00 p.m.,0,,,True,True,True,True,False
213,act_dep_time,pattern_violation,Not Available,8:25 p.m.,0,,,True,True,True,True,False
217,act_dep_time,pattern_violation,Not Available,1:30 p.m.,0,,,True,True,True,True,False
411,act_dep_time,pattern_violation,1:50 p.m. (+8:00),1:32 p.m.,0,,,True,True,True,True,False
544,act_dep_time,pattern_violation,6:47 p.m. (Estimated runway),6:30 p.m.,0,,,True,True,True,True,False
547,act_dep_time,pattern_violation,11:29 p.m. (Estimated runway),11:25 p.m.,0,,,True,True,True,True,False
582,act_dep_time,pattern_violation,7:15 p.m. (Estimated),7:15 p.m.,0,,,True,True,True,True,False
597,act_dep_time,pattern_violation,12:10 a.m. (Estimated runway),11:55 p.m.,0,,,True,True,True,True,False
598,act_dep_time,pattern_violation,4:28 p.m. (Estimated runway),4:25 p.m.,0,,,True,True,True,True,False
599,act_dep_time,pattern_violation,9:06 p.m. (Estimated runway),9:00 p.m.,0,,,True,True,True,True,False
600,act_dep_time,pattern_violation,8:29 p.m. (Estimated runway),8:25 p.m.,0,,,True,True,True,True,False
608,act_dep_time,pattern_violation,5:30 p.m. (Estimated),5:30 p.m.,0,,,True,True,True,True,False
778,act_dep_time,pattern_violation,11/30/2011 11:34 p.m.,11:08 p.m.,0,,,True,True,True,True,False
797,act_dep_time,pattern_violation,12:30,12:35 p.m.,0,,,True,True,True,True,False
932,act_dep_time,pattern_violation,7:15 p.m. (Estimated),7:15 p.m.,0,,,True,True,True,True,False
942,act_dep_time,pattern_violation,4:28 p.m. (Estimated runway),4:25 p.m.,0,,,True,True,True,True,False
943,act_dep_time,pattern_violation,8:29 p.m. (Estimated runway),8:25 p.m.,0,,,True,True,True,True,False
994,act_dep_time,pattern_violation,Not Available,6:30 p.m.,0,,,True,True,True,True,False
996,act_dep_time,pattern_violation,Contact Airline,3:27 p.m.,0,,,True,True,True,True,False
998,act_dep_time,pattern_violation,Not Available,11:25 p.m.,0,,,True,True,True,True,False
1001,act_dep_time,pattern_violation,Contact Airline,4:00 p.m.,0,,,True,True,True,True,False
1008,act_dep_time,pattern_violation,Contact Airline,11:30 a.m.,0,,,True,True,True,True,False
1018,act_dep_time,pattern_violation,Contact Airline,3:11 a.m.,0,,,True,True,True,True,False
1025,act_dep_time,pattern_violation,Contact Airline,7:15 p.m.,0,,,True,True,True,True,False
1030,act_dep_time,pattern_violation,Contact Airline,4:28 p.m.,0,,,True,True,True,True,False
1032,act_dep_time,pattern_violation,Contact Airline,7:05 a.m.,0,,,True,True,True,True,False
1035,act_dep_time,pattern_violation,Not Available,11:55 p.m.,0,,,True,True,True,True,False
1036,act_dep_time,pattern_violation,Not Available,4:25 p.m.,0,,,True,True,True,True,False
1037,act_dep_time,pattern_violation,Not Available,9:00 p.m.,0,,,True,True,True,True,False
1038,act_dep_time,pattern_violation,Not Available,8:25 p.m.,0,,,True,True,True,True,False
1043,act_dep_time,pattern_violation,Not Available,1:30 p.m.,0,,,True,True,True,True,False
1047,act_dep_time,pattern_violation,Contact Airline,11:15 a.m.,0,,,True,True,True,True,False
1049,act_dep_time,pattern_violation,Contact Airline,2:55 p.m.,0,,,True,True,True,True,False
1050,act_dep_time,pattern_violation,Contact Airline,2:48 p.m.,0,,,True,True,True,True,False
1054,act_dep_time,pattern_violation,Contact Airline,2:55 p.m.,0,,,True,True,True,True,False
1056,act_dep_time,pattern_violation,Contact Airline,8:52 a.m.,0,,,True,True,True,True,False
1063,act_dep_time,pattern_violation,Contact Airline,11:55 a.m.,0,,,True,True,True,True,False
1192,act_dep_time,pattern_violation,Not Available,7:15 p.m.,0,,,True,True,True,True,False
1199,act_dep_time,pattern_violation,12:10 a.m. (Estimated runway),11:55 p.m.,0,,,True,True,True,True,False
1211,act_dep_time,pattern_violation,Not Available,4:25 p.m.,0,,,True,True,True,True,False
1297,act_dep_time,pattern_violation,1:50 p.m. (+8:00),1:32 p.m.,0,,,True,True,True,True,False
1323,act_dep_time,pattern_violation,7:02aDec 1,7:16 a.m.,0,,,True,True,True,True,False
1325,act_dep_time,pattern_violation,6:40aDec 1,6:54 a.m.,0,,,True,True,True,True,False
1326,act_dep_time,pattern_violation,8:48aDec 1,8:29 a.m.,0,,,True,True,True,True,False
1329,act_dep_time,pattern_violation,11:54aDec 1,12:11 p.m.,0,,,True,True,True,True,False
1331,act_dep_time,pattern_violation,11:37aDec 1,11:32 a.m.,0,,,True,True,True,True,False
1334,act_dep_time,pattern_violation,6:09aDec 1,5:56 a.m.,0,,,True,True,True,True,False
1335,act_dep_time,pattern_violation,12:41aDec 1,12:41 a.m.,0,,,True,True,True,True,False
1338,act_dep_time,pattern_violation,10:19aDec 1,10:19 a.m.,0,,,True,True,True,True,False
1339,act_dep_time,pattern_violation,9:59aDec 1,10:10 a.m.,0,,,True,True,True,True,False
1340,act_dep_time,pattern_violation,8:12aDec 1,8:12 a.m.,0,,,True,True,True,True,False
1341,act_dep_time,pattern_violation,7:04aDec 1,7:25 a.m.,0,,,True,True,True,True,False
1343,act_dep_time,pattern_violation,10:42aDec 1,10:55 a.m.,0,,,True,True,True,True,False
1345,act_dep_time,pattern_violation,8:00aDec 1,8:00 a.m.,0,,,True,True,True,True,False
1347,act_dep_time,pattern_violation,11:54aDec 1,12:12 p.m.,0,,,True,True,True,True,False
1348,act_dep_time,pattern_violation,11:56aDec 1,11:56 a.m.,0,,,True,True,True,True,False
1349,act_dep_time,pattern_violation,5:58aDec 1,6:08 a.m.,0,,,True,True,True,True,False
1350,act_dep_time,pattern_violation,11:30aDec 1,11:30 a.m.,0,,,True,True,True,True,False
1351,act_dep_time,pattern_violation,6:02aDec 1,6:02 a.m.,0,,,True,True,True,True,False
1352,act_dep_time,pattern_violation,8:40aDec 1,8:40 a.m.,0,,,True,True,True,True,False
1353,act_dep_time,pattern_violation,10:10aDec 1,10:18 a.m.,0,,,True,True,True,True,False
1355,act_dep_time,pattern_violation,7:49aDec 1,7:49 a.m.,0,,,True,True,True,True,False
1357,act_dep_time,pattern_violation,11:47aDec 1,12:13 p.m.,0,,,True,True,True,True,False
1359,act_dep_time,pattern_violation,11:51aDec 1,3:11 a.m.,0,,,True,True,True,True,False
1362,act_dep_time,pattern_violation,10:46aDec 1,11:05 a.m.,0,,,True,True,True,True,False
1365,act_dep_time,pattern_violation,7:08aDec 1,7:21 a.m.,0,,,True,True,True,True,False
1370,act_dep_time,pattern_violation,9:14aDec 1,9:14 a.m.,0,,,True,True,True,True,False
1371,act_dep_time,pattern_violation,5:59aDec 1,6:56 a.m.,0,,,True,True,True,True,False
1372,act_dep_time,pattern_violation,7:10aDec 1,7:30 a.m.,0,,,True,True,True,True,False
1377,act_dep_time,pattern_violation,10:20aDec 1,10:20 a.m.,0,,,True,True,True,True,False
1378,act_dep_time,pattern_violation,7:07aDec 1,7:05 a.m.,0,,,True,True,True,True,False
1379,act_dep_time,pattern_violation,10:47aDec 1,11:01 a.m.,0,,,True,True,True,True,False
1387,act_dep_time,pattern_violation,6:56aDec 1,7:22 a.m.,0,,,True,True,True,True,False
1388,act_dep_time,pattern_violation,8:31aDec 1,8:51 a.m.,0,,,True,True,True,True,False
1391,act_dep_time,pattern_violation,7:27aDec 1,7:27 a.m.,0,,,True,True,True,True,False
1395,act_dep_time,pattern_violation,11:15aDec 1,11:15 a.m.,0,,,True,True,True,True,False
1399,act_dep_time,pattern_violation,9:16aDec 1,9:16 a.m.,0,,,True,True,True,True,False
1402,act_dep_time,pattern_violation,7:10aDec 1,7:22 a.m.,0,,,True,True,True,True,False
1404,act_dep_time,pattern_violation,7:51aDec 1,8:04 a.m.,0,,,True,True,True,True,False
1405,act_dep_time,pattern_violation,8:52aDec 1,8:52 a.m.,0,,,True,True,True,True,False
1407,act_dep_time,pattern_violation,8:32aDec 1,8:56 a.m.,0,,,True,True,True,True,False
1409,act_dep_time,pattern_violation,7:28aDec 1,8:04 a.m.,0,,,True,True,True,True,False
1410,act_dep_time,pattern_violation,11:20aDec 1,11:40 a.m.,0,,,True,True,True,True,False
1412,act_dep_time,pattern_violation,11:33aDec 1,11:52 a.m.,0,,,True,True,True,True,False
1413,act_dep_time,pattern_violation,7:22aDec 1,7:39 a.m.,0,,,True,True,True,True,False
1415,act_dep_time,pattern_violation,11:43aDec 1,11:55 a.m.,0,,,True,True,True,True,False
1416,act_dep_time,pattern_violation,10:35aDec 1,10:54 a.m.,0,,,True,True,True,True,False
1417,act_dep_time,pattern_violation,6:41aDec 1,6:57 a.m.,0,,,True,True,True,True,False
1419,act_dep_time,pattern_violation,5:56aDec 1,6:10 a.m.,0,,,True,True,True,True,False
1420,act_dep_time,pattern_violation,7:14aDec 1,7:39 a.m.,0,,,True,True,True,True,False
1421,act_dep_time,pattern_violation,7:05aDec 1,7:31 a.m.,0,,,True,True,True,True,False
1459,act_dep_time,pattern_violation,4:28 p.m. (Estimated runway),4:25 p.m.,0,,,True,True,True,True,False
1461,act_dep_time,pattern_violation,9:06 p.m. (Estimated runway),9:00 p.m.,0,,,True,True,True,True,False
1479,act_dep_time,pattern_violation,7:15 p.m. (Estimated),7:15 p.m.,0,,,True,True,True,True,False
1561,act_dep_time,pattern_violation,1:50 p.m. (+8:00),1:32 p.m.,0,,,True,True,True,True,False
1591,act_dep_time,pattern_violation,Contact Airline,3:27 p.m.,0,,,True,True,True,True,False
1594,act_dep_time,pattern_violation,12:41aDec 1,12:41 a.m.,0,,,True,True,True,True,False
1596,act_dep_time,pattern_violation,10:19aDec 1,10:19 a.m.,0,,,True,True,True,True,False
1597,act_dep_time,pattern_violation,7:04aDec 1,7:25 a.m.,0,,,True,True,True,True,False
1599,act_dep_time,pattern_violation,11:56aDec 1,11:56 a.m.,0,,,True,True,True,True,False
1600,act_dep_time,pattern_violation,5:58aDec 1,6:08 a.m.,0,,,True,True,True,True,False
1601,act_dep_time,pattern_violation,11:30aDec 1,11:30 a.m.,0,,,True,True,True,True,False
1603,act_dep_time,pattern_violation,7:28aDec 1,8:04 a.m.,0,,,True,True,True,True,False
1606,act_dep_time,pattern_violation,11:47aDec 1,12:13 p.m.,0,,,True,True,True,True,False
1607,act_dep_time,pattern_violation,11:51aDec 1,3:11 a.m.,0,,,True,True,True,True,False
1610,act_dep_time,pattern_violation,5:59aDec 1,6:56 a.m.,0,,,True,True,True,True,False
1611,act_dep_time,pattern_violation,7:10aDec 1,7:30 a.m.,0,,,True,True,True,True,False
1613,act_dep_time,pattern_violation,7:22aDec 1,7:39 a.m.,0,,,True,True,True,True,False
1615,act_dep_time,pattern_violation,7:07aDec 1,7:05 a.m.,0,,,True,True,True,True,False
1618,act_dep_time,pattern_violation,Not Available,9:00 p.m.,0,,,True,True,True,True,False
1620,act_dep_time,pattern_violation,6:56aDec 1,7:22 a.m.,0,,,True,True,True,True,False
1621,act_dep_time,pattern_violation,8:31aDec 1,8:51 a.m.,0,,,True,True,True,True,False
1623,act_dep_time,pattern_violation,Not Available,1:30 p.m.,0,,,True,True,True,True,False
1630,act_dep_time,pattern_violation,8:52aDec 1,8:52 a.m.,0,,,True,True,True,True,False
1631,act_dep_time,pattern_violation,7:14aDec 1,7:39 a.m.,0,,,True,True,True,True,False
1632,act_dep_time,pattern_violation,8:32aDec 1,8:56 a.m.,0,,,True,True,True,True,False
1633,act_dep_time,pattern_violation,11:20aDec 1,11:40 a.m.,0,,,True,True,True,True,False
1636,act_dep_time,pattern_violation,6:41aDec 1,6:57 a.m.,0,,,True,True,True,True,False
1733,act_dep_time,pattern_violation,12:35 p.m. Delayed,12:35 p.m.,0,,,True,True,True,True,False
1737,act_dep_time,pattern_violation,1:32 p.m. Delayed,1:32 p.m.,0,,,True,True,True,True,False
1739,act_dep_time,pattern_violation,4:28 p.m. Delayed,4:28 p.m.,0,,,True,True,True,True,False
1743,act_dep_time,pattern_violation,1:48 p.m. Delayed,1:48 p.m.,0,,,True,True,True,True,False
1747,act_dep_time,pattern_violation,11:08 p.m. On Time,11:08 p.m.,0,,,True,True,True,True,False
1752,act_dep_time,pattern_violation,9:16 a.m. Delayed,9:16 a.m.,0,,,True,True,True,True,False
1865,act_dep_time,pattern_violation,6:47 p.m. (Estimated runway),6:30 p.m.,0,,,True,True,True,True,False
1868,act_dep_time,pattern_violation,11:29 p.m. (Estimated runway),11:25 p.m.,0,,,True,True,True,True,False
1903,act_dep_time,pattern_violation,7:15 p.m. (Estimated),7:15 p.m.,0,,,True,True,True,True,False
1918,act_dep_time,pattern_violation,12:10 a.m. (Estimated runway),11:55 p.m.,0,,,True,True,True,True,False
1919,act_dep_time,pattern_violation,4:28 p.m. (Estimated runway),4:25 p.m.,0,,,True,True,True,True,False
1920,act_dep_time,pattern_violation,9:06 p.m. (Estimated runway),9:00 p.m.,0,,,True,True,True,True,False
1921,act_dep_time,pattern_violation,8:29 p.m. (Estimated runway),8:25 p.m.,0,,,True,True,True,True,False
1929,act_dep_time,pattern_violation,5:30 p.m. (Estimated),5:30 p.m.,0,,,True,True,True,True,False
2325,act_dep_time,pattern_violation,6:47 p.m. (Estimated runway),6:30 p.m.,0,,,True,True,True,True,False
2326,act_dep_time,pattern_violation,7:15 p.m. (Estimated),7:15 p.m.,0,,,True,True,True,True,False
2328,act_dep_time,pattern_violation,11:29 p.m. (Estimated runway),11:25 p.m.,0,,,True,True,True,True,False
2355,act_dep_time,pattern_violation,12:10 a.m. (Estimated runway),11:55 p.m.,0,,,True,True,True,True,False
2356,act_dep_time,pattern_violation,4:28 p.m. (Estimated runway),4:25 p.m.,0,,,True,True,True,True,False
2357,act_dep_time,pattern_violation,9:06 p.m. (Estimated runway),9:00 p.m.,0,,,True,True,True,True,False
2358,act_dep_time,pattern_violation,8:29 p.m. (Estimated runway),8:25 p.m.,0,,,True,True,True,True,False
2362,act_dep_time,pattern_violation,1:41 p.m. (Estimated runway),1:30 p.m.,0,,,True,True,True,True,False
5,sched_arr_time,pattern_violation,12/02/2011 6:55 a.m.,6:55 a.m.,0,,,True,True,True,True,False
31,sched_arr_time,pattern_violation,12/02/2011 5:50 a.m.,5:50 a.m.,0,,,True,True,True,True,False
32,sched_arr_time,pattern_violation,12/02/2011 12:15 a.m.,12:15 a.m.,0,,,True,True,True,True,False
96,sched_arr_time,pattern_violation,12/2/11 12:21 a.m.,12:21 a.m.,0,,,True,True,True,True,False
122,sched_arr_time,pattern_violation,12/2/11 5:11 a.m.,5:11 a.m.,0,,,True,True,True,True,False
160,sched_arr_time,pattern_violation,6:55 a.m. Dec 02,6:55 a.m.,0,,,True,True,True,True,False
195,sched_arr_time,pattern_violation,12:21 a.m. Dec 02,12:21 a.m.,0,,,True,True,True,True,False
210,sched_arr_time,pattern_violation,5:50 a.m.Dec 02,5:50 a.m.,0,,,True,True,True,True,False
211,sched_arr_time,pattern_violation,12:29 a.m. Dec 02,12:29 a.m.,0,,,True,True,True,True,False
212,sched_arr_time,pattern_violation,12:15 a.m. Dec 02,12:15 a.m.,0,,,True,True,True,True,False
220,sched_arr_time,pattern_violation,5:11 a.m.Dec 02,5:11 a.m.,0,,,True,True,True,True,False
383,sched_arr_time,pattern_violation,12/2/11 12:21 a.m.,12:21 a.m.,0,,,True,True,True,True,False
409,sched_arr_time,pattern_violation,12/2/11 5:11 a.m.,5:11 a.m.,0,,,True,True,True,True,False
447,sched_arr_time,pattern_violation,6:55 a.m. Dec 02,6:55 a.m.,0,,,True,True,True,True,False
482,sched_arr_time,pattern_violation,12:21 a.m. Dec 02,12:21 a.m.,0,,,True,True,True,True,False
497,sched_arr_time,pattern_violation,5:50 a.m. Dec 02,5:50 a.m.,0,,,True,True,True,True,False
498,sched_arr_time,pattern_violation,12:29 a.m. Dec 02,12:29 a.m.,0,,,True,True,True,True,False
499,sched_arr_time,pattern_violation,12:15 a.m. Dec 02,12:15 a.m.,0,,,True,True,True,True,False
507,sched_arr_time,pattern_violation,5:11 a.m.Dec 02,5:11 a.m.,0,,,True,True,True,True,False
639,sched_arr_time,pattern_violation,6:55 a.m. Dec 02,6:55 a.m.,0,,,True,True,True,True,False
674,sched_arr_time,pattern_violation,12:21 a.m. Dec 02,12:21 a.m.,0,,,True,True,True,True,False
689,sched_arr_time,pattern_violation,5:50 a.m. Dec 02,5:50 a.m.,0,,,True,True,True,True,False
690,sched_arr_time,pattern_violation,12:29 a.m. Dec 02,12:29 a.m.,0,,,True,True,True,True,False
691,sched_arr_time,pattern_violation,12:15 a.m. Dec 02,12:15 a.m.,0,,,True,True,True,True,False
699,sched_arr_time,pattern_violation,5:11 a.m.Dec 02,5:11 a.m.,0,,,True,True,True,True,False
737,sched_arr_time,pattern_violation,12/2/2011 6:55 a.m.,6:55 a.m.,0,,,True,True,True,True,False
771,sched_arr_time,pattern_violation,12/2/2011 5:50 a.m.,5:50 a.m.,0,,,True,True,True,True,False
772,sched_arr_time,pattern_violation,12/2/2011 12:15 a.m.,12:15 a.m.,0,,,True,True,True,True,False
783,sched_arr_time,pattern_violation,12/2/2011 12:29 a.m.,12:29 a.m.,0,,,True,True,True,True,False
792,sched_arr_time,pattern_violation,2:45P 12-01-11,2:45 p.m.,0,,,True,True,True,True,False
793,sched_arr_time,pattern_violation,10:34A 12-01-11,10:34 a.m.,0,,,True,True,True,True,False
794,sched_arr_time,pattern_violation,7:55P 12-01-11,7:55 p.m.,0,,,True,True,True,True,False
795,sched_arr_time,pattern_violation,9:20A 12-01-11,9:20 a.m.,0,,,True,True,True,True,False
796,sched_arr_time,pattern_violation,11:10A 12-01-11,11:10 a.m.,0,,,True,True,True,True,False
803,sched_arr_time,pattern_violation,Thu 22:15,10:15 p.m.,0,,,True,True,True,True,False
804,sched_arr_time,pattern_violation,Thu 17:55,5:55 p.m.,0,,,True,True,True,True,False
805,sched_arr_time,pattern_violation,Thu 19:25,7:25 p.m.,0,,,True,True,True,True,False
806,sched_arr_time,pattern_violation,Thu 7:45,7:45 a.m.,0,,,True,True,True,True,False
807,sched_arr_time,pattern_violation,Thu 6:55,6:55 a.m.,0,,,True,True,True,True,False
809,sched_arr_time,pattern_violation,Thu 10:35,10:35 a.m.,0,,,True,True,True,True,False
810,sched_arr_time,pattern_violation,Thu 12:18,12:18 p.m.,0,,,True,True,True,True,False
821,sched_arr_time,pattern_violation,6:55 a.m. Fri 02-Dec-2011,6:55 a.m.,0,,,True,True,True,True,False
856,sched_arr_time,pattern_violation,12:21 a.m. Fri 02-Dec-2011,12:21 a.m.,0,,,True,True,True,True,False
871,sched_arr_time,pattern_violation,5:50 a.m. Fri 02-Dec-2011,5:50 a.m.,0,,,True,True,True,True,False
872,sched_arr_time,pattern_violation,12:29 a.m. Fri 02-Dec-2011,12:29 a.m.,0,,,True,True,True,True,False
873,sched_arr_time,pattern_violation,12:15 a.m. Fri 02-Dec-2011,12:15 a.m.,0,,,True,True,True,True,False
947,sched_arr_time,pattern_violation,5:11 a.m.Dec 02,5:11 a.m.,0,,,True,True,True,True,False
991,sched_arr_time,pattern_violation,Not Available,11:55 a.m.,0,,,True,True,True,True,False
992,sched_arr_time,pattern_violation,Not Available,9:54 a.m.,0,,,True,True,True,True,False
998,sched_arr_time,pattern_violation,Dec 02 6:55 a.m.,6:55 a.m.,0,,,True,True,True,True,False
999,sched_arr_time,pattern_violation,Not Available,7:23 a.m.,0,,,True,True,True,True,False
1003,sched_arr_time,pattern_violation,Not Available,10:06 a.m.,0,,,True,True,True,True,False
1025,sched_arr_time,pattern_violation,Dec 02 12:21 a.m.,12:21 a.m.,0,,,True,True,True,True,False
1026,sched_arr_time,pattern_violation,Not Available,7:53 p.m.,0,,,True,True,True,True,False
1034,sched_arr_time,pattern_violation,Not Available,4:31 p.m.,0,,,True,True,True,True,False
1035,sched_arr_time,pattern_violation,Dec 02 5:50 a.m.,5:50 a.m.,0,,,True,True,True,True,False
1037,sched_arr_time,pattern_violation,Dec 02 12:15 a.m.,12:15 a.m.,0,,,True,True,True,True,False
1041,sched_arr_time,pattern_violation,Not Available,6:15 p.m.,0,,,True,True,True,True,False
1042,sched_arr_time,pattern_violation,Not Available,9:24 a.m.,0,,,True,True,True,True,False
1045,sched_arr_time,pattern_violation,Not Available,9:43 a.m.,0,,,True,True,True,True,False
1046,sched_arr_time,pattern_violation,Not Available,8:27 a.m.,0,,,True,True,True,True,False
1058,sched_arr_time,pattern_violation,Not Available,1:39 p.m.,0,,,True,True,True,True,False
1080,sched_arr_time,pattern_violation,6:55 a.m. Dec 02,6:55 a.m.,0,,,True,True,True,True,False
1115,sched_arr_time,pattern_violation,12:21 a.m. Dec 02,12:21 a.m.,0,,,True,True,True,True,False
1130,sched_arr_time,pattern_violation,5:50 a.m. Dec 02,5:50 a.m.,0,,,True,True,True,True,False
1131,sched_arr_time,pattern_violation,12:29 a.m. Dec 02,12:29 a.m.,0,,,True,True,True,True,False
1132,sched_arr_time,pattern_violation,12:15 a.m. Dec 02,12:15 a.m.,0,,,True,True,True,True,False
1140,sched_arr_time,pattern_violation,5:11 a.m.Dec 02,5:11 a.m.,0,,,True,True,True,True,False
1192,sched_arr_time,pattern_violation,12:21 a.m. Dec 02,12:21 a.m.,0,,,True,True,True,True,False
1211,sched_arr_time,pattern_violation,12:29 a.m. Dec 02,12:29 a.m.,0,,,True,True,True,True,False
1269,sched_arr_time,pattern_violation,12/2/11 12:21 a.m.,12:21 a.m.,0,,,True,True,True,True,False
1295,sched_arr_time,pattern_violation,12/2/11 5:11 a.m.,5:11 a.m.,0,,,True,True,True,True,False
1323,sched_arr_time,pattern_violation,9:40aDec 1,9:40 a.m.,0,,,True,True,True,True,False
1325,sched_arr_time,pattern_violation,9:25aDec 1,9:25 a.m.,0,,,True,True,True,True,False
1326,sched_arr_time,pattern_violation,11:55aDec 1,11:55 a.m.,0,,,True,True,True,True,False
1327,sched_arr_time,pattern_violation,9:54aDec 1,9:54 a.m.,0,,,True,True,True,True,False
1332,sched_arr_time,pattern_violation,11:19aDec 1,11:19 a.m.,0,,,True,True,True,True,False
1333,sched_arr_time,pattern_violation,6:55aDec 2,6:55 a.m.,0,,,True,True,True,True,False
1334,sched_arr_time,pattern_violation,7:23aDec 1,7:23 a.m.,0,,,True,True,True,True,False
1335,sched_arr_time,pattern_violation,5:35aDec 1,5:35 a.m.,0,,,True,True,True,True,False
1337,sched_arr_time,pattern_violation,9:21aDec 2,9:21 a.m.,0,,,True,True,True,True,False
1340,sched_arr_time,pattern_violation,10:06aDec 1,10:06 a.m.,0,,,True,True,True,True,False
1341,sched_arr_time,pattern_violation,9:55aDec 1,9:55 a.m.,0,,,True,True,True,True,False
1345,sched_arr_time,pattern_violation,11:35aDec 1,11:35 a.m.,0,,,True,True,True,True,False
1349,sched_arr_time,pattern_violation,9:20aDec 1,9:20 a.m.,0,,,True,True,True,True,False
1351,sched_arr_time,pattern_violation,10:20aDec 1,10:20 a.m.,0,,,True,True,True,True,False
1352,sched_arr_time,pattern_violation,10:54aDec 1,10:54 a.m.,0,,,True,True,True,True,False
1365,sched_arr_time,pattern_violation,10:35aDec 1,10:35 a.m.,0,,,True,True,True,True,False
1368,sched_arr_time,pattern_violation,12:21aDec 2,12:21 a.m.,0,,,True,True,True,True,False
1371,sched_arr_time,pattern_violation,7:30aDec 1,7:30 a.m.,0,,,True,True,True,True,False
1372,sched_arr_time,pattern_violation,9:35aDec 1,9:35 a.m.,0,,,True,True,True,True,False
1378,sched_arr_time,pattern_violation,10:31aDec 1,10:31 a.m.,0,,,True,True,True,True,False
1383,sched_arr_time,pattern_violation,5:50aDec 2,5:50 a.m.,0,,,True,True,True,True,False
1384,sched_arr_time,pattern_violation,12:29aDec 2,12:29 a.m.,0,,,True,True,True,True,False
1385,sched_arr_time,pattern_violation,12:15aDec 2,12:15 a.m.,0,,,True,True,True,True,False
1387,sched_arr_time,pattern_violation,10:34aDec 1,10:34 a.m.,0,,,True,True,True,True,False
1388,sched_arr_time,pattern_violation,11:50aDec 1,11:50 a.m.,0,,,True,True,True,True,False
1391,sched_arr_time,pattern_violation,9:43aDec 1,9:43 a.m.,0,,,True,True,True,True,False
1392,sched_arr_time,pattern_violation,5:11aDec 2,5:11 a.m.,0,,,True,True,True,True,False
1394,sched_arr_time,pattern_violation,8:27aDec 1,8:27 a.m.,0,,,True,True,True,True,False
1402,sched_arr_time,pattern_violation,11:35aDec 1,11:35 a.m.,0,,,True,True,True,True,False
1404,sched_arr_time,pattern_violation,11:05aDec 1,11:05 a.m.,0,,,True,True,True,True,False
1405,sched_arr_time,pattern_violation,11:53aDec 1,11:53 a.m.,0,,,True,True,True,True,False
1407,sched_arr_time,pattern_violation,10:40aDec 1,10:40 a.m.,0,,,True,True,True,True,False
1409,sched_arr_time,pattern_violation,8:00aDec 1,8:00 a.m.,0,,,True,True,True,True,False
1413,sched_arr_time,pattern_violation,11:10aDec 1,11:10 a.m.,0,,,True,True,True,True,False
1417,sched_arr_time,pattern_violation,7:45aDec 1,7:45 a.m.,0,,,True,True,True,True,False
1419,sched_arr_time,pattern_violation,6:40aDec 1,6:40 a.m.,0,,,True,True,True,True,False
1420,sched_arr_time,pattern_violation,10:45aDec 1,10:45 a.m.,0,,,True,True,True,True,False
1533,sched_arr_time,pattern_violation,12/2/11 12:21 a.m.,12:21 a.m.,0,,,True,True,True,True,False
1559,sched_arr_time,pattern_violation,12/2/11 5:11 a.m.,5:11 a.m.,0,,,True,True,True,True,False
1589,sched_arr_time,pattern_violation,9:54aDec 1,9:54 a.m.,0,,,True,True,True,True,False
1592,sched_arr_time,pattern_violation,11:19aDec 1,11:19 a.m.,0,,,True,True,True,True,False
1593,sched_arr_time,pattern_violation,6:55aDec 2,6:55 a.m.,0,,,True,True,True,True,False
1594,sched_arr_time,pattern_violation,5:35aDec 1,5:35 a.m.,0,,,True,True,True,True,False
1597,sched_arr_time,pattern_violation,9:55aDec 1,9:55 a.m.,0,,,True,True,True,True,False
1600,sched_arr_time,pattern_violation,9:20aDec 1,9:20 a.m.,0,,,True,True,True,True,False
1603,sched_arr_time,pattern_violation,8:00aDec 1,8:00 a.m.,0,,,True,True,True,True,False
1610,sched_arr_time,pattern_violation,7:30aDec 1,7:30 a.m.,0,,,True,True,True,True,False
1611,sched_arr_time,pattern_violation,9:35aDec 1,9:35 a.m.,0,,,True,True,True,True,False
1613,sched_arr_time,pattern_violation,11:10aDec 1,11:10 a.m.,0,,,True,True,True,True,False
1615,sched_arr_time,pattern_violation,10:31aDec 1,10:31 a.m.,0,,,True,True,True,True,False
1617,sched_arr_time,pattern_violation,12:29aDec 2,12:29 a.m.,0,,,True,True,True,True,False
1618,sched_arr_time,pattern_violation,Dec 02 12:15 a.m.,12:15 a.m.,0,,,True,True,True,True,False
1620,sched_arr_time,pattern_violation,10:34aDec 1,10:34 a.m.,0,,,True,True,True,True,False
1621,sched_arr_time,pattern_violation,11:50aDec 1,11:50 a.m.,0,,,True,True,True,True,False
1622,sched_arr_time,pattern_violation,Not Available,6:15 p.m.,0,,,True,True,True,True,False
1625,sched_arr_time,pattern_violation,5:11aDec 2,5:11 a.m.,0,,,True,True,True,True,False
1628,sched_arr_time,pattern_violation,Not Available,9:43 a.m.,0,,,True,True,True,True,False
1630,sched_arr_time,pattern_violation,11:53aDec 1,11:53 a.m.,0,,,True,True,True,True,False
1631,sched_arr_time,pattern_violation,10:45aDec 1,10:45 a.m.,0,,,True,True,True,True,False
1632,sched_arr_time,pattern_violation,10:40aDec 1,10:40 a.m.,0,,,True,True,True,True,False
1636,sched_arr_time,pattern_violation,7:45aDec 1,7:45 a.m.,0,,,True,True,True,True,False
1642,sched_arr_time,pattern_violation,11/30 9:45 p.m.,9:45 p.m.,0,,,True,True,True,True,False
1643,sched_arr_time,pattern_violation,11/30 7:35 p.m.,7:35 p.m.,0,,,True,True,True,True,False
1645,sched_arr_time,pattern_violation,11/30 9:10 p.m.,9:10 p.m.,0,,,True,True,True,True,False
1649,sched_arr_time,pattern_violation,11/30 6:40 p.m.,6:40 p.m.,0,,,True,True,True,True,False
1651,sched_arr_time,pattern_violation,11/30 5:25 p.m.,5:25 p.m.,0,,,True,True,True,True,False
1653,sched_arr_time,pattern_violation,11/30 10:30 p.m.,10:30 p.m.,0,,,True,True,True,True,False
1657,sched_arr_time,pattern_violation,11/30 5:15 p.m.,5:15 p.m.,0,,,True,True,True,True,False
1660,sched_arr_time,pattern_violation,11/30 7:53 p.m.,7:53 p.m.,0,,,True,True,True,True,False
1744,sched_arr_time,pattern_violation,Fri Dec 2 12:29 a.m.,12:29 a.m.,0,,,True,True,True,True,False
1747,sched_arr_time,pattern_violation,Fri Dec 2 5:11 a.m.,5:11 a.m.,0,,,True,True,True,True,False
1768,sched_arr_time,pattern_violation,6:55 a.m. Fri 02-Dec-2011,6:55 a.m.,0,,,True,True,True,True,False
1803,sched_arr_time,pattern_violation,12:21 a.m. Fri 02-Dec-2011,12:21 a.m.,0,,,True,True,True,True,False
1818,sched_arr_time,pattern_violation,5:50 a.m. Fri 02-Dec-2011,5:50 a.m.,0,,,True,True,True,True,False
1819,sched_arr_time,pattern_violation,12:29 a.m. Fri 02-Dec-2011,12:29 a.m.,0,,,True,True,True,True,False
1820,sched_arr_time,pattern_violation,12:15 a.m. Fri 02-Dec-2011,12:15 a.m.,0,,,True,True,True,True,False
1960,sched_arr_time,pattern_violation,6:55 a.m. Dec 02,6:55 a.m.,0,,,True,True,True,True,False
1995,sched_arr_time,pattern_violation,12:21 a.m. Dec 02,12:21 a.m.,0,,,True,True,True,True,False
2010,sched_arr_time,pattern_violation,5:50 a.m. Dec 02,5:50 a.m.,0,,,True,True,True,True,False
2011,sched_arr_time,pattern_violation,12:29 a.m. Dec 02,12:29 a.m.,0,,,True,True,True,True,False
2012,sched_arr_time,pattern_violation,12:15 a.m. Dec 02,12:15 a.m.,0,,,True,True,True,True,False
2020,sched_arr_time,pattern_violation,5:11 a.m.Dec 02,5:11 a.m.,0,,,True,True,True,True,False
2060,sched_arr_time,pattern_violation,6:55 a.m. Fri 02-Dec-2011,6:55 a.m.,0,,,True,True,True,True,False
2095,sched_arr_time,pattern_violation,12:21 a.m. Fri 02-Dec-2011,12:21 a.m.,0,,,True,True,True,True,False
2110,sched_arr_time,pattern_violation,5:50 a.m. Fri 02-Dec-2011,5:50 a.m.,0,,,True,True,True,True,False
2111,sched_arr_time,pattern_violation,12:29 a.m. Fri 02-Dec-2011,12:29 a.m.,0,,,True,True,True,True,False
2112,sched_arr_time,pattern_violation,12:15 a.m. Fri 02-Dec-2011,12:15 a.m.,0,,,True,True,True,True,False
2165,sched_arr_time,pattern_violation,6:55 a.m. Dec 02,6:55 a.m.,0,,,True,True,True,True,False
2200,sched_arr_time,pattern_violation,12:21 a.m. Dec 02,12:21 a.m.,0,,,True,True,True,True,False
2215,sched_arr_time,pattern_violation,5:50 a.m. Dec 02,5:50 a.m.,0,,,True,True,True,True,False
2216,sched_arr_time,pattern_violation,12:29 a.m. Dec 02,12:29 a.m.,0,,,True,True,True,True,False
2217,sched_arr_time,pattern_violation,12:15 a.m. Dec 02,12:15 a.m.,0,,,True,True,True,True,False
2225,sched_arr_time,pattern_violation,5:11 a.m.Dec 02,5:11 a.m.,0,,,True,True,True,True,False
60,act_arr_time,pattern_violation,12/2/11 6:35 a.m.,6:55 a.m.,0,,,True,True,True,True,False
113,act_arr_time,pattern_violation,12/2/11 12:01 a.m.,12:29 a.m.,0,,,True,True,True,True,False
155,act_arr_time,pattern_violation,10:39 p.m.(Estimated),10:30 p.m.,0,,,True,True,False,True,False
160,act_arr_time,pattern_violation,Not Available,6:55 a.m.,0,,,True,True,True,True,False
193,act_arr_time,pattern_violation,Not Available,7:25 p.m.,0,,,True,True,True,True,False
195,act_arr_time,pattern_violation,Not Available,12:21 a.m.,0,,,True,True,True,True,False
211,act_arr_time,pattern_violation,Not Available,12:29 a.m.,0,,,True,True,True,True,False
212,act_arr_time,pattern_violation,Not Available,12:15 a.m.,0,,,True,True,True,True,False
213,act_arr_time,pattern_violation,Not Available,11:50 p.m.,0,,,True,True,True,True,False
217,act_arr_time,pattern_violation,Not Available,3:50 p.m.,0,,,True,True,True,True,False
347,act_arr_time,pattern_violation,12/2/11 6:35 a.m.,6:55 a.m.,0,,,True,True,True,True,False
400,act_arr_time,pattern_violation,12/2/11 12:01 a.m.,12:29 a.m.,0,,,True,True,True,True,False
542,act_arr_time,pattern_violation,10:30 p.m. (Estimated),10:30 p.m.,0,,,True,True,True,True,False
544,act_arr_time,pattern_violation,7:25 p.m. (Estimated runway),7:25 p.m.,0,,,True,True,True,True,False
547,act_arr_time,pattern_violation,6:35 a.m. (Estimated runway),6:55 a.m.,0,,,True,True,True,True,False
568,act_arr_time,pattern_violation,3:20 p.m. (runway),3:30 p.m.,0,,,True,True,True,True,False
573,act_arr_time,pattern_violation,9:52 p.m. (Estimated),9:52 p.m.,0,,,True,True,True,True,False
582,act_arr_time,pattern_violation,12:21 a.m. (Estimated),12:21 a.m.,0,,,True,True,True,True,False
597,act_arr_time,pattern_violation,5:42 a.m. (Estimated runway),5:50 a.m.,0,,,True,True,True,True,False
598,act_arr_time,pattern_violation,12:01 a.m. (Estimated runway),12:29 a.m.,0,,,True,True,True,True,False
599,act_arr_time,pattern_violation,11:49 p.m. (Estimated runway),12:15 a.m.,0,,,True,True,True,True,False
600,act_arr_time,pattern_violation,11:35 p.m. (Estimated runway),11:50 p.m.,0,,,True,True,True,True,False
608,act_arr_time,pattern_violation,6:40 p.m. (Estimated),6:40 p.m.,0,,,True,True,True,True,False
610,act_arr_time,pattern_violation,9:19 p.m. (Estimated),9:20 p.m.,0,,,True,True,True,True,False
792,act_arr_time,pattern_violation,2:46P,2:46 p.m.,0,,,True,True,True,True,False
793,act_arr_time,pattern_violation,10:08A,10:04 a.m.,0,,,True,True,True,True,False
794,act_arr_time,pattern_violation,7:39P,7:39 p.m.,0,,,True,True,True,True,False
795,act_arr_time,pattern_violation,9:04A,9:05 a.m.,0,,,True,True,True,True,False
796,act_arr_time,pattern_violation,11:06A,11:06 a.m.,0,,,True,True,True,True,False
803,act_arr_time,pattern_violation,Thu 22:25,10:29 p.m.,0,,,True,True,True,True,False
804,act_arr_time,pattern_violation,Thu 17:40,5:43 p.m.,0,,,True,True,True,True,False
805,act_arr_time,pattern_violation,Thu 19:33,7:25 p.m.,0,,,True,True,True,True,False
806,act_arr_time,pattern_violation,Thu 7:31,7:40 a.m.,0,,,True,True,True,True,False
807,act_arr_time,pattern_violation,Thu 6:50,6:55 a.m.,0,,,True,True,True,True,False
809,act_arr_time,pattern_violation,Thu 10:28,10:36 a.m.,0,,,True,True,True,True,False
842,act_arr_time,pattern_violation,3:20 p.m. (Runway),3:30 p.m.,0,,,True,True,True,True,False
932,act_arr_time,pattern_violation,12:21 a.m. (Estimated),12:21 a.m.,0,,,True,True,True,True,False
942,act_arr_time,pattern_violation,12:01 a.m. (Estimated runway),12:29 a.m.,0,,,True,True,True,True,False
943,act_arr_time,pattern_violation,11:35 p.m. (Estimated runway),11:50 p.m.,0,,,True,True,True,True,False
951,act_arr_time,pattern_violation,9:19 p.m. (Estimated),9:20 p.m.,0,,,True,True,True,True,False
993,act_arr_time,pattern_violation,10:30 p.m.*,10:30 p.m.,0,,,True,True,True,True,False
994,act_arr_time,pattern_violation,Not Available,7:25 p.m.,0,,,True,True,True,True,False
996,act_arr_time,pattern_violation,Contact Airline,5:17 p.m.,0,,,True,True,True,True,False
998,act_arr_time,pattern_violation,Dec 02 Not Available,6:55 a.m.,0,,,True,True,True,True,False
1001,act_arr_time,pattern_violation,Contact Airline,6:28 p.m.,0,,,True,True,True,True,False
1008,act_arr_time,pattern_violation,Contact Airline,5:05 p.m.,0,,,True,True,True,True,False
1018,act_arr_time,pattern_violation,Contact Airline,1:15 p.m.,0,,,True,True,True,True,False
1025,act_arr_time,pattern_violation,Dec 02 Contact Airline,12:21 a.m.,0,,,True,True,True,True,False
1030,act_arr_time,pattern_violation,Contact Airline,6:38 p.m.,0,,,True,True,True,True,False
1032,act_arr_time,pattern_violation,Contact Airline,10:47 a.m.,0,,,True,True,True,True,False
1035,act_arr_time,pattern_violation,Dec 02 Not Available,5:50 a.m.,0,,,True,True,True,True,False
1036,act_arr_time,pattern_violation,Not Available,12:29 a.m.,0,,,True,True,True,True,False
1037,act_arr_time,pattern_violation,Dec 02 Not Available,12:15 a.m.,0,,,True,True,True,True,False
1038,act_arr_time,pattern_violation,Not Available,11:50 p.m.,0,,,True,True,True,True,False
1043,act_arr_time,pattern_violation,Not Available,3:50 p.m.,0,,,True,True,True,True,False
1047,act_arr_time,pattern_violation,Contact Airline,2:00 p.m.,0,,,True,True,True,True,False
1048,act_arr_time,pattern_violation,9:19 p.m.*,9:20 p.m.,0,,,True,True,True,True,False
1049,act_arr_time,pattern_violation,Contact Airline,4:44 p.m.,0,,,True,True,True,True,False
1050,act_arr_time,pattern_violation,Contact Airline,7:10 p.m.,0,,,True,True,True,True,False
1054,act_arr_time,pattern_violation,Contact Airline,4:47 p.m.,0,,,True,True,True,True,False
1056,act_arr_time,pattern_violation,Contact Airline,12:09 p.m.,0,,,True,True,True,True,False
1063,act_arr_time,pattern_violation,Contact Airline,5:38 p.m.,0,,,True,True,True,True,False
1192,act_arr_time,pattern_violation,Not Available,12:21 a.m.,0,,,True,True,True,True,False
1199,act_arr_time,pattern_violation,5:42 a.m. (Estimated runway),5:50 a.m.,0,,,True,True,True,True,False
1211,act_arr_time,pattern_violation,Not Available,12:29 a.m.,0,,,True,True,True,True,False
1233,act_arr_time,pattern_violation,12/2/11 6:35 a.m.,6:55 a.m.,0,,,True,True,True,True,False
1286,act_arr_time,pattern_violation,12/2/11 12:01 a.m.,12:29 a.m.,0,,,True,True,True,True,False
1323,act_arr_time,pattern_violation,9:32aDec 1,9:32 a.m.,0,,,True,True,True,True,False
1325,act_arr_time,pattern_violation,9:28aDec 1,9:28 a.m.,0,,,True,True,True,True,False
1326,act_arr_time,pattern_violation,11:58aDec 1,11:58 a.m.,0,,,True,True,True,True,False
1334,act_arr_time,pattern_violation,7:17aDec 1,7:17 a.m.,0,,,True,True,True,True,False
1335,act_arr_time,pattern_violation,5:26aDec 1,5:26 a.m.,0,,,True,True,True,True,False
1340,act_arr_time,pattern_violation,9:56aDec 1,9:56 a.m.,0,,,True,True,True,True,False
1341,act_arr_time,pattern_violation,9:45aDec 1,9:45 a.m.,0,,,True,True,True,True,False
1345,act_arr_time,pattern_violation,11:32aDec 1,11:32 a.m.,0,,,True,True,True,True,False
1349,act_arr_time,pattern_violation,9:05aDec 1,9:05 a.m.,0,,,True,True,True,True,False
1351,act_arr_time,pattern_violation,10:27aDec 1,10:27 a.m.,0,,,True,True,True,True,False
1352,act_arr_time,pattern_violation,10:56aDec 1,10:56 a.m.,0,,,True,True,True,True,False
1353,act_arr_time,pattern_violation,11:56aDec 1,11:56 a.m.,0,,,True,True,True,True,False
1365,act_arr_time,pattern_violation,10:36aDec 1,10:36 a.m.,0,,,True,True,True,True,False
1371,act_arr_time,pattern_violation,7:51aDec 1,7:51 a.m.,0,,,True,True,True,True,False
1372,act_arr_time,pattern_violation,9:31aDec 1,9:31 a.m.,0,,,True,True,True,True,False
1378,act_arr_time,pattern_violation,10:47aDec 1,10:47 a.m.,0,,,True,True,True,True,False
1387,act_arr_time,pattern_violation,10:04aDec 1,10:04 a.m.,0,,,True,True,True,True,False
1388,act_arr_time,pattern_violation,11:44aDec 1,11:44 a.m.,0,,,True,True,True,True,False
1391,act_arr_time,pattern_violation,8:45aDec 1,8:45 a.m.,0,,,True,True,True,True,False
1394,act_arr_time,pattern_violation,8:02aDec 1,8:02 a.m.,0,,,True,True,True,True,False
1402,act_arr_time,pattern_violation,11:06aDec 1,11:06 a.m.,0,,,True,True,True,True,False
1404,act_arr_time,pattern_violation,11:01aDec 1,11:01 a.m.,0,,,True,True,True,True,False
1407,act_arr_time,pattern_violation,10:16aDec 1,10:16 a.m.,0,,,True,True,True,True,False
1409,act_arr_time,pattern_violation,8:06aDec 1,8:06 a.m.,0,,,True,True,True,True,False
1413,act_arr_time,pattern_violation,11:06aDec 1,11:06 a.m.,0,,,True,True,True,True,False
1417,act_arr_time,pattern_violation,7:40aDec 1,7:40 a.m.,0,,,True,True,True,True,False
1419,act_arr_time,pattern_violation,6:19aDec 1,6:19 a.m.,0,,,True,True,True,True,False
1420,act_arr_time,pattern_violation,11:12aDec 1,11:12 a.m.,0,,,True,True,True,True,False
1459,act_arr_time,pattern_violation,12:01 a.m. (Estimated runway),12:29 a.m.,0,,,True,True,True,True,False
1461,act_arr_time,pattern_violation,11:49 p.m. (Estimated runway),12:15 a.m.,0,,,True,True,True,True,False
1464,act_arr_time,pattern_violation,10:30 p.m. (Estimated),10:30 p.m.,0,,,True,True,True,True,False
1473,act_arr_time,pattern_violation,9:19 p.m. (Estimated),9:20 p.m.,0,,,True,True,True,True,False
1479,act_arr_time,pattern_violation,12:21 a.m. (Estimated),12:21 a.m.,0,,,True,True,True,True,False
1497,act_arr_time,pattern_violation,12/2/11 6:35 a.m.,6:55 a.m.,0,,,True,True,True,True,False
1550,act_arr_time,pattern_violation,12/2/11 12:01 a.m.,12:29 a.m.,0,,,True,True,True,True,False
1591,act_arr_time,pattern_violation,Contact Airline,5:17 p.m.,0,,,True,True,True,True,False
1594,act_arr_time,pattern_violation,5:26aDec 1,5:26 a.m.,0,,,True,True,True,True,False
1597,act_arr_time,pattern_violation,9:45aDec 1,9:45 a.m.,0,,,True,True,True,True,False
1600,act_arr_time,pattern_violation,9:05aDec 1,9:05 a.m.,0,,,True,True,True,True,False
1603,act_arr_time,pattern_violation,8:06aDec 1,8:06 a.m.,0,,,True,True,True,True,False
1610,act_arr_time,pattern_violation,7:51aDec 1,7:51 a.m.,0,,,True,True,True,True,False
1611,act_arr_time,pattern_violation,9:31aDec 1,9:31 a.m.,0,,,True,True,True,True,False
1613,act_arr_time,pattern_violation,11:06aDec 1,11:06 a.m.,0,,,True,True,True,True,False
1615,act_arr_time,pattern_violation,10:47aDec 1,10:47 a.m.,0,,,True,True,True,True,False
1618,act_arr_time,pattern_violation,Dec 02 Not Available,12:15 a.m.,0,,,True,True,True,True,False
1620,act_arr_time,pattern_violation,10:04aDec 1,10:04 a.m.,0,,,True,True,True,True,False
1621,act_arr_time,pattern_violation,11:44aDec 1,11:44 a.m.,0,,,True,True,True,True,False
1623,act_arr_time,pattern_violation,Not Available,3:50 p.m.,0,,,True,True,True,True,False
1631,act_arr_time,pattern_violation,11:12aDec 1,11:12 a.m.,0,,,True,True,True,True,False
1632,act_arr_time,pattern_violation,10:16aDec 1,10:16 a.m.,0,,,True,True,True,True,False
1636,act_arr_time,pattern_violation,7:40aDec 1,7:40 a.m.,0,,,True,True,True,True,False
1744,act_arr_time,pattern_violation,Fri Dec 2 12:29 a.m.,12:29 a.m.,0,,,True,True,True,True,False
1747,act_arr_time,pattern_violation,Fri Dec 2 5:11 a.m.,5:11 a.m.,0,,,True,True,True,True,False
1789,act_arr_time,pattern_violation,3:20 p.m. (Runway),3:30 p.m.,0,,,True,True,True,True,False
1863,act_arr_time,pattern_violation,10:30 p.m. (Estimated),10:30 p.m.,0,,,True,True,True,True,False
1865,act_arr_time,pattern_violation,7:25 p.m. (Estimated runway),7:25 p.m.,0,,,True,True,True,True,False
1868,act_arr_time,pattern_violation,6:35 a.m. (Estimated runway),6:55 a.m.,0,,,True,True,True,True,False
1889,act_arr_time,pattern_violation,3:20 p.m. (runway),3:30 p.m.,0,,,True,True,True,True,False
1894,act_arr_time,pattern_violation,9:52 p.m. (Estimated),9:52 p.m.,0,,,True,True,True,True,False
1903,act_arr_time,pattern_violation,12:21 a.m. (Estimated),12:21 a.m.,0,,,True,True,True,True,False
1918,act_arr_time,pattern_violation,5:42 a.m. (Estimated runway),5:50 a.m.,0,,,True,True,True,True,False
1919,act_arr_time,pattern_violation,12:01 a.m. (Estimated runway),12:29 a.m.,0,,,True,True,True,True,False
1920,act_arr_time,pattern_violation,11:49 p.m. (Estimated runway),12:15 a.m.,0,,,True,True,True,True,False
1921,act_arr_time,pattern_violation,11:35 p.m. (Estimated runway),11:50 p.m.,0,,,True,True,True,True,False
1929,act_arr_time,pattern_violation,6:40 p.m. (Estimated),6:40 p.m.,0,,,True,True,True,True,False
1931,act_arr_time,pattern_violation,9:19 p.m. (Estimated),9:20 p.m.,0,,,True,True,True,True,False
2081,act_arr_time,pattern_violation,3:20 p.m. (Runway),3:30 p.m.,0,,,True,True,True,True,False
2324,act_arr_time,pattern_violation,10:30 p.m. (Estimated),10:30 p.m.,0,,,True,True,True,True,False
2325,act_arr_time,pattern_violation,7:25 p.m. (Estimated runway),7:25 p.m.,0,,,True,True,True,True,False
2326,act_arr_time,pattern_violation,12:21 a.m. (Estimated),12:21 a.m.,0,,,True,True,True,True,False
2328,act_arr_time,pattern_violation,6:35 a.m. (Estimated runway),6:55 a.m.,0,,,True,True,True,True,False
2339,act_arr_time,pattern_violation,3:20 p.m. (runway),3:30 p.m.,0,,,True,True,True,True,False
2355,act_arr_time,pattern_violation,5:42 a.m. (Estimated runway),5:50 a.m.,0,,,True,True,True,True,False
2356,act_arr_time,pattern_violation,12:01 a.m. (Estimated runway),12:29 a.m.,0,,,True,True,True,True,False
2357,act_arr_time,pattern_violation,11:49 p.m. (Estimated runway),12:15 a.m.,0,,,True,True,True,True,False
2358,act_arr_time,pattern_violation,11:35 p.m. (Estimated runway),11:50 p.m.,0,,,True,True,True,True,False
2362,act_arr_time,pattern_violation,3:29 p.m. (Estimated runway),3:50 p.m.,0,,,True,True,True,True,False
50,sched_dep_time,missing_value,,7:10 a.m.,1,,,True,True,True,True,False
52,sched_dep_time,missing_value,,6:40 a.m.,1,,,True,True,True,True,False
53,sched_dep_time,missing_value,,8:00 a.m.,1,,,True,True,True,True,False
54,sched_dep_time,missing_value,,8:41 a.m.,1,,,True,True,True,True,False
55,sched_dep_time,missing_value,,7:45 p.m.,1,,,True,True,True,True,False
56,sched_dep_time,missing_value,,3:27 p.m.,1,,,True,True,True,True,False
58,sched_dep_time,missing_value,,11:25 a.m.,1,,,True,True,True,True,False
59,sched_dep_time,missing_value,,10:39 a.m.,1,,,True,True,True,True,False
60,sched_dep_time,missing_value,,11:25 p.m.,1,,,True,True,True,True,False
61,sched_dep_time,missing_value,,6:00 a.m.,1,,,True,True,True,True,False
63,sched_dep_time,missing_value,,4:00 p.m.,1,,,True,True,True,True,False
66,sched_dep_time,missing_value,,9:05 a.m.,1,,,True,True,True,True,False
67,sched_dep_time,missing_value,,8:15 a.m.,1,,,True,True,True,True,False
68,sched_dep_time,missing_value,,7:00 a.m.,1,,,True,True,True,True,False
69,sched_dep_time,missing_value,,4:15 p.m.,1,,,True,True,True,True,False
70,sched_dep_time,missing_value,,10:45 a.m.,1,,,True,True,True,True,False
73,sched_dep_time,missing_value,,2:55 p.m.,1,,,True,True,True,True,False
74,sched_dep_time,missing_value,,11:50 a.m.,1,,,True,True,True,True,False
76,sched_dep_time,missing_value,,6:00 a.m.,1,,,True,True,True,True,False
77,sched_dep_time,missing_value,,11:05 a.m.,1,,,True,True,True,True,False
80,sched_dep_time,missing_value,,10:15 a.m.,1,,,True,True,True,True,False
81,sched_dep_time,missing_value,,1:00 p.m.,1,,,True,True,True,True,False
82,sched_dep_time,missing_value,,7:53 a.m.,1,,,True,True,True,True,False
83,sched_dep_time,missing_value,,12:30 p.m.,1,,,True,True,True,True,False
84,sched_dep_time,missing_value,,11:45 a.m.,1,,,True,True,True,True,False
85,sched_dep_time,missing_value,,2:30 p.m.,1,,,True,True,True,True,False
86,sched_dep_time,missing_value,,12:00 a.m.,1,,,True,True,True,True,False
89,sched_dep_time,missing_value,,10:40 a.m.,1,,,True,True,True,True,False
90,sched_dep_time,missing_value,,12:57 p.m.,1,,,True,True,True,True,False
92,sched_dep_time,missing_value,,7:15 a.m.,1,,,True,True,True,True,False
93,sched_dep_time,missing_value,,6:30 p.m.,1,,,True,True,True,True,False
94,sched_dep_time,missing_value,,6:45 p.m.,1,,,True,True,True,True,False
95,sched_dep_time,missing_value,,12:00 p.m.,1,,,True,True,True,True,False
97,sched_dep_time,missing_value,,1:55 p.m.,1,,,True,True,True,True,False
99,sched_dep_time,missing_value,,6:00 a.m.,1,,,True,True,True,True,False
100,sched_dep_time,missing_value,,7:10 a.m.,1,,,True,True,True,True,False
101,sched_dep_time,missing_value,,4:55 p.m.,1,,,True,True,True,True,False
102,sched_dep_time,missing_value,,7:25 a.m.,1,,,True,True,True,True,False
103,sched_dep_time,missing_value,,3:50 p.m.,1,,,True,True,True,True,False
104,sched_dep_time,missing_value,,4:16 p.m.,1,,,True,True,True,True,False
105,sched_dep_time,missing_value,,8:00 p.m.,1,,,True,True,True,True,False
107,sched_dep_time,missing_value,,7:05 a.m.,1,,,True,True,True,True,False
108,sched_dep_time,missing_value,,10:40 a.m.,1,,,True,True,True,True,False
109,sched_dep_time,missing_value,,1:33 p.m.,1,,,True,True,True,True,False
110,sched_dep_time,missing_value,,12:15 p.m.,1,,,True,True,True,True,False
112,sched_dep_time,missing_value,,11:55 p.m.,1,,,True,True,True,True,False
113,sched_dep_time,missing_value,,4:25 p.m.,1,,,True,True,True,True,False
114,sched_dep_time,missing_value,,9:00 p.m.,1,,,True,True,True,True,False
115,sched_dep_time,missing_value,,8:25 p.m.,1,,,True,True,True,True,False
116,sched_dep_time,missing_value,,6:59 a.m.,1,,,True,True,True,True,False
117,sched_dep_time,missing_value,,8:35 a.m.,1,,,True,True,True,True,False
118,sched_dep_time,missing_value,,8:29 a.m.,1,,,True,True,True,True,False
119,sched_dep_time,missing_value,,1:30 p.m.,1,,,True,True,True,True,False
121,sched_dep_time,missing_value,,7:35 a.m.,1,,,True,True,True,True,False
123,sched_dep_time,missing_value,,5:30 p.m.,1,,,True,True,True,True,False
124,sched_dep_time,missing_value,,1:45 p.m.,1,,,True,True,True,True,False
125,sched_dep_time,missing_value,,11:15 a.m.,1,,,True,True,True,True,False
126,sched_dep_time,missing_value,,8:20 p.m.,1,,,True,True,True,True,False
127,sched_dep_time,missing_value,,2:55 p.m.,1,,,True,True,True,True,False
130,sched_dep_time,missing_value,,2:35 p.m.,1,,,True,True,True,True,False
131,sched_dep_time,missing_value,,2:55 p.m.,1,,,True,True,True,True,False
132,sched_dep_time,missing_value,,7:15 a.m.,1,,,True,True,True,True,False
133,sched_dep_time,missing_value,,12:10 p.m.,1,,,True,True,True,True,False
134,sched_dep_time,missing_value,,7:55 a.m.,1,,,True,True,True,True,False
136,sched_dep_time,missing_value,,1:05 p.m.,1,,,True,True,True,True,False
137,sched_dep_time,missing_value,,8:35 a.m.,1,,,True,True,True,True,False
138,sched_dep_time,missing_value,,3:05 p.m.,1,,,True,True,True,True,False
139,sched_dep_time,missing_value,,7:30 a.m.,1,,,True,True,True,True,False
140,sched_dep_time,missing_value,,4:00 p.m.,1,,,True,True,True,True,False
141,sched_dep_time,missing_value,,11:35 a.m.,1,,,True,True,True,True,False
143,sched_dep_time,missing_value,,11:55 a.m.,1,,,True,True,True,True,False
144,sched_dep_time,missing_value,,10:40 a.m.,1,,,True,True,True,True,False
145,sched_dep_time,missing_value,,6:45 a.m.,1,,,True,True,True,True,False
147,sched_dep_time,missing_value,,6:00 a.m.,1,,,True,True,True,True,False
148,sched_dep_time,missing_value,,7:10 a.m.,1,,,True,True,True,True,False
149,sched_dep_time,missing_value,,7:10 a.m.,1,,,True,True,True,True,False
151,sched_dep_time,missing_value,,7:00 p.m.,1,,,True,True,True,True,False
154,sched_dep_time,missing_value,,8:41 a.m.,1,,,True,True,True,True,False
158,sched_dep_time,missing_value,,11:25 a.m.,1,,,True,True,True,True,False
159,sched_dep_time,missing_value,,10:39 a.m.,1,,,True,True,True,True,False
161,sched_dep_time,missing_value,,6:00 a.m.,1,,,True,True,True,True,False
162,sched_dep_time,missing_value,,12:30 a.m.,1,,,True,True,True,True,False
164,sched_dep_time,missing_value,,7:35 a.m.,1,,,True,True,True,True,False
165,sched_dep_time,missing_value,,9:45 a.m.,1,,,True,True,True,True,False
167,sched_dep_time,missing_value,,8:15 a.m.,1,,,True,True,True,True,False
170,sched_dep_time,missing_value,,10:45 a.m.,1,,,True,True,True,True,False
171,sched_dep_time,missing_value,,2:30 p.m.,1,,,True,True,True,True,False
172,sched_dep_time,missing_value,,8:05 a.m.,1,,,True,True,True,True,False
173,sched_dep_time,missing_value,,2:55 p.m.,1,,,True,True,True,True,False
175,sched_dep_time,missing_value,,11:40 a.m.,1,,,True,True,True,True,False
178,sched_dep_time,missing_value,,6:00 a.m.,1,,,True,True,True,True,False
179,sched_dep_time,missing_value,,8:40 a.m.,1,,,True,True,True,True,False
182,sched_dep_time,missing_value,,7:53 a.m.,1,,,True,True,True,True,False
183,sched_dep_time,missing_value,,12:30 p.m.,1,,,True,True,True,True,False
184,sched_dep_time,missing_value,,11:45 a.m.,1,,,True,True,True,True,False
187,sched_dep_time,missing_value,,5:25 p.m.,1,,,True,True,True,True,False
188,sched_dep_time,missing_value,,7:10 p.m.,1,,,True,True,True,True,False
191,sched_dep_time,missing_value,,3:35 p.m.,1,,,True,True,True,True,False
196,sched_dep_time,missing_value,,1:55 p.m.,1,,,True,True,True,True,False
200,sched_dep_time,missing_value,,4:55 p.m.,1,,,True,True,True,True,False
202,sched_dep_time,missing_value,,4:16 p.m.,1,,,True,True,True,True,False
204,sched_dep_time,missing_value,,10:25 a.m.,1,,,True,True,True,True,False
205,sched_dep_time,missing_value,,7:05 a.m.,1,,,True,True,True,True,False
209,sched_dep_time,missing_value,,1:29 p.m.,1,,,True,True,True,True,False
216,sched_dep_time,missing_value,,8:29 a.m.,1,,,True,True,True,True,False
218,sched_dep_time,missing_value,,2:53 p.m.,1,,,True,True,True,True,False
219,sched_dep_time,missing_value,,7:35 a.m.,1,,,True,True,True,True,False
222,sched_dep_time,missing_value,,1:45 p.m.,1,,,True,True,True,True,False
223,sched_dep_time,missing_value,,11:15 a.m.,1,,,True,True,True,True,False
224,sched_dep_time,missing_value,,8:20 p.m.,1,,,True,True,True,True,False
225,sched_dep_time,missing_value,,2:55 p.m.,1,,,True,True,True,True,False
226,sched_dep_time,missing_value,,2:30 p.m.,1,,,True,True,True,True,False
227,sched_dep_time,missing_value,,8:55 a.m.,1,,,True,True,True,True,False
233,sched_dep_time,missing_value,,9:05 a.m.,1,,,True,True,True,True,False
235,sched_dep_time,missing_value,,8:35 a.m.,1,,,True,True,True,True,False
238,sched_dep_time,missing_value,,11:25 a.m.,1,,,True,True,True,True,False
242,sched_dep_time,missing_value,,2:55 p.m.,1,,,True,True,True,True,False
337,sched_dep_time,missing_value,,7:10 a.m.,1,,,True,True,True,True,False
339,sched_dep_time,missing_value,,6:40 a.m.,1,,,True,True,True,True,False
340,sched_dep_time,missing_value,,8:00 a.m.,1,,,True,True,True,True,False
341,sched_dep_time,missing_value,,8:41 a.m.,1,,,True,True,True,True,False
342,sched_dep_time,missing_value,,7:45 p.m.,1,,,True,True,True,True,False
343,sched_dep_time,missing_value,,3:27 p.m.,1,,,True,True,True,True,False
345,sched_dep_time,missing_value,,11:25 a.m.,1,,,True,True,True,True,False
346,sched_dep_time,missing_value,,10:39 a.m.,1,,,True,True,True,True,False
347,sched_dep_time,missing_value,,11:25 p.m.,1,,,True,True,True,True,False
348,sched_dep_time,missing_value,,6:00 a.m.,1,,,True,True,True,True,False
350,sched_dep_time,missing_value,,4:00 p.m.,1,,,True,True,True,True,False
353,sched_dep_time,missing_value,,9:05 a.m.,1,,,True,True,True,True,False
354,sched_dep_time,missing_value,,8:15 a.m.,1,,,True,True,True,True,False
355,sched_dep_time,missing_value,,7:00 a.m.,1,,,True,True,True,True,False
356,sched_dep_time,missing_value,,4:15 p.m.,1,,,True,True,True,True,False
357,sched_dep_time,missing_value,,10:45 a.m.,1,,,True,True,True,True,False
360,sched_dep_time,missing_value,,2:55 p.m.,1,,,True,True,True,True,False
361,sched_dep_time,missing_value,,11:50 a.m.,1,,,True,True,True,True,False
363,sched_dep_time,missing_value,,6:00 a.m.,1,,,True,True,True,True,False
364,sched_dep_time,missing_value,,11:05 a.m.,1,,,True,True,True,True,False
367,sched_dep_time,missing_value,,10:15 a.m.,1,,,True,True,True,True,False
368,sched_dep_time,missing_value,,1:00 p.m.,1,,,True,True,True,True,False
369,sched_dep_time,missing_value,,7:53 a.m.,1,,,True,True,True,True,False
370,sched_dep_time,missing_value,,12:30 p.m.,1,,,True,True,True,True,False
371,sched_dep_time,missing_value,,11:45 a.m.,1,,,True,True,True,True,False
372,sched_dep_time,missing_value,,2:30 p.m.,1,,,True,True,True,True,False
373,sched_dep_time,missing_value,,12:00 a.m.,1,,,True,True,True,True,False
376,sched_dep_time,missing_value,,10:40 a.m.,1,,,True,True,True,True,False
377,sched_dep_time,missing_value,,12:57 p.m.,1,,,True,True,True,True,False
379,sched_dep_time,missing_value,,7:15 a.m.,1,,,True,True,True,True,False
380,sched_dep_time,missing_value,,6:30 p.m.,1,,,True,True,True,True,False
381,sched_dep_time,missing_value,,6:45 p.m.,1,,,True,True,True,True,False
382,sched_dep_time,missing_value,,12:00 p.m.,1,,,True,True,True,True,False
384,sched_dep_time,missing_value,,1:55 p.m.,1,,,True,True,True,True,False
386,sched_dep_time,missing_value,,6:00 a.m.,1,,,True,True,True,True,False
387,sched_dep_time,missing_value,,7:10 a.m.,1,,,True,True,True,True,False
388,sched_dep_time,missing_value,,4:55 p.m.,1,,,True,True,True,True,False
389,sched_dep_time,missing_value,,7:25 a.m.,1,,,True,True,True,True,False
390,sched_dep_time,missing_value,,3:50 p.m.,1,,,True,True,True,True,False
391,sched_dep_time,missing_value,,4:16 p.m.,1,,,True,True,True,True,False
392,sched_dep_time,missing_value,,8:00 p.m.,1,,,True,True,True,True,False
394,sched_dep_time,missing_value,,7:05 a.m.,1,,,True,True,True,True,False
395,sched_dep_time,missing_value,,10:40 a.m.,1,,,True,True,True,True,False
396,sched_dep_time,missing_value,,1:33 p.m.,1,,,True,True,True,True,False
397,sched_dep_time,missing_value,,12:15 p.m.,1,,,True,True,True,True,False
399,sched_dep_time,missing_value,,11:55 p.m.,1,,,True,True,True,True,False
400,sched_dep_time,missing_value,,4:25 p.m.,1,,,True,True,True,True,False
401,sched_dep_time,missing_value,,9:00 p.m.,1,,,True,True,True,True,False
402,sched_dep_time,missing_value,,8:25 p.m.,1,,,True,True,True,True,False
403,sched_dep_time,missing_value,,6:59 a.m.,1,,,True,True,True,True,False
404,sched_dep_time,missing_value,,8:35 a.m.,1,,,True,True,True,True,False
405,sched_dep_time,missing_value,,8:29 a.m.,1,,,True,True,True,True,False
406,sched_dep_time,missing_value,,1:30 p.m.,1,,,True,True,True,True,False
408,sched_dep_time,missing_value,,7:35 a.m.,1,,,True,True,True,True,False
410,sched_dep_time,missing_value,,5:30 p.m.,1,,,True,True,True,True,False
411,sched_dep_time,missing_value,,1:45 p.m.,1,,,True,True,True,True,False
412,sched_dep_time,missing_value,,11:15 a.m.,1,,,True,True,True,True,False
413,sched_dep_time,missing_value,,8:20 p.m.,1,,,True,True,True,True,False
414,sched_dep_time,missing_value,,2:55 p.m.,1,,,True,True,True,True,False
417,sched_dep_time,missing_value,,2:35 p.m.,1,,,True,True,True,True,False
418,sched_dep_time,missing_value,,2:55 p.m.,1,,,True,True,True,True,False
419,sched_dep_time,missing_value,,7:15 a.m.,1,,,True,True,True,True,False
420,sched_dep_time,missing_value,,12:10 p.m.,1,,,True,True,True,True,False
421,sched_dep_time,missing_value,,7:55 a.m.,1,,,True,True,True,True,False
423,sched_dep_time,missing_value,,1:05 p.m.,1,,,True,True,True,True,False
424,sched_dep_time,missing_value,,8:35 a.m.,1,,,True,True,True,True,False
425,sched_dep_time,missing_value,,3:05 p.m.,1,,,True,True,True,True,False
426,sched_dep_time,missing_value,,7:30 a.m.,1,,,True,True,True,True,False
427,sched_dep_time,missing_value,,4:00 p.m.,1,,,True,True,True,True,False
428,sched_dep_time,missing_value,,11:35 a.m.,1,,,True,True,True,True,False
430,sched_dep_time,missing_value,,11:55 a.m.,1,,,True,True,True,True,False
431,sched_dep_time,missing_value,,10:40 a.m.,1,,,True,True,True,True,False
432,sched_dep_time,missing_value,,6:45 a.m.,1,,,True,True,True,True,False
434,sched_dep_time,missing_value,,6:00 a.m.,1,,,True,True,True,True,False
435,sched_dep_time,missing_value,,7:10 a.m.,1,,,True,True,True,True,False
436,sched_dep_time,missing_value,,7:10 a.m.,1,,,True,True,True,True,False
438,sched_dep_time,missing_value,,7:00 p.m.,1,,,True,True,True,True,False
441,sched_dep_time,missing_value,,8:41 a.m.,1,,,True,True,True,True,False
445,sched_dep_time,missing_value,,11:25 a.m.,1,,,True,True,True,True,False
446,sched_dep_time,missing_value,,10:39 a.m.,1,,,True,True,True,True,False
448,sched_dep_time,missing_value,,6:00 a.m.,1,,,True,True,True,True,False
449,sched_dep_time,missing_value,,12:30 a.m.,1,,,True,True,True,True,False
451,sched_dep_time,missing_value,,7:35 a.m.,1,,,True,True,True,True,False
452,sched_dep_time,missing_value,,9:45 a.m.,1,,,True,True,True,True,False
454,sched_dep_time,missing_value,,8:15 a.m.,1,,,True,True,True,True,False
457,sched_dep_time,missing_value,,10:45 a.m.,1,,,True,True,True,True,False
458,sched_dep_time,missing_value,,2:30 p.m.,1,,,True,True,True,True,False
459,sched_dep_time,missing_value,,8:05 a.m.,1,,,True,True,True,True,False
460,sched_dep_time,missing_value,,2:55 p.m.,1,,,True,True,True,True,False
462,sched_dep_time,missing_value,,11:40 a.m.,1,,,True,True,True,True,False
465,sched_dep_time,missing_value,,6:00 a.m.,1,,,True,True,True,True,False
466,sched_dep_time,missing_value,,8:40 a.m.,1,,,True,True,True,True,False
469,sched_dep_time,missing_value,,7:53 a.m.,1,,,True,True,True,True,False
470,sched_dep_time,missing_value,,12:30 p.m.,1,,,True,True,True,True,False
471,sched_dep_time,missing_value,,11:45 a.m.,1,,,True,True,True,True,False
474,sched_dep_time,missing_value,,5:25 p.m.,1,,,True,True,True,True,False
475,sched_dep_time,missing_value,,7:10 p.m.,1,,,True,True,True,True,False
477,sched_dep_time,missing_value,,12:57 p.m.,1,,,True,True,True,True,False
478,sched_dep_time,missing_value,,3:35 p.m.,1,,,True,True,True,True,False
483,sched_dep_time,missing_value,,1:55 p.m.,1,,,True,True,True,True,False
487,sched_dep_time,missing_value,,4:55 p.m.,1,,,True,True,True,True,False
489,sched_dep_time,missing_value,,4:16 p.m.,1,,,True,True,True,True,False
491,sched_dep_time,missing_value,,10:25 a.m.,1,,,True,True,True,True,False
492,sched_dep_time,missing_value,,7:05 a.m.,1,,,True,True,True,True,False
496,sched_dep_time,missing_value,,1:29 p.m.,1,,,True,True,True,True,False
503,sched_dep_time,missing_value,,8:29 a.m.,1,,,True,True,True,True,False
505,sched_dep_time,missing_value,,2:53 p.m.,1,,,True,True,True,True,False
506,sched_dep_time,missing_value,,7:35 a.m.,1,,,True,True,True,True,False
509,sched_dep_time,missing_value,,1:45 p.m.,1,,,True,True,True,True,False
510,sched_dep_time,missing_value,,11:15 a.m.,1,,,True,True,True,True,False
511,sched_dep_time,missing_value,,8:20 p.m.,1,,,True,True,True,True,False
512,sched_dep_time,missing_value,,2:55 p.m.,1,,,True,True,True,True,False
513,sched_dep_time,missing_value,,2:30 p.m.,1,,,True,True,True,True,False
514,sched_dep_time,missing_value,,8:55 a.m.,1,,,True,True,True,True,False
520,sched_dep_time,missing_value,,9:05 a.m.,1,,,True,True,True,True,False
522,sched_dep_time,missing_value,,8:35 a.m.,1,,,True,True,True,True,False
525,sched_dep_time,missing_value,,11:25 a.m.,1,,,True,True,True,True,False
529,sched_dep_time,missing_value,,2:55 p.m.,1,,,True,True,True,True,False
630,sched_dep_time,missing_value,,7:00 p.m.,1,,,True,True,True,True,False
633,sched_dep_time,missing_value,,8:41 a.m.,1,,,True,True,True,True,False
637,sched_dep_time,missing_value,,11:25 a.m.,1,,,True,True,True,True,False
638,sched_dep_time,missing_value,,10:39 a.m.,1,,,True,True,True,True,False
640,sched_dep_time,missing_value,,6:00 a.m.,1,,,True,True,True,True,False
641,sched_dep_time,missing_value,,12:30 a.m.,1,,,True,True,True,True,False
643,sched_dep_time,missing_value,,7:35 a.m.,1,,,True,True,True,True,False
644,sched_dep_time,missing_value,,9:45 a.m.,1,,,True,True,True,True,False
646,sched_dep_time,missing_value,,8:15 a.m.,1,,,True,True,True,True,False
649,sched_dep_time,missing_value,,10:45 a.m.,1,,,True,True,True,True,False
650,sched_dep_time,missing_value,,2:30 p.m.,1,,,True,True,True,True,False
651,sched_dep_time,missing_value,,8:05 a.m.,1,,,True,True,True,True,False
652,sched_dep_time,missing_value,,2:55 p.m.,1,,,True,True,True,True,False
654,sched_dep_time,missing_value,,11:40 a.m.,1,,,True,True,True,True,False
657,sched_dep_time,missing_value,,6:00 a.m.,1,,,True,True,True,True,False
658,sched_dep_time,missing_value,,8:40 a.m.,1,,,True,True,True,True,False
661,sched_dep_time,missing_value,,7:53 a.m.,1,,,True,True,True,True,False
662,sched_dep_time,missing_value,,12:30 p.m.,1,,,True,True,True,True,False
663,sched_dep_time,missing_value,,11:45 a.m.,1,,,True,True,True,True,False
666,sched_dep_time,missing_value,,5:25 p.m.,1,,,True,True,True,True,False
667,sched_dep_time,missing_value,,7:10 p.m.,1,,,True,True,True,True,False
669,sched_dep_time,missing_value,,12:57 p.m.,1,,,True,True,True,True,False
670,sched_dep_time,missing_value,,3:35 p.m.,1,,,True,True,True,True,False
675,sched_dep_time,missing_value,,1:55 p.m.,1,,,True,True,True,True,False
679,sched_dep_time,missing_value,,4:55 p.m.,1,,,True,True,True,True,False
681,sched_dep_time,missing_value,,4:16 p.m.,1,,,True,True,True,True,False
683,sched_dep_time,missing_value,,10:25 a.m.,1,,,True,True,True,True,False
684,sched_dep_time,missing_value,,7:05 a.m.,1,,,True,True,True,True,False
688,sched_dep_time,missing_value,,1:29 p.m.,1,,,True,True,True,True,False
695,sched_dep_time,missing_value,,8:29 a.m.,1,,,True,True,True,True,False
697,sched_dep_time,missing_value,,2:53 p.m.,1,,,True,True,True,True,False
698,sched_dep_time,missing_value,,7:35 a.m.,1,,,True,True,True,True,False
701,sched_dep_time,missing_value,,1:45 p.m.,1,,,True,True,True,True,False
702,sched_dep_time,missing_value,,11:15 a.m.,1,,,True,True,True,True,False
703,sched_dep_time,missing_value,,8:20 p.m.,1,,,True,True,True,True,False
704,sched_dep_time,missing_value,,2:55 p.m.,1,,,True,True,True,True,False
705,sched_dep_time,missing_value,,2:30 p.m.,1,,,True,True,True,True,False
706,sched_dep_time,missing_value,,8:55 a.m.,1,,,True,True,True,True,False
712,sched_dep_time,missing_value,,9:05 a.m.,1,,,True,True,True,True,False
714,sched_dep_time,missing_value,,8:35 a.m.,1,,,True,True,True,True,False
717,sched_dep_time,missing_value,,11:25 a.m.,1,,,True,True,True,True,False
721,sched_dep_time,missing_value,,2:55 p.m.,1,,,True,True,True,True,False
729,sched_dep_time,missing_value,,7:10 a.m.,1,,,True,True,True,True,False
730,sched_dep_time,missing_value,,7:45 p.m.,1,,,True,True,True,True,False
731,sched_dep_time,missing_value,,7:00 p.m.,1,,,True,True,True,True,False
732,sched_dep_time,missing_value,,8:00 a.m.,1,,,True,True,True,True,False
733,sched_dep_time,missing_value,,8:41 a.m.,1,,,True,True,True,True,False
735,sched_dep_time,missing_value,,11:25 a.m.,1,,,True,True,True,True,False
736,sched_dep_time,missing_value,,10:39 a.m.,1,,,True,True,True,True,False
738,sched_dep_time,missing_value,,6:00 a.m.,1,,,True,True,True,True,False
739,sched_dep_time,missing_value,,12:30 a.m.,1,,,True,True,True,True,False
740,sched_dep_time,missing_value,,12:15 p.m.,1,,,True,True,True,True,False
741,sched_dep_time,missing_value,,7:00 a.m.,1,,,True,True,True,True,False
742,sched_dep_time,missing_value,,4:15 p.m.,1,,,True,True,True,True,False
743,sched_dep_time,missing_value,,9:05 a.m.,1,,,True,True,True,True,False
744,sched_dep_time,missing_value,,11:50 a.m.,1,,,True,True,True,True,False
745,sched_dep_time,missing_value,,11:40 a.m.,1,,,True,True,True,True,False
746,sched_dep_time,missing_value,,6:00 a.m.,1,,,True,True,True,True,False
747,sched_dep_time,missing_value,,7:55 a.m.,1,,,True,True,True,True,False
748,sched_dep_time,missing_value,,10:15 a.m.,1,,,True,True,True,True,False
749,sched_dep_time,missing_value,,7:30 a.m.,1,,,True,True,True,True,False
750,sched_dep_time,missing_value,,1:00 p.m.,1,,,True,True,True,True,False
751,sched_dep_time,missing_value,,12:30 p.m.,1,,,True,True,True,True,False
752,sched_dep_time,missing_value,,11:45 a.m.,1,,,True,True,True,True,False
753,sched_dep_time,missing_value,,2:30 p.m.,1,,,True,True,True,True,False
754,sched_dep_time,missing_value,,11:35 a.m.,1,,,True,True,True,True,False
755,sched_dep_time,missing_value,,10:40 a.m.,1,,,True,True,True,True,False
757,sched_dep_time,missing_value,,3:35 p.m.,1,,,True,True,True,True,False
758,sched_dep_time,missing_value,,7:15 a.m.,1,,,True,True,True,True,False
759,sched_dep_time,missing_value,,6:45 p.m.,1,,,True,True,True,True,False
760,sched_dep_time,missing_value,,12:00 p.m.,1,,,True,True,True,True,False
761,sched_dep_time,missing_value,,9:15 a.m.,1,,,True,True,True,True,False
762,sched_dep_time,missing_value,,6:00 a.m.,1,,,True,True,True,True,False
763,sched_dep_time,missing_value,,7:10 a.m.,1,,,True,True,True,True,False
764,sched_dep_time,missing_value,,4:55 p.m.,1,,,True,True,True,True,False
765,sched_dep_time,missing_value,,7:25 a.m.,1,,,True,True,True,True,False
766,sched_dep_time,missing_value,,4:16 p.m.,1,,,True,True,True,True,False
767,sched_dep_time,missing_value,,8:00 p.m.,1,,,True,True,True,True,False
768,sched_dep_time,missing_value,,10:45 a.m.,1,,,True,True,True,True,False
769,sched_dep_time,missing_value,,1:33 p.m.,1,,,True,True,True,True,False
770,sched_dep_time,missing_value,,1:29 p.m.,1,,,True,True,True,True,False
774,sched_dep_time,missing_value,,6:59 a.m.,1,,,True,True,True,True,False
775,sched_dep_time,missing_value,,8:35 a.m.,1,,,True,True,True,True,False
776,sched_dep_time,missing_value,,8:29 a.m.,1,,,True,True,True,True,False
778,sched_dep_time,missing_value,,11:08 p.m.,1,,,True,True,True,True,False
780,sched_dep_time,missing_value,,8:05 a.m.,1,,,True,True,True,True,False
781,sched_dep_time,missing_value,,2:35 p.m.,1,,,True,True,True,True,False
782,sched_dep_time,missing_value,,7:15 a.m.,1,,,True,True,True,True,False
784,sched_dep_time,missing_value,,7:35 a.m.,1,,,True,True,True,True,False
785,sched_dep_time,missing_value,,12:10 p.m.,1,,,True,True,True,True,False
786,sched_dep_time,missing_value,,1:05 p.m.,1,,,True,True,True,True,False
787,sched_dep_time,missing_value,,7:10 a.m.,1,,,True,True,True,True,False
788,sched_dep_time,missing_value,,10:40 a.m.,1,,,True,True,True,True,False
789,sched_dep_time,missing_value,,6:45 a.m.,1,,,True,True,True,True,False
790,sched_dep_time,missing_value,,6:00 a.m.,1,,,True,True,True,True,False
791,sched_dep_time,missing_value,,7:10 a.m.,1,,,True,True,True,True,False
792,sched_dep_time,missing_value,,10:40 a.m.,1,,,True,True,True,True,False
793,sched_dep_time,missing_value,,6:59 a.m.,1,,,True,True,True,True,False
794,sched_dep_time,missing_value,,4:15 p.m.,1,,,True,True,True,True,False
795,sched_dep_time,missing_value,,6:00 a.m.,1,,,True,True,True,True,False
796,sched_dep_time,missing_value,,7:25 a.m.,1,,,True,True,True,True,False
803,sched_dep_time,missing_value,,7:00 p.m.,1,,,True,True,True,True,False
804,sched_dep_time,missing_value,,2:55 p.m.,1,,,True,True,True,True,False
805,sched_dep_time,missing_value,,6:30 p.m.,1,,,True,True,True,True,False
806,sched_dep_time,missing_value,,6:45 a.m.,1,,,True,True,True,True,False
807,sched_dep_time,missing_value,,11:25 p.m.,1,,,True,True,True,True,False
809,sched_dep_time,missing_value,,7:15 a.m.,1,,,True,True,True,True,False
810,sched_dep_time,missing_value,,9:15 a.m.,1,,,True,True,True,True,False
812,sched_dep_time,missing_value,,7:00 p.m.,1,,,True,True,True,True,False
815,sched_dep_time,missing_value,,8:41 a.m.,1,,,True,True,True,True,False
819,sched_dep_time,missing_value,,11:25 a.m.,1,,,True,True,True,True,False
820,sched_dep_time,missing_value,,10:39 a.m.,1,,,True,True,True,True,False
822,sched_dep_time,missing_value,,6:00 a.m.,1,,,True,True,True,True,False
823,sched_dep_time,missing_value,,12:30 a.m.,1,,,True,True,True,True,False
825,sched_dep_time,missing_value,,7:35 a.m.,1,,,True,True,True,True,False
826,sched_dep_time,missing_value,,9:45 a.m.,1,,,True,True,True,True,False
828,sched_dep_time,missing_value,,8:15 a.m.,1,,,True,True,True,True,False
831,sched_dep_time,missing_value,,10:45 a.m.,1,,,True,True,True,True,False
832,sched_dep_time,missing_value,,2:30 p.m.,1,,,True,True,True,True,False
833,sched_dep_time,missing_value,,8:05 a.m.,1,,,True,True,True,True,False
834,sched_dep_time,missing_value,,2:55 p.m.,1,,,True,True,True,True,False
836,sched_dep_time,missing_value,,11:40 a.m.,1,,,True,True,True,True,False
839,sched_dep_time,missing_value,,6:00 a.m.,1,,,True,True,True,True,False
840,sched_dep_time,missing_value,,8:40 a.m.,1,,,True,True,True,True,False
843,sched_dep_time,missing_value,,7:53 a.m.,1,,,True,True,True,True,False
844,sched_dep_time,missing_value,,12:30 p.m.,1,,,True,True,True,True,False
845,sched_dep_time,missing_value,,11:45 a.m.,1,,,True,True,True,True,False
848,sched_dep_time,missing_value,,5:25 p.m.,1,,,True,True,True,True,False
849,sched_dep_time,missing_value,,7:10 p.m.,1,,,True,True,True,True,False
851,sched_dep_time,missing_value,,12:57 p.m.,1,,,True,True,True,True,False
852,sched_dep_time,missing_value,,3:35 p.m.,1,,,True,True,True,True,False
857,sched_dep_time,missing_value,,1:55 p.m.,1,,,True,True,True,True,False
861,sched_dep_time,missing_value,,4:55 p.m.,1,,,True,True,True,True,False
863,sched_dep_time,missing_value,,4:16 p.m.,1,,,True,True,True,True,False
865,sched_dep_time,missing_value,,10:25 a.m.,1,,,True,True,True,True,False
866,sched_dep_time,missing_value,,7:05 a.m.,1,,,True,True,True,True,False
867,sched_dep_time,missing_value,,10:40 a.m.,1,,,True,True,True,True,False
870,sched_dep_time,missing_value,,1:29 p.m.,1,,,True,True,True,True,False
877,sched_dep_time,missing_value,,8:29 a.m.,1,,,True,True,True,True,False
879,sched_dep_time,missing_value,,2:53 p.m.,1,,,True,True,True,True,False
880,sched_dep_time,missing_value,,7:35 a.m.,1,,,True,True,True,True,False
883,sched_dep_time,missing_value,,1:45 p.m.,1,,,True,True,True,True,False
884,sched_dep_time,missing_value,,11:15 a.m.,1,,,True,True,True,True,False
885,sched_dep_time,missing_value,,8:20 p.m.,1,,,True,True,True,True,False
886,sched_dep_time,missing_value,,2:55 p.m.,1,,,True,True,True,True,False
887,sched_dep_time,missing_value,,2:30 p.m.,1,,,True,True,True,True,False
888,sched_dep_time,missing_value,,8:55 a.m.,1,,,True,True,True,True,False
894,sched_dep_time,missing_value,,9:05 a.m.,1,,,True,True,True,True,False
896,sched_dep_time,missing_value,,8:35 a.m.,1,,,True,True,True,True,False
899,sched_dep_time,missing_value,,11:25 a.m.,1,,,True,True,True,True,False
903,sched_dep_time,missing_value,,2:55 p.m.,1,,,True,True,True,True,False
914,sched_dep_time,missing_value,,11:45 a.m.,1,,,True,True,True,True,False
917,sched_dep_time,missing_value,,7:35 a.m.,1,,,True,True,True,True,False
925,sched_dep_time,missing_value,,12:30 p.m.,1,,,True,True,True,True,False
926,sched_dep_time,missing_value,,2:55 p.m.,1,,,True,True,True,True,False
935,sched_dep_time,missing_value,,4:16 p.m.,1,,,True,True,True,True,False
938,sched_dep_time,missing_value,,7:05 a.m.,1,,,True,True,True,True,False
950,sched_dep_time,missing_value,,11:15 a.m.,1,,,True,True,True,True,False
952,sched_dep_time,missing_value,,8:55 a.m.,1,,,True,True,True,True,False
953,sched_dep_time,missing_value,,8:05 a.m.,1,,,True,True,True,True,False
960,sched_dep_time,missing_value,,7:53 a.m.,1,,,True,True,True,True,False
964,sched_dep_time,missing_value,,8:40 a.m.,1,,,True,True,True,True,False
1071,sched_dep_time,missing_value,,7:00 p.m.,1,,,True,True,True,True,False
1074,sched_dep_time,missing_value,,8:41 a.m.,1,,,True,True,True,True,False
1078,sched_dep_time,missing_value,,11:25 a.m.,1,,,True,True,True,True,False
1079,sched_dep_time,missing_value,,10:39 a.m.,1,,,True,True,True,True,False
1081,sched_dep_time,missing_value,,6:00 a.m.,1,,,True,True,True,True,False
1082,sched_dep_time,missing_value,,12:30 a.m.,1,,,True,True,True,True,False
1084,sched_dep_time,missing_value,,7:35 a.m.,1,,,True,True,True,True,False
1085,sched_dep_time,missing_value,,9:45 a.m.,1,,,True,True,True,True,False
1087,sched_dep_time,missing_value,,8:15 a.m.,1,,,True,True,True,True,False
1090,sched_dep_time,missing_value,,10:45 a.m.,1,,,True,True,True,True,False
1091,sched_dep_time,missing_value,,2:30 p.m.,1,,,True,True,True,True,False
1092,sched_dep_time,missing_value,,8:05 a.m.,1,,,True,True,True,True,False
1093,sched_dep_time,missing_value,,2:55 p.m.,1,,,True,True,True,True,False
1095,sched_dep_time,missing_value,,11:40 a.m.,1,,,True,True,True,True,False
1098,sched_dep_time,missing_value,,6:00 a.m.,1,,,True,True,True,True,False
1099,sched_dep_time,missing_value,,8:40 a.m.,1,,,True,True,True,True,False
1102,sched_dep_time,missing_value,,7:53 a.m.,1,,,True,True,True,True,False
1103,sched_dep_time,missing_value,,12:30 p.m.,1,,,True,True,True,True,False
1104,sched_dep_time,missing_value,,11:45 a.m.,1,,,True,True,True,True,False
1107,sched_dep_time,missing_value,,5:25 p.m.,1,,,True,True,True,True,False
1108,sched_dep_time,missing_value,,7:10 p.m.,1,,,True,True,True,True,False
1110,sched_dep_time,missing_value,,12:57 p.m.,1,,,True,True,True,True,False
1111,sched_dep_time,missing_value,,3:35 p.m.,1,,,True,True,True,True,False
1116,sched_dep_time,missing_value,,1:55 p.m.,1,,,True,True,True,True,False
1120,sched_dep_time,missing_value,,4:55 p.m.,1,,,True,True,True,True,False
1122,sched_dep_time,missing_value,,4:16 p.m.,1,,,True,True,True,True,False
1124,sched_dep_time,missing_value,,10:25 a.m.,1,,,True,True,True,True,False
1125,sched_dep_time,missing_value,,7:05 a.m.,1,,,True,True,True,True,False
1129,sched_dep_time,missing_value,,1:29 p.m.,1,,,True,True,True,True,False
1136,sched_dep_time,missing_value,,8:29 a.m.,1,,,True,True,True,True,False
1138,sched_dep_time,missing_value,,2:53 p.m.,1,,,True,True,True,True,False
1139,sched_dep_time,missing_value,,7:35 a.m.,1,,,True,True,True,True,False
1142,sched_dep_time,missing_value,,1:45 p.m.,1,,,True,True,True,True,False
1143,sched_dep_time,missing_value,,11:15 a.m.,1,,,True,True,True,True,False
1144,sched_dep_time,missing_value,,8:20 p.m.,1,,,True,True,True,True,False
1145,sched_dep_time,missing_value,,2:55 p.m.,1,,,True,True,True,True,False
1146,sched_dep_time,missing_value,,2:30 p.m.,1,,,True,True,True,True,False
1147,sched_dep_time,missing_value,,8:55 a.m.,1,,,True,True,True,True,False
1153,sched_dep_time,missing_value,,9:05 a.m.,1,,,True,True,True,True,False
1155,sched_dep_time,missing_value,,8:35 a.m.,1,,,True,True,True,True,False
1158,sched_dep_time,missing_value,,11:25 a.m.,1,,,True,True,True,True,False
1162,sched_dep_time,missing_value,,2:55 p.m.,1,,,True,True,True,True,False
1172,sched_dep_time,missing_value,,7:00 p.m.,1,,,True,True,True,True,False
1175,sched_dep_time,missing_value,,6:00 a.m.,1,,,True,True,True,True,False
1176,sched_dep_time,missing_value,,8:15 a.m.,1,,,True,True,True,True,False
1179,sched_dep_time,missing_value,,5:25 p.m.,1,,,True,True,True,True,False
1186,sched_dep_time,missing_value,,12:30 p.m.,1,,,True,True,True,True,False
1193,sched_dep_time,missing_value,,1:55 p.m.,1,,,True,True,True,True,False
1202,sched_dep_time,missing_value,,2:53 p.m.,1,,,True,True,True,True,False
1203,sched_dep_time,missing_value,,7:35 a.m.,1,,,True,True,True,True,False
1206,sched_dep_time,missing_value,,11:15 a.m.,1,,,True,True,True,True,False
1207,sched_dep_time,missing_value,,2:55 p.m.,1,,,True,True,True,True,False
1208,sched_dep_time,missing_value,,8:55 a.m.,1,,,True,True,True,True,False
1223,sched_dep_time,missing_value,,7:10 a.m.,1,,,True,True,True,True,False
1225,sched_dep_time,missing_value,,6:40 a.m.,1,,,True,True,True,True,False
1226,sched_dep_time,missing_value,,8:00 a.m.,1,,,True,True,True,True,False
1227,sched_dep_time,missing_value,,8:41 a.m.,1,,,True,True,True,True,False
1228,sched_dep_time,missing_value,,7:45 p.m.,1,,,True,True,True,True,False
1229,sched_dep_time,missing_value,,3:27 p.m.,1,,,True,True,True,True,False
1231,sched_dep_time,missing_value,,11:25 a.m.,1,,,True,True,True,True,False
1232,sched_dep_time,missing_value,,10:39 a.m.,1,,,True,True,True,True,False
1233,sched_dep_time,missing_value,,11:25 p.m.,1,,,True,True,True,True,False
1234,sched_dep_time,missing_value,,6:00 a.m.,1,,,True,True,True,True,False
1236,sched_dep_time,missing_value,,4:00 p.m.,1,,,True,True,True,True,False
1239,sched_dep_time,missing_value,,9:05 a.m.,1,,,True,True,True,True,False
1240,sched_dep_time,missing_value,,8:15 a.m.,1,,,True,True,True,True,False
1241,sched_dep_time,missing_value,,7:00 a.m.,1,,,True,True,True,True,False
1242,sched_dep_time,missing_value,,4:15 p.m.,1,,,True,True,True,True,False
1243,sched_dep_time,missing_value,,10:45 a.m.,1,,,True,True,True,True,False
1246,sched_dep_time,missing_value,,2:55 p.m.,1,,,True,True,True,True,False
1247,sched_dep_time,missing_value,,11:50 a.m.,1,,,True,True,True,True,False
1249,sched_dep_time,missing_value,,6:00 a.m.,1,,,True,True,True,True,False
1250,sched_dep_time,missing_value,,11:05 a.m.,1,,,True,True,True,True,False
1253,sched_dep_time,missing_value,,10:15 a.m.,1,,,True,True,True,True,False
1254,sched_dep_time,missing_value,,1:00 p.m.,1,,,True,True,True,True,False
1255,sched_dep_time,missing_value,,7:53 a.m.,1,,,True,True,True,True,False
1256,sched_dep_time,missing_value,,12:30 p.m.,1,,,True,True,True,True,False
1257,sched_dep_time,missing_value,,11:45 a.m.,1,,,True,True,True,True,False
1258,sched_dep_time,missing_value,,2:30 p.m.,1,,,True,True,True,True,False
1259,sched_dep_time,missing_value,,12:00 a.m.,1,,,True,True,True,True,False
1262,sched_dep_time,missing_value,,10:40 a.m.,1,,,True,True,True,True,False
1263,sched_dep_time,missing_value,,12:57 p.m.,1,,,True,True,True,True,False
1265,sched_dep_time,missing_value,,7:15 a.m.,1,,,True,True,True,True,False
1266,sched_dep_time,missing_value,,6:30 p.m.,1,,,True,True,True,True,False
1267,sched_dep_time,missing_value,,6:45 p.m.,1,,,True,True,True,True,False
1268,sched_dep_time,missing_value,,12:00 p.m.,1,,,True,True,True,True,False
1270,sched_dep_time,missing_value,,1:55 p.m.,1,,,True,True,True,True,False
1272,sched_dep_time,missing_value,,6:00 a.m.,1,,,True,True,True,True,False
1273,sched_dep_time,missing_value,,7:10 a.m.,1,,,True,True,True,True,False
1274,sched_dep_time,missing_value,,4:55 p.m.,1,,,True,True,True,True,False
1275,sched_dep_time,missing_value,,7:25 a.m.,1,,,True,True,True,True,False
1276,sched_dep_time,missing_value,,3:50 p.m.,1,,,True,True,True,True,False
1277,sched_dep_time,missing_value,,4:16 p.m.,1,,,True,True,True,True,False
1278,sched_dep_time,missing_value,,8:00 p.m.,1,,,True,True,True,True,False
1280,sched_dep_time,missing_value,,7:05 a.m.,1,,,True,True,True,True,False
1281,sched_dep_time,missing_value,,10:40 a.m.,1,,,True,True,True,True,False
1282,sched_dep_time,missing_value,,1:33 p.m.,1,,,True,True,True,True,False
1283,sched_dep_time,missing_value,,12:15 p.m.,1,,,True,True,True,True,False
1285,sched_dep_time,missing_value,,11:55 p.m.,1,,,True,True,True,True,False
1286,sched_dep_time,missing_value,,4:25 p.m.,1,,,True,True,True,True,False
1287,sched_dep_time,missing_value,,9:00 p.m.,1,,,True,True,True,True,False
1288,sched_dep_time,missing_value,,8:25 p.m.,1,,,True,True,True,True,False
1289,sched_dep_time,missing_value,,6:59 a.m.,1,,,True,True,True,True,False
1290,sched_dep_time,missing_value,,8:35 a.m.,1,,,True,True,True,True,False
1291,sched_dep_time,missing_value,,8:29 a.m.,1,,,True,True,True,True,False
1292,sched_dep_time,missing_value,,1:30 p.m.,1,,,True,True,True,True,False
1294,sched_dep_time,missing_value,,7:35 a.m.,1,,,True,True,True,True,False
1296,sched_dep_time,missing_value,,5:30 p.m.,1,,,True,True,True,True,False
1297,sched_dep_time,missing_value,,1:45 p.m.,1,,,True,True,True,True,False
1298,sched_dep_time,missing_value,,11:15 a.m.,1,,,True,True,True,True,False
1299,sched_dep_time,missing_value,,8:20 p.m.,1,,,True,True,True,True,False
1300,sched_dep_time,missing_value,,2:55 p.m.,1,,,True,True,True,True,False
1303,sched_dep_time,missing_value,,2:35 p.m.,1,,,True,True,True,True,False
1304,sched_dep_time,missing_value,,2:55 p.m.,1,,,True,True,True,True,False
1305,sched_dep_time,missing_value,,7:15 a.m.,1,,,True,True,True,True,False
1306,sched_dep_time,missing_value,,12:10 p.m.,1,,,True,True,True,True,False
1307,sched_dep_time,missing_value,,7:55 a.m.,1,,,True,True,True,True,False
1309,sched_dep_time,missing_value,,1:05 p.m.,1,,,True,True,True,True,False
1310,sched_dep_time,missing_value,,8:35 a.m.,1,,,True,True,True,True,False
1311,sched_dep_time,missing_value,,3:05 p.m.,1,,,True,True,True,True,False
1312,sched_dep_time,missing_value,,7:30 a.m.,1,,,True,True,True,True,False
1313,sched_dep_time,missing_value,,4:00 p.m.,1,,,True,True,True,True,False
1314,sched_dep_time,missing_value,,11:35 a.m.,1,,,True,True,True,True,False
1316,sched_dep_time,missing_value,,11:55 a.m.,1,,,True,True,True,True,False
1317,sched_dep_time,missing_value,,10:40 a.m.,1,,,True,True,True,True,False
1318,sched_dep_time,missing_value,,6:45 a.m.,1,,,True,True,True,True,False
1320,sched_dep_time,missing_value,,6:00 a.m.,1,,,True,True,True,True,False
1321,sched_dep_time,missing_value,,7:10 a.m.,1,,,True,True,True,True,False
1322,sched_dep_time,missing_value,,7:10 a.m.,1,,,True,True,True,True,False
1422,sched_dep_time,missing_value,,11:50 a.m.,1,,,True,True,True,True,False
1423,sched_dep_time,missing_value,,8:29 a.m.,1,,,True,True,True,True,False
1425,sched_dep_time,missing_value,,1:33 p.m.,1,,,True,True,True,True,False
1481,sched_dep_time,missing_value,,8:00 a.m.,1,,,True,True,True,True,False
1482,sched_dep_time,missing_value,,3:05 p.m.,1,,,True,True,True,True,False
1483,sched_dep_time,missing_value,,8:35 a.m.,1,,,True,True,True,True,False
1484,sched_dep_time,missing_value,,7:10 a.m.,1,,,True,True,True,True,False
1485,sched_dep_time,missing_value,,2:30 p.m.,1,,,True,True,True,True,False
1486,sched_dep_time,missing_value,,6:00 a.m.,1,,,True,True,True,True,False
1487,sched_dep_time,missing_value,,7:10 a.m.,1,,,True,True,True,True,False
1489,sched_dep_time,missing_value,,6:40 a.m.,1,,,True,True,True,True,False
1490,sched_dep_time,missing_value,,8:00 a.m.,1,,,True,True,True,True,False
1491,sched_dep_time,missing_value,,8:41 a.m.,1,,,True,True,True,True,False
1492,sched_dep_time,missing_value,,7:45 p.m.,1,,,True,True,True,True,False
1493,sched_dep_time,missing_value,,3:27 p.m.,1,,,True,True,True,True,False
1495,sched_dep_time,missing_value,,11:25 a.m.,1,,,True,True,True,True,False
1496,sched_dep_time,missing_value,,10:39 a.m.,1,,,True,True,True,True,False
1497,sched_dep_time,missing_value,,11:25 p.m.,1,,,True,True,True,True,False
1498,sched_dep_time,missing_value,,6:00 a.m.,1,,,True,True,True,True,False
1500,sched_dep_time,missing_value,,4:00 p.m.,1,,,True,True,True,True,False
1503,sched_dep_time,missing_value,,9:05 a.m.,1,,,True,True,True,True,False
1504,sched_dep_time,missing_value,,8:15 a.m.,1,,,True,True,True,True,False
1505,sched_dep_time,missing_value,,7:00 a.m.,1,,,True,True,True,True,False
1506,sched_dep_time,missing_value,,4:15 p.m.,1,,,True,True,True,True,False
1507,sched_dep_time,missing_value,,10:45 a.m.,1,,,True,True,True,True,False
1510,sched_dep_time,missing_value,,2:55 p.m.,1,,,True,True,True,True,False
1511,sched_dep_time,missing_value,,11:50 a.m.,1,,,True,True,True,True,False
1513,sched_dep_time,missing_value,,6:00 a.m.,1,,,True,True,True,True,False
1514,sched_dep_time,missing_value,,11:05 a.m.,1,,,True,True,True,True,False
1517,sched_dep_time,missing_value,,10:15 a.m.,1,,,True,True,True,True,False
1518,sched_dep_time,missing_value,,1:00 p.m.,1,,,True,True,True,True,False
1519,sched_dep_time,missing_value,,7:53 a.m.,1,,,True,True,True,True,False
1520,sched_dep_time,missing_value,,12:30 p.m.,1,,,True,True,True,True,False
1521,sched_dep_time,missing_value,,11:45 a.m.,1,,,True,True,True,True,False
1522,sched_dep_time,missing_value,,2:30 p.m.,1,,,True,True,True,True,False
1523,sched_dep_time,missing_value,,12:00 a.m.,1,,,True,True,True,True,False
1526,sched_dep_time,missing_value,,10:40 a.m.,1,,,True,True,True,True,False
1527,sched_dep_time,missing_value,,12:57 p.m.,1,,,True,True,True,True,False
1529,sched_dep_time,missing_value,,7:15 a.m.,1,,,True,True,True,True,False
1530,sched_dep_time,missing_value,,6:30 p.m.,1,,,True,True,True,True,False
1531,sched_dep_time,missing_value,,6:45 p.m.,1,,,True,True,True,True,False
1532,sched_dep_time,missing_value,,12:00 p.m.,1,,,True,True,True,True,False
1534,sched_dep_time,missing_value,,1:55 p.m.,1,,,True,True,True,True,False
1536,sched_dep_time,missing_value,,6:00 a.m.,1,,,True,True,True,True,False
1537,sched_dep_time,missing_value,,7:10 a.m.,1,,,True,True,True,True,False
1538,sched_dep_time,missing_value,,4:55 p.m.,1,,,True,True,True,True,False
1539,sched_dep_time,missing_value,,7:25 a.m.,1,,,True,True,True,True,False
1540,sched_dep_time,missing_value,,3:50 p.m.,1,,,True,True,True,True,False
1541,sched_dep_time,missing_value,,4:16 p.m.,1,,,True,True,True,True,False
1542,sched_dep_time,missing_value,,8:00 p.m.,1,,,True,True,True,True,False
1544,sched_dep_time,missing_value,,7:05 a.m.,1,,,True,True,True,True,False
1545,sched_dep_time,missing_value,,10:40 a.m.,1,,,True,True,True,True,False
1546,sched_dep_time,missing_value,,1:33 p.m.,1,,,True,True,True,True,False
1547,sched_dep_time,missing_value,,12:15 p.m.,1,,,True,True,True,True,False
1549,sched_dep_time,missing_value,,11:55 p.m.,1,,,True,True,True,True,False
1550,sched_dep_time,missing_value,,4:25 p.m.,1,,,True,True,True,True,False
1551,sched_dep_time,missing_value,,9:00 p.m.,1,,,True,True,True,True,False
1552,sched_dep_time,missing_value,,8:25 p.m.,1,,,True,True,True,True,False
1553,sched_dep_time,missing_value,,6:59 a.m.,1,,,True,True,True,True,False
1554,sched_dep_time,missing_value,,8:35 a.m.,1,,,True,True,True,True,False
1555,sched_dep_time,missing_value,,8:29 a.m.,1,,,True,True,True,True,False
1556,sched_dep_time,missing_value,,1:30 p.m.,1,,,True,True,True,True,False
1558,sched_dep_time,missing_value,,7:35 a.m.,1,,,True,True,True,True,False
1560,sched_dep_time,missing_value,,5:30 p.m.,1,,,True,True,True,True,False
1561,sched_dep_time,missing_value,,1:45 p.m.,1,,,True,True,True,True,False
1562,sched_dep_time,missing_value,,11:15 a.m.,1,,,True,True,True,True,False
1563,sched_dep_time,missing_value,,8:20 p.m.,1,,,True,True,True,True,False
1564,sched_dep_time,missing_value,,2:55 p.m.,1,,,True,True,True,True,False
1567,sched_dep_time,missing_value,,2:35 p.m.,1,,,True,True,True,True,False
1568,sched_dep_time,missing_value,,2:55 p.m.,1,,,True,True,True,True,False
1569,sched_dep_time,missing_value,,7:15 a.m.,1,,,True,True,True,True,False
1570,sched_dep_time,missing_value,,12:10 p.m.,1,,,True,True,True,True,False
1571,sched_dep_time,missing_value,,7:55 a.m.,1,,,True,True,True,True,False
1573,sched_dep_time,missing_value,,1:05 p.m.,1,,,True,True,True,True,False
1574,sched_dep_time,missing_value,,8:35 a.m.,1,,,True,True,True,True,False
1575,sched_dep_time,missing_value,,3:05 p.m.,1,,,True,True,True,True,False
1576,sched_dep_time,missing_value,,7:30 a.m.,1,,,True,True,True,True,False
1577,sched_dep_time,missing_value,,4:00 p.m.,1,,,True,True,True,True,False
1578,sched_dep_time,missing_value,,11:35 a.m.,1,,,True,True,True,True,False
1580,sched_dep_time,missing_value,,11:55 a.m.,1,,,True,True,True,True,False
1581,sched_dep_time,missing_value,,10:40 a.m.,1,,,True,True,True,True,False
1582,sched_dep_time,missing_value,,6:45 a.m.,1,,,True,True,True,True,False
1584,sched_dep_time,missing_value,,6:00 a.m.,1,,,True,True,True,True,False
1585,sched_dep_time,missing_value,,7:10 a.m.,1,,,True,True,True,True,False
1586,sched_dep_time,missing_value,,7:10 a.m.,1,,,True,True,True,True,False
1759,sched_dep_time,missing_value,,7:00 p.m.,1,,,True,True,True,True,False
1762,sched_dep_time,missing_value,,8:41 a.m.,1,,,True,True,True,True,False
1766,sched_dep_time,missing_value,,11:25 a.m.,1,,,True,True,True,True,False
1767,sched_dep_time,missing_value,,10:39 a.m.,1,,,True,True,True,True,False
1769,sched_dep_time,missing_value,,6:00 a.m.,1,,,True,True,True,True,False
1770,sched_dep_time,missing_value,,12:30 a.m.,1,,,True,True,True,True,False
1772,sched_dep_time,missing_value,,7:35 a.m.,1,,,True,True,True,True,False
1773,sched_dep_time,missing_value,,9:45 a.m.,1,,,True,True,True,True,False
1775,sched_dep_time,missing_value,,8:15 a.m.,1,,,True,True,True,True,False
1778,sched_dep_time,missing_value,,10:45 a.m.,1,,,True,True,True,True,False
1779,sched_dep_time,missing_value,,2:30 p.m.,1,,,True,True,True,True,False
1780,sched_dep_time,missing_value,,8:05 a.m.,1,,,True,True,True,True,False
1781,sched_dep_time,missing_value,,2:55 p.m.,1,,,True,True,True,True,False
1783,sched_dep_time,missing_value,,11:40 a.m.,1,,,True,True,True,True,False
1786,sched_dep_time,missing_value,,6:00 a.m.,1,,,True,True,True,True,False
1787,sched_dep_time,missing_value,,8:40 a.m.,1,,,True,True,True,True,False
1790,sched_dep_time,missing_value,,7:53 a.m.,1,,,True,True,True,True,False
1791,sched_dep_time,missing_value,,12:30 p.m.,1,,,True,True,True,True,False
1792,sched_dep_time,missing_value,,11:45 a.m.,1,,,True,True,True,True,False
1795,sched_dep_time,missing_value,,5:25 p.m.,1,,,True,True,True,True,False
1796,sched_dep_time,missing_value,,7:10 p.m.,1,,,True,True,True,True,False
1798,sched_dep_time,missing_value,,12:57 p.m.,1,,,True,True,True,True,False
1799,sched_dep_time,missing_value,,3:35 p.m.,1,,,True,True,True,True,False
1804,sched_dep_time,missing_value,,1:55 p.m.,1,,,True,True,True,True,False
1808,sched_dep_time,missing_value,,4:55 p.m.,1,,,True,True,True,True,False
1810,sched_dep_time,missing_value,,4:16 p.m.,1,,,True,True,True,True,False
1812,sched_dep_time,missing_value,,10:25 a.m.,1,,,True,True,True,True,False
1813,sched_dep_time,missing_value,,7:05 a.m.,1,,,True,True,True,True,False
1814,sched_dep_time,missing_value,,10:40 a.m.,1,,,True,True,True,True,False
1817,sched_dep_time,missing_value,,1:29 p.m.,1,,,True,True,True,True,False
1824,sched_dep_time,missing_value,,8:29 a.m.,1,,,True,True,True,True,False
1826,sched_dep_time,missing_value,,2:53 p.m.,1,,,True,True,True,True,False
1827,sched_dep_time,missing_value,,7:35 a.m.,1,,,True,True,True,True,False
1830,sched_dep_time,missing_value,,1:45 p.m.,1,,,True,True,True,True,False
1831,sched_dep_time,missing_value,,11:15 a.m.,1,,,True,True,True,True,False
1832,sched_dep_time,missing_value,,8:20 p.m.,1,,,True,True,True,True,False
1833,sched_dep_time,missing_value,,2:55 p.m.,1,,,True,True,True,True,False
1834,sched_dep_time,missing_value,,2:30 p.m.,1,,,True,True,True,True,False
1835,sched_dep_time,missing_value,,8:55 a.m.,1,,,True,True,True,True,False
1841,sched_dep_time,missing_value,,9:05 a.m.,1,,,True,True,True,True,False
1843,sched_dep_time,missing_value,,8:35 a.m.,1,,,True,True,True,True,False
1846,sched_dep_time,missing_value,,11:25 a.m.,1,,,True,True,True,True,False
1850,sched_dep_time,missing_value,,2:55 p.m.,1,,,True,True,True,True,False
1951,sched_dep_time,missing_value,,7:00 p.m.,1,,,True,True,True,True,False
1954,sched_dep_time,missing_value,,8:41 a.m.,1,,,True,True,True,True,False
1958,sched_dep_time,missing_value,,11:25 a.m.,1,,,True,True,True,True,False
1959,sched_dep_time,missing_value,,10:39 a.m.,1,,,True,True,True,True,False
1961,sched_dep_time,missing_value,,6:00 a.m.,1,,,True,True,True,True,False
1962,sched_dep_time,missing_value,,12:30 a.m.,1,,,True,True,True,True,False
1964,sched_dep_time,missing_value,,7:35 a.m.,1,,,True,True,True,True,False
1965,sched_dep_time,missing_value,,9:45 a.m.,1,,,True,True,True,True,False
1967,sched_dep_time,missing_value,,8:15 a.m.,1,,,True,True,True,True,False
1970,sched_dep_time,missing_value,,10:45 a.m.,1,,,True,True,True,True,False
1971,sched_dep_time,missing_value,,2:30 p.m.,1,,,True,True,True,True,False
1972,sched_dep_time,missing_value,,8:05 a.m.,1,,,True,True,True,True,False
1973,sched_dep_time,missing_value,,2:55 p.m.,1,,,True,True,True,True,False
1975,sched_dep_time,missing_value,,11:40 a.m.,1,,,True,True,True,True,False
1978,sched_dep_time,missing_value,,6:00 a.m.,1,,,True,True,True,True,False
1979,sched_dep_time,missing_value,,8:40 a.m.,1,,,True,True,True,True,False
1982,sched_dep_time,missing_value,,7:53 a.m.,1,,,True,True,True,True,False
1983,sched_dep_time,missing_value,,12:30 p.m.,1,,,True,True,True,True,False
1984,sched_dep_time,missing_value,,11:45 a.m.,1,,,True,True,True,True,False
1987,sched_dep_time,missing_value,,5:25 p.m.,1,,,True,True,True,True,False
1988,sched_dep_time,missing_value,,7:10 p.m.,1,,,True,True,True,True,False
1990,sched_dep_time,missing_value,,12:57 p.m.,1,,,True,True,True,True,False
1991,sched_dep_time,missing_value,,3:35 p.m.,1,,,True,True,True,True,False
1996,sched_dep_time,missing_value,,1:55 p.m.,1,,,True,True,True,True,False
2000,sched_dep_time,missing_value,,4:55 p.m.,1,,,True,True,True,True,False
2002,sched_dep_time,missing_value,,4:16 p.m.,1,,,True,True,True,True,False
2004,sched_dep_time,missing_value,,10:25 a.m.,1,,,True,True,True,True,False
2005,sched_dep_time,missing_value,,7:05 a.m.,1,,,True,True,True,True,False
2009,sched_dep_time,missing_value,,1:29 p.m.,1,,,True,True,True,True,False
2016,sched_dep_time,missing_value,,8:29 a.m.,1,,,True,True,True,True,False
2018,sched_dep_time,missing_value,,2:53 p.m.,1,,,True,True,True,True,False
2019,sched_dep_time,missing_value,,7:35 a.m.,1,,,True,True,True,True,False
2022,sched_dep_time,missing_value,,1:45 p.m.,1,,,True,True,True,True,False
2023,sched_dep_time,missing_value,,11:15 a.m.,1,,,True,True,True,True,False
2024,sched_dep_time,missing_value,,8:20 p.m.,1,,,True,True,True,True,False
2025,sched_dep_time,missing_value,,2:55 p.m.,1,,,True,True,True,True,False
2026,sched_dep_time,missing_value,,2:30 p.m.,1,,,True,True,True,True,False
2027,sched_dep_time,missing_value,,8:55 a.m.,1,,,True,True,True,True,False
2033,sched_dep_time,missing_value,,9:05 a.m.,1,,,True,True,True,True,False
2035,sched_dep_time,missing_value,,8:35 a.m.,1,,,True,True,True,True,False
2038,sched_dep_time,missing_value,,11:25 a.m.,1,,,True,True,True,True,False
2042,sched_dep_time,missing_value,,2:55 p.m.,1,,,True,True,True,True,False
2051,sched_dep_time,missing_value,,7:00 p.m.,1,,,True,True,True,True,False
2054,sched_dep_time,missing_value,,8:41 a.m.,1,,,True,True,True,True,False
2058,sched_dep_time,missing_value,,11:25 a.m.,1,,,True,True,True,True,False
2059,sched_dep_time,missing_value,,10:39 a.m.,1,,,True,True,True,True,False
2061,sched_dep_time,missing_value,,6:00 a.m.,1,,,True,True,True,True,False
2062,sched_dep_time,missing_value,,12:30 a.m.,1,,,True,True,True,True,False
2064,sched_dep_time,missing_value,,7:35 a.m.,1,,,True,True,True,True,False
2065,sched_dep_time,missing_value,,9:45 a.m.,1,,,True,True,True,True,False
2067,sched_dep_time,missing_value,,8:15 a.m.,1,,,True,True,True,True,False
2070,sched_dep_time,missing_value,,10:45 a.m.,1,,,True,True,True,True,False
2071,sched_dep_time,missing_value,,2:30 p.m.,1,,,True,True,True,True,False
2072,sched_dep_time,missing_value,,8:05 a.m.,1,,,True,True,True,True,False
2073,sched_dep_time,missing_value,,2:55 p.m.,1,,,True,True,True,True,False
2075,sched_dep_time,missing_value,,11:40 a.m.,1,,,True,True,True,True,False
2078,sched_dep_time,missing_value,,6:00 a.m.,1,,,True,True,True,True,False
2079,sched_dep_time,missing_value,,8:40 a.m.,1,,,True,True,True,True,False
2082,sched_dep_time,missing_value,,7:53 a.m.,1,,,True,True,True,True,False
2083,sched_dep_time,missing_value,,12:30 p.m.,1,,,True,True,True,True,False
2084,sched_dep_time,missing_value,,11:45 a.m.,1,,,True,True,True,True,False
2087,sched_dep_time,missing_value,,5:25 p.m.,1,,,True,True,True,True,False
2088,sched_dep_time,missing_value,,7:10 p.m.,1,,,True,True,True,True,False
2090,sched_dep_time,missing_value,,12:57 p.m.,1,,,True,True,True,True,False
2091,sched_dep_time,missing_value,,3:35 p.m.,1,,,True,True,True,True,False
2096,sched_dep_time,missing_value,,1:55 p.m.,1,,,True,True,True,True,False
2100,sched_dep_time,missing_value,,4:55 p.m.,1,,,True,True,True,True,False
2102,sched_dep_time,missing_value,,4:16 p.m.,1,,,True,True,True,True,False
2104,sched_dep_time,missing_value,,10:25 a.m.,1,,,True,True,True,True,False
2105,sched_dep_time,missing_value,,7:05 a.m.,1,,,True,True,True,True,False
2106,sched_dep_time,missing_value,,10:40 a.m.,1,,,True,True,True,True,False
2109,sched_dep_time,missing_value,,1:29 p.m.,1,,,True,True,True,True,False
2116,sched_dep_time,missing_value,,8:29 a.m.,1,,,True,True,True,True,False
2118,sched_dep_time,missing_value,,2:53 p.m.,1,,,True,True,True,True,False
2119,sched_dep_time,missing_value,,7:35 a.m.,1,,,True,True,True,True,False
2122,sched_dep_time,missing_value,,1:45 p.m.,1,,,True,True,True,True,False
2123,sched_dep_time,missing_value,,11:15 a.m.,1,,,True,True,True,True,False
2124,sched_dep_time,missing_value,,8:20 p.m.,1,,,True,True,True,True,False
2125,sched_dep_time,missing_value,,2:55 p.m.,1,,,True,True,True,True,False
2126,sched_dep_time,missing_value,,2:30 p.m.,1,,,True,True,True,True,False
2127,sched_dep_time,missing_value,,8:55 a.m.,1,,,True,True,True,True,False
2133,sched_dep_time,missing_value,,9:05 a.m.,1,,,True,True,True,True,False
2135,sched_dep_time,missing_value,,8:35 a.m.,1,,,True,True,True,True,False
2138,sched_dep_time,missing_value,,11:25 a.m.,1,,,True,True,True,True,False
2142,sched_dep_time,missing_value,,2:55 p.m.,1,,,True,True,True,True,False
2151,sched_dep_time,missing_value,,11:40 a.m.,1,,,True,True,True,True,False
2152,sched_dep_time,missing_value,,9:00 p.m.,1,,,True,True,True,True,False
2154,sched_dep_time,missing_value,,1:05 p.m.,1,,,True,True,True,True,False
2156,sched_dep_time,missing_value,,7:00 p.m.,1,,,True,True,True,True,False
2159,sched_dep_time,missing_value,,8:41 a.m.,1,,,True,True,True,True,False
2163,sched_dep_time,missing_value,,11:25 a.m.,1,,,True,True,True,True,False
2164,sched_dep_time,missing_value,,10:39 a.m.,1,,,True,True,True,True,False
2166,sched_dep_time,missing_value,,6:00 a.m.,1,,,True,True,True,True,False
2167,sched_dep_time,missing_value,,12:30 a.m.,1,,,True,True,True,True,False
2169,sched_dep_time,missing_value,,7:35 a.m.,1,,,True,True,True,True,False
2170,sched_dep_time,missing_value,,9:45 a.m.,1,,,True,True,True,True,False
2172,sched_dep_time,missing_value,,8:15 a.m.,1,,,True,True,True,True,False
2175,sched_dep_time,missing_value,,10:45 a.m.,1,,,True,True,True,True,False
2176,sched_dep_time,missing_value,,2:30 p.m.,1,,,True,True,True,True,False
2177,sched_dep_time,missing_value,,8:05 a.m.,1,,,True,True,True,True,False
2178,sched_dep_time,missing_value,,2:55 p.m.,1,,,True,True,True,True,False
2180,sched_dep_time,missing_value,,11:40 a.m.,1,,,True,True,True,True,False
2183,sched_dep_time,missing_value,,6:00 a.m.,1,,,True,True,True,True,False
2184,sched_dep_time,missing_value,,8:40 a.m.,1,,,True,True,True,True,False
2187,sched_dep_time,missing_value,,7:53 a.m.,1,,,True,True,True,True,False
2188,sched_dep_time,missing_value,,12:30 p.m.,1,,,True,True,True,True,False
2189,sched_dep_time,missing_value,,11:45 a.m.,1,,,True,True,True,True,False
2192,sched_dep_time,missing_value,,5:25 p.m.,1,,,True,True,True,True,False
2193,sched_dep_time,missing_value,,7:10 p.m.,1,,,True,True,True,True,False
2195,sched_dep_time,missing_value,,12:57 p.m.,1,,,True,True,True,True,False
2196,sched_dep_time,missing_value,,3:35 p.m.,1,,,True,True,True,True,False
2201,sched_dep_time,missing_value,,1:55 p.m.,1,,,True,True,True,True,False
2205,sched_dep_time,missing_value,,4:55 p.m.,1,,,True,True,True,True,False
2207,sched_dep_time,missing_value,,4:16 p.m.,1,,,True,True,True,True,False
2209,sched_dep_time,missing_value,,10:25 a.m.,1,,,True,True,True,True,False
2210,sched_dep_time,missing_value,,7:05 a.m.,1,,,True,True,True,True,False
2214,sched_dep_time,missing_value,,1:29 p.m.,1,,,True,True,True,True,False
2221,sched_dep_time,missing_value,,8:29 a.m.,1,,,True,True,True,True,False
2223,sched_dep_time,missing_value,,2:53 p.m.,1,,,True,True,True,True,False
2224,sched_dep_time,missing_value,,7:35 a.m.,1,,,True,True,True,True,False
2227,sched_dep_time,missing_value,,1:45 p.m.,1,,,True,True,True,True,False
2228,sched_dep_time,missing_value,,11:15 a.m.,1,,,True,True,True,True,False
2229,sched_dep_time,missing_value,,8:20 p.m.,1,,,True,True,True,True,False
2230,sched_dep_time,missing_value,,2:55 p.m.,1,,,True,True,True,True,False
2231,sched_dep_time,missing_value,,2:30 p.m.,1,,,True,True,True,True,False
2232,sched_dep_time,missing_value,,8:55 a.m.,1,,,True,True,True,True,False
2238,sched_dep_time,missing_value,,9:05 a.m.,1,,,True,True,True,True,False
2240,sched_dep_time,missing_value,,8:35 a.m.,1,,,True,True,True,True,False
2243,sched_dep_time,missing_value,,11:25 a.m.,1,,,True,True,True,True,False
2247,sched_dep_time,missing_value,,2:55 p.m.,1,,,True,True,True,True,False
2,act_dep_time,missing_value,,6:30 p.m.,1,,,True,True,True,True,False
5,act_dep_time,missing_value,,11:25 p.m.,1,,,True,True,True,True,False
31,act_dep_time,missing_value,,11:55 p.m.,1,,,True,True,True,True,False
32,act_dep_time,missing_value,,9:00 p.m.,1,,,True,True,True,True,False
33,act_dep_time,missing_value,,8:25 p.m.,1,,,True,True,True,True,False
36,act_dep_time,missing_value,,1:30 p.m.,1,,,True,True,True,True,False
51,act_dep_time,missing_value,,7:14 p.m.,1,,,True,True,True,True,False
57,act_dep_time,missing_value,,11:32 a.m.,1,,,True,True,True,True,False
62,act_dep_time,missing_value,,12:41 a.m.,1,,,True,True,True,True,False
64,act_dep_time,missing_value,,7:29 a.m.,1,,,True,True,True,True,False
65,act_dep_time,missing_value,,10:19 a.m.,1,,,True,True,True,True,False
71,act_dep_time,missing_value,,2:48 p.m.,1,,,True,True,True,True,False
72,act_dep_time,missing_value,,8:00 a.m.,1,,,True,True,True,True,False
75,act_dep_time,missing_value,,11:56 a.m.,1,,,True,True,True,True,False
78,act_dep_time,missing_value,,6:02 a.m.,1,,,True,True,True,True,False
79,act_dep_time,missing_value,,8:40 a.m.,1,,,True,True,True,True,False
87,act_dep_time,missing_value,,5:22 p.m.,1,,,True,True,True,True,False
88,act_dep_time,missing_value,,8:25 p.m.,1,,,True,True,True,True,False
91,act_dep_time,missing_value,,3:36 p.m.,1,,,True,True,True,True,False
96,act_dep_time,missing_value,,7:15 p.m.,1,,,True,True,True,True,False
98,act_dep_time,missing_value,,9:14 a.m.,1,,,True,True,True,True,False
106,act_dep_time,missing_value,,10:20 a.m.,1,,,True,True,True,True,False
111,act_dep_time,missing_value,,1:48 p.m.,1,,,True,True,True,True,False
120,act_dep_time,missing_value,,3:01 p.m.,1,,,True,True,True,True,False
122,act_dep_time,missing_value,,11:08 p.m.,1,,,True,True,True,True,False
128,act_dep_time,missing_value,,2:48 p.m.,1,,,True,True,True,True,False
129,act_dep_time,missing_value,,9:16 a.m.,1,,,True,True,True,True,False
135,act_dep_time,missing_value,,8:52 a.m.,1,,,True,True,True,True,False
142,act_dep_time,missing_value,,3:31 p.m.,1,,,True,True,True,True,False
146,act_dep_time,missing_value,,3:58 p.m.,1,,,True,True,True,True,False
190,act_dep_time,missing_value,,1:32 p.m.,1,,,True,True,True,True,False
210,act_dep_time,missing_value,,11:55 p.m.,1,,,True,True,True,True,False
220,act_dep_time,missing_value,,11:08 p.m.,1,,,True,True,True,True,False
221,act_dep_time,missing_value,,5:30 p.m.,1,,,True,True,True,True,False
250,act_dep_time,missing_value,,7:16 a.m.,1,,,True,True,True,True,False
253,act_dep_time,missing_value,,8:42 a.m.,1,,,True,True,True,True,False
254,act_dep_time,missing_value,,7:58 p.m.,1,,,True,True,True,True,False
256,act_dep_time,missing_value,,3:27 p.m.,1,,,True,True,True,True,False
257,act_dep_time,missing_value,,11:32 a.m.,1,,,True,True,True,True,False
258,act_dep_time,missing_value,,11:40 a.m.,1,,,True,True,True,True,False
259,act_dep_time,missing_value,,10:33 a.m.,1,,,True,True,True,True,False
261,act_dep_time,missing_value,,5:56 a.m.,1,,,True,True,True,True,False
262,act_dep_time,missing_value,,12:41 p.m.,1,,,True,True,True,True,False
263,act_dep_time,missing_value,,4:00 p.m.,1,,,True,True,True,True,False
264,act_dep_time,missing_value,,10:19 a.m.,1,,,True,True,True,True,False
265,act_dep_time,missing_value,,7:25 a.m.,1,,,True,True,True,True,False
266,act_dep_time,missing_value,,8:12 a.m.,1,,,True,True,True,True,False
267,act_dep_time,missing_value,,4:29 p.m.,1,,,True,True,True,True,False
268,act_dep_time,missing_value,,2:48 p.m.,1,,,True,True,True,True,False
269,act_dep_time,missing_value,,12:12 p.m.,1,,,True,True,True,True,False
271,act_dep_time,missing_value,,11:30 a.m.,1,,,True,True,True,True,False
272,act_dep_time,missing_value,,6:02 a.m.,1,,,True,True,True,True,False
273,act_dep_time,missing_value,,8:40 a.m.,1,,,True,True,True,True,False
274,act_dep_time,missing_value,,10:55 a.m.,1,,,True,True,True,True,False
276,act_dep_time,missing_value,,8:04 a.m.,1,,,True,True,True,True,False
278,act_dep_time,missing_value,,12:41 a.m.,1,,,True,True,True,True,False
280,act_dep_time,missing_value,,12:13 p.m.,1,,,True,True,True,True,False
281,act_dep_time,missing_value,,3:11 a.m.,1,,,True,True,True,True,False
286,act_dep_time,missing_value,,8:00 a.m.,1,,,True,True,True,True,False
287,act_dep_time,missing_value,,6:55 p.m.,1,,,True,True,True,True,False
289,act_dep_time,missing_value,,7:15 p.m.,1,,,True,True,True,True,False
290,act_dep_time,missing_value,,2:10 p.m.,1,,,True,True,True,True,False
291,act_dep_time,missing_value,,9:14 a.m.,1,,,True,True,True,True,False
292,act_dep_time,missing_value,,6:56 a.m.,1,,,True,True,True,True,False
294,act_dep_time,missing_value,,4:28 p.m.,1,,,True,True,True,True,False
295,act_dep_time,missing_value,,4:15 p.m.,1,,,True,True,True,True,False
296,act_dep_time,missing_value,,8:23 p.m.,1,,,True,True,True,True,False
297,act_dep_time,missing_value,,10:20 a.m.,1,,,True,True,True,True,False
298,act_dep_time,missing_value,,7:05 a.m.,1,,,True,True,True,True,False
300,act_dep_time,missing_value,,1:31 p.m.,1,,,True,True,True,True,False
303,act_dep_time,missing_value,,9:00 p.m.,1,,,True,True,True,True,False
307,act_dep_time,missing_value,,2:26 p.m.,1,,,True,True,True,True,False
308,act_dep_time,missing_value,,8:26 a.m.,1,,,True,True,True,True,False
309,act_dep_time,missing_value,,1:30 p.m.,1,,,True,True,True,True,False
310,act_dep_time,missing_value,,3:01 p.m.,1,,,True,True,True,True,False
311,act_dep_time,missing_value,,7:27 a.m.,1,,,True,True,True,True,False
312,act_dep_time,missing_value,,1:32 p.m.,1,,,True,True,True,True,False
313,act_dep_time,missing_value,,11:15 a.m.,1,,,True,True,True,True,False
314,act_dep_time,missing_value,,8:39 p.m.,1,,,True,True,True,True,False
315,act_dep_time,missing_value,,2:55 p.m.,1,,,True,True,True,True,False
316,act_dep_time,missing_value,,2:48 p.m.,1,,,True,True,True,True,False
317,act_dep_time,missing_value,,2:44 p.m.,1,,,True,True,True,True,False
318,act_dep_time,missing_value,,3:27 p.m.,1,,,True,True,True,True,False
320,act_dep_time,missing_value,,2:55 p.m.,1,,,True,True,True,True,False
321,act_dep_time,missing_value,,12:10 p.m.,1,,,True,True,True,True,False
322,act_dep_time,missing_value,,8:04 a.m.,1,,,True,True,True,True,False
323,act_dep_time,missing_value,,8:52 a.m.,1,,,True,True,True,True,False
326,act_dep_time,missing_value,,8:56 a.m.,1,,,True,True,True,True,False
327,act_dep_time,missing_value,,3:36 p.m.,1,,,True,True,True,True,False
328,act_dep_time,missing_value,,4:12 p.m.,1,,,True,True,True,True,False
329,act_dep_time,missing_value,,3:31 p.m.,1,,,True,True,True,True,False
330,act_dep_time,missing_value,,11:55 a.m.,1,,,True,True,True,True,False
331,act_dep_time,missing_value,,10:54 a.m.,1,,,True,True,True,True,False
333,act_dep_time,missing_value,,3:58 p.m.,1,,,True,True,True,True,False
334,act_dep_time,missing_value,,6:10 a.m.,1,,,True,True,True,True,False
336,act_dep_time,missing_value,,7:31 a.m.,1,,,True,True,True,True,False
338,act_dep_time,missing_value,,7:14 p.m.,1,,,True,True,True,True,False
344,act_dep_time,missing_value,,11:32 a.m.,1,,,True,True,True,True,False
349,act_dep_time,missing_value,,12:41 a.m.,1,,,True,True,True,True,False
351,act_dep_time,missing_value,,7:29 a.m.,1,,,True,True,True,True,False
352,act_dep_time,missing_value,,10:19 a.m.,1,,,True,True,True,True,False
358,act_dep_time,missing_value,,2:48 p.m.,1,,,True,True,True,True,False
359,act_dep_time,missing_value,,8:00 a.m.,1,,,True,True,True,True,False
362,act_dep_time,missing_value,,11:56 a.m.,1,,,True,True,True,True,False
365,act_dep_time,missing_value,,6:02 a.m.,1,,,True,True,True,True,False
366,act_dep_time,missing_value,,8:40 a.m.,1,,,True,True,True,True,False
374,act_dep_time,missing_value,,5:22 p.m.,1,,,True,True,True,True,False
375,act_dep_time,missing_value,,8:25 p.m.,1,,,True,True,True,True,False
378,act_dep_time,missing_value,,3:36 p.m.,1,,,True,True,True,True,False
383,act_dep_time,missing_value,,7:15 p.m.,1,,,True,True,True,True,False
385,act_dep_time,missing_value,,9:14 a.m.,1,,,True,True,True,True,False
393,act_dep_time,missing_value,,10:20 a.m.,1,,,True,True,True,True,False
398,act_dep_time,missing_value,,1:48 p.m.,1,,,True,True,True,True,False
407,act_dep_time,missing_value,,3:01 p.m.,1,,,True,True,True,True,False
409,act_dep_time,missing_value,,11:08 p.m.,1,,,True,True,True,True,False
415,act_dep_time,missing_value,,2:48 p.m.,1,,,True,True,True,True,False
416,act_dep_time,missing_value,,9:16 a.m.,1,,,True,True,True,True,False
422,act_dep_time,missing_value,,8:52 a.m.,1,,,True,True,True,True,False
429,act_dep_time,missing_value,,3:31 p.m.,1,,,True,True,True,True,False
433,act_dep_time,missing_value,,3:58 p.m.,1,,,True,True,True,True,False
447,act_dep_time,missing_value,,11:25 p.m.,1,,,True,True,True,True,False
480,act_dep_time,missing_value,,6:30 p.m.,1,,,True,True,True,True,False
482,act_dep_time,missing_value,,7:15 p.m.,1,,,True,True,True,True,False
497,act_dep_time,missing_value,,11:55 p.m.,1,,,True,True,True,True,False
498,act_dep_time,missing_value,,4:25 p.m.,1,,,True,True,True,True,False
499,act_dep_time,missing_value,,9:00 p.m.,1,,,True,True,True,True,False
500,act_dep_time,missing_value,,8:25 p.m.,1,,,True,True,True,True,False
504,act_dep_time,missing_value,,1:30 p.m.,1,,,True,True,True,True,False
507,act_dep_time,missing_value,,11:08 p.m.,1,,,True,True,True,True,False
508,act_dep_time,missing_value,,5:30 p.m.,1,,,True,True,True,True,False
607,act_dep_time,missing_value,,11:08 p.m.,1,,,True,True,True,True,False
639,act_dep_time,missing_value,,11:25 p.m.,1,,,True,True,True,True,False
672,act_dep_time,missing_value,,6:30 p.m.,1,,,True,True,True,True,False
674,act_dep_time,missing_value,,7:15 p.m.,1,,,True,True,True,True,False
689,act_dep_time,missing_value,,11:55 p.m.,1,,,True,True,True,True,False
690,act_dep_time,missing_value,,4:25 p.m.,1,,,True,True,True,True,False
691,act_dep_time,missing_value,,9:00 p.m.,1,,,True,True,True,True,False
692,act_dep_time,missing_value,,8:25 p.m.,1,,,True,True,True,True,False
696,act_dep_time,missing_value,,1:30 p.m.,1,,,True,True,True,True,False
699,act_dep_time,missing_value,,11:08 p.m.,1,,,True,True,True,True,False
700,act_dep_time,missing_value,,5:30 p.m.,1,,,True,True,True,True,False
734,act_dep_time,missing_value,,6:30 p.m.,1,,,True,True,True,True,False
737,act_dep_time,missing_value,,11:25 p.m.,1,,,True,True,True,True,False
756,act_dep_time,missing_value,,1:32 p.m.,1,,,True,True,True,True,False
771,act_dep_time,missing_value,,11:55 p.m.,1,,,True,True,True,True,False
772,act_dep_time,missing_value,,9:00 p.m.,1,,,True,True,True,True,False
773,act_dep_time,missing_value,,8:25 p.m.,1,,,True,True,True,True,False
777,act_dep_time,missing_value,,1:30 p.m.,1,,,True,True,True,True,False
779,act_dep_time,missing_value,,5:30 p.m.,1,,,True,True,True,True,False
783,act_dep_time,missing_value,,4:25 p.m.,1,,,True,True,True,True,False
792,act_dep_time,missing_value,,11:05 a.m.,1,,,True,True,True,True,False
793,act_dep_time,missing_value,,7:22 a.m.,1,,,True,True,True,True,False
794,act_dep_time,missing_value,,4:29 p.m.,1,,,True,True,True,True,False
795,act_dep_time,missing_value,,6:08 a.m.,1,,,True,True,True,True,False
796,act_dep_time,missing_value,,7:39 a.m.,1,,,True,True,True,True,False
798,act_dep_time,missing_value,,2:04 p.m.,1,,,True,True,True,True,False
799,act_dep_time,missing_value,,8:25 p.m.,1,,,True,True,True,True,False
800,act_dep_time,missing_value,,12:12 p.m.,1,,,True,True,True,True,False
801,act_dep_time,missing_value,,11:01 a.m.,1,,,True,True,True,True,False
802,act_dep_time,missing_value,,4:29 p.m.,1,,,True,True,True,True,False
803,act_dep_time,missing_value,,7:14 p.m.,1,,,True,True,True,True,False
804,act_dep_time,missing_value,,3:27 p.m.,1,,,True,True,True,True,False
805,act_dep_time,missing_value,,6:30 p.m.,1,,,True,True,True,True,False
806,act_dep_time,missing_value,,6:57 a.m.,1,,,True,True,True,True,False
807,act_dep_time,missing_value,,11:25 p.m.,1,,,True,True,True,True,False
808,act_dep_time,missing_value,,8:23 p.m.,1,,,True,True,True,True,False
809,act_dep_time,missing_value,,7:21 a.m.,1,,,True,True,True,True,False
810,act_dep_time,missing_value,,9:14 a.m.,1,,,True,True,True,True,False
816,act_dep_time,missing_value,,7:58 p.m.,1,,,True,True,True,True,False
821,act_dep_time,missing_value,,11:25 p.m.,1,,,True,True,True,True,False
854,act_dep_time,missing_value,,6:30 p.m.,1,,,True,True,True,True,False
856,act_dep_time,missing_value,,7:15 p.m.,1,,,True,True,True,True,False
871,act_dep_time,missing_value,,11:55 p.m.,1,,,True,True,True,True,False
872,act_dep_time,missing_value,,4:25 p.m.,1,,,True,True,True,True,False
873,act_dep_time,missing_value,,9:00 p.m.,1,,,True,True,True,True,False
874,act_dep_time,missing_value,,8:25 p.m.,1,,,True,True,True,True,False
878,act_dep_time,missing_value,,1:30 p.m.,1,,,True,True,True,True,False
881,act_dep_time,missing_value,,11:08 p.m.,1,,,True,True,True,True,False
882,act_dep_time,missing_value,,5:30 p.m.,1,,,True,True,True,True,False
913,act_dep_time,missing_value,,8:42 a.m.,1,,,True,True,True,True,False
915,act_dep_time,missing_value,,5:56 a.m.,1,,,True,True,True,True,False
916,act_dep_time,missing_value,,12:41 a.m.,1,,,True,True,True,True,False
918,act_dep_time,missing_value,,10:19 a.m.,1,,,True,True,True,True,False
919,act_dep_time,missing_value,,7:25 a.m.,1,,,True,True,True,True,False
920,act_dep_time,missing_value,,2:48 p.m.,1,,,True,True,True,True,False
933,act_dep_time,missing_value,,9:14 a.m.,1,,,True,True,True,True,False
936,act_dep_time,missing_value,,8:23 p.m.,1,,,True,True,True,True,False
937,act_dep_time,missing_value,,10:20 a.m.,1,,,True,True,True,True,False
946,act_dep_time,missing_value,,8:26 a.m.,1,,,True,True,True,True,False
947,act_dep_time,missing_value,,11:08 p.m.,1,,,True,True,True,True,False
948,act_dep_time,missing_value,,5:30 p.m.,1,,,True,True,True,True,False
949,act_dep_time,missing_value,,1:32 p.m.,1,,,True,True,True,True,False
955,act_dep_time,missing_value,,2:55 p.m.,1,,,True,True,True,True,False
956,act_dep_time,missing_value,,7:27 a.m.,1,,,True,True,True,True,False
958,act_dep_time,missing_value,,8:04 a.m.,1,,,True,True,True,True,False
959,act_dep_time,missing_value,,8:52 a.m.,1,,,True,True,True,True,False
962,act_dep_time,missing_value,,11:40 a.m.,1,,,True,True,True,True,False
963,act_dep_time,missing_value,,4:12 p.m.,1,,,True,True,True,True,False
1080,act_dep_time,missing_value,,11:25 p.m.,1,,,True,True,True,True,False
1113,act_dep_time,missing_value,,6:30 p.m.,1,,,True,True,True,True,False
1115,act_dep_time,missing_value,,7:15 p.m.,1,,,True,True,True,True,False
1130,act_dep_time,missing_value,,11:55 p.m.,1,,,True,True,True,True,False
1131,act_dep_time,missing_value,,4:25 p.m.,1,,,True,True,True,True,False
1132,act_dep_time,missing_value,,9:00 p.m.,1,,,True,True,True,True,False
1133,act_dep_time,missing_value,,8:25 p.m.,1,,,True,True,True,True,False
1137,act_dep_time,missing_value,,1:30 p.m.,1,,,True,True,True,True,False
1140,act_dep_time,missing_value,,11:08 p.m.,1,,,True,True,True,True,False
1141,act_dep_time,missing_value,,5:30 p.m.,1,,,True,True,True,True,False
1170,act_dep_time,missing_value,,7:16 a.m.,1,,,True,True,True,True,False
1173,act_dep_time,missing_value,,8:42 a.m.,1,,,True,True,True,True,False
1174,act_dep_time,missing_value,,7:58 p.m.,1,,,True,True,True,True,False
1178,act_dep_time,missing_value,,4:29 p.m.,1,,,True,True,True,True,False
1181,act_dep_time,missing_value,,11:30 a.m.,1,,,True,True,True,True,False
1182,act_dep_time,missing_value,,10:55 a.m.,1,,,True,True,True,True,False
1189,act_dep_time,missing_value,,1:32 p.m.,1,,,True,True,True,True,False
1191,act_dep_time,missing_value,,6:55 p.m.,1,,,True,True,True,True,False
1196,act_dep_time,missing_value,,10:20 a.m.,1,,,True,True,True,True,False
1198,act_dep_time,missing_value,,1:31 p.m.,1,,,True,True,True,True,False
1204,act_dep_time,missing_value,,11:08 p.m.,1,,,True,True,True,True,False
1205,act_dep_time,missing_value,,5:30 p.m.,1,,,True,True,True,True,False
1212,act_dep_time,missing_value,,12:10 p.m.,1,,,True,True,True,True,False
1213,act_dep_time,missing_value,,8:04 a.m.,1,,,True,True,True,True,False
1214,act_dep_time,missing_value,,8:52 a.m.,1,,,True,True,True,True,False
1219,act_dep_time,missing_value,,11:40 a.m.,1,,,True,True,True,True,False
1220,act_dep_time,missing_value,,4:12 p.m.,1,,,True,True,True,True,False
1221,act_dep_time,missing_value,,6:10 a.m.,1,,,True,True,True,True,False
1224,act_dep_time,missing_value,,7:14 p.m.,1,,,True,True,True,True,False
1230,act_dep_time,missing_value,,11:32 a.m.,1,,,True,True,True,True,False
1235,act_dep_time,missing_value,,12:41 a.m.,1,,,True,True,True,True,False
1237,act_dep_time,missing_value,,7:29 a.m.,1,,,True,True,True,True,False
1238,act_dep_time,missing_value,,10:19 a.m.,1,,,True,True,True,True,False
1244,act_dep_time,missing_value,,2:48 p.m.,1,,,True,True,True,True,False
1245,act_dep_time,missing_value,,8:00 a.m.,1,,,True,True,True,True,False
1248,act_dep_time,missing_value,,11:56 a.m.,1,,,True,True,True,True,False
1251,act_dep_time,missing_value,,6:02 a.m.,1,,,True,True,True,True,False
1252,act_dep_time,missing_value,,8:40 a.m.,1,,,True,True,True,True,False
1260,act_dep_time,missing_value,,5:22 p.m.,1,,,True,True,True,True,False
1261,act_dep_time,missing_value,,8:25 p.m.,1,,,True,True,True,True,False
1264,act_dep_time,missing_value,,3:36 p.m.,1,,,True,True,True,True,False
1269,act_dep_time,missing_value,,7:15 p.m.,1,,,True,True,True,True,False
1271,act_dep_time,missing_value,,9:14 a.m.,1,,,True,True,True,True,False
1279,act_dep_time,missing_value,,10:20 a.m.,1,,,True,True,True,True,False
1284,act_dep_time,missing_value,,1:48 p.m.,1,,,True,True,True,True,False
1293,act_dep_time,missing_value,,3:01 p.m.,1,,,True,True,True,True,False
1295,act_dep_time,missing_value,,11:08 p.m.,1,,,True,True,True,True,False
1301,act_dep_time,missing_value,,2:48 p.m.,1,,,True,True,True,True,False
1302,act_dep_time,missing_value,,9:16 a.m.,1,,,True,True,True,True,False
1308,act_dep_time,missing_value,,8:52 a.m.,1,,,True,True,True,True,False
1315,act_dep_time,missing_value,,3:31 p.m.,1,,,True,True,True,True,False
1319,act_dep_time,missing_value,,3:58 p.m.,1,,,True,True,True,True,False
1327,act_dep_time,missing_value,,8:42 a.m.,1,,,True,True,True,True,False
1332,act_dep_time,missing_value,,10:33 a.m.,1,,,True,True,True,True,False
1333,act_dep_time,missing_value,,11:25 p.m.,1,,,True,True,True,True,False
1337,act_dep_time,missing_value,,7:29 a.m.,1,,,True,True,True,True,False
1366,act_dep_time,missing_value,,6:30 p.m.,1,,,True,True,True,True,False
1368,act_dep_time,missing_value,,7:15 p.m.,1,,,True,True,True,True,False
1383,act_dep_time,missing_value,,11:55 p.m.,1,,,True,True,True,True,False
1384,act_dep_time,missing_value,,4:25 p.m.,1,,,True,True,True,True,False
1385,act_dep_time,missing_value,,9:00 p.m.,1,,,True,True,True,True,False
1386,act_dep_time,missing_value,,8:25 p.m.,1,,,True,True,True,True,False
1389,act_dep_time,missing_value,,1:30 p.m.,1,,,True,True,True,True,False
1392,act_dep_time,missing_value,,11:08 p.m.,1,,,True,True,True,True,False
1393,act_dep_time,missing_value,,5:30 p.m.,1,,,True,True,True,True,False
1422,act_dep_time,missing_value,,12:12 p.m.,1,,,True,True,True,True,False
1423,act_dep_time,missing_value,,8:26 a.m.,1,,,True,True,True,True,False
1424,act_dep_time,missing_value,,2:44 p.m.,1,,,True,True,True,True,False
1425,act_dep_time,missing_value,,1:31 p.m.,1,,,True,True,True,True,False
1481,act_dep_time,missing_value,,8:29 a.m.,1,,,True,True,True,True,False
1482,act_dep_time,missing_value,,3:36 p.m.,1,,,True,True,True,True,False
1483,act_dep_time,missing_value,,8:51 a.m.,1,,,True,True,True,True,False
1484,act_dep_time,missing_value,,7:39 a.m.,1,,,True,True,True,True,False
1485,act_dep_time,missing_value,,2:26 p.m.,1,,,True,True,True,True,False
1486,act_dep_time,missing_value,,5:56 a.m.,1,,,True,True,True,True,False
1488,act_dep_time,missing_value,,7:14 p.m.,1,,,True,True,True,True,False
1494,act_dep_time,missing_value,,11:32 a.m.,1,,,True,True,True,True,False
1499,act_dep_time,missing_value,,12:41 a.m.,1,,,True,True,True,True,False
1501,act_dep_time,missing_value,,7:29 a.m.,1,,,True,True,True,True,False
1502,act_dep_time,missing_value,,10:19 a.m.,1,,,True,True,True,True,False
1508,act_dep_time,missing_value,,2:48 p.m.,1,,,True,True,True,True,False
1509,act_dep_time,missing_value,,8:00 a.m.,1,,,True,True,True,True,False
1512,act_dep_time,missing_value,,11:56 a.m.,1,,,True,True,True,True,False
1515,act_dep_time,missing_value,,6:02 a.m.,1,,,True,True,True,True,False
1516,act_dep_time,missing_value,,8:40 a.m.,1,,,True,True,True,True,False
1524,act_dep_time,missing_value,,5:22 p.m.,1,,,True,True,True,True,False
1525,act_dep_time,missing_value,,8:25 p.m.,1,,,True,True,True,True,False
1528,act_dep_time,missing_value,,3:36 p.m.,1,,,True,True,True,True,False
1533,act_dep_time,missing_value,,7:15 p.m.,1,,,True,True,True,True,False
1535,act_dep_time,missing_value,,9:14 a.m.,1,,,True,True,True,True,False
1543,act_dep_time,missing_value,,10:20 a.m.,1,,,True,True,True,True,False
1548,act_dep_time,missing_value,,1:48 p.m.,1,,,True,True,True,True,False
1557,act_dep_time,missing_value,,3:01 p.m.,1,,,True,True,True,True,False
1559,act_dep_time,missing_value,,11:08 p.m.,1,,,True,True,True,True,False
1565,act_dep_time,missing_value,,2:48 p.m.,1,,,True,True,True,True,False
1566,act_dep_time,missing_value,,9:16 a.m.,1,,,True,True,True,True,False
1572,act_dep_time,missing_value,,8:52 a.m.,1,,,True,True,True,True,False
1579,act_dep_time,missing_value,,3:31 p.m.,1,,,True,True,True,True,False
1583,act_dep_time,missing_value,,3:58 p.m.,1,,,True,True,True,True,False
1589,act_dep_time,missing_value,,8:42 a.m.,1,,,True,True,True,True,False
1590,act_dep_time,missing_value,,6:30 p.m.,1,,,True,True,True,True,False
1592,act_dep_time,missing_value,,10:33 a.m.,1,,,True,True,True,True,False
1593,act_dep_time,missing_value,,11:25 p.m.,1,,,True,True,True,True,False
1617,act_dep_time,missing_value,,4:25 p.m.,1,,,True,True,True,True,False
1619,act_dep_time,missing_value,,8:25 p.m.,1,,,True,True,True,True,False
1625,act_dep_time,missing_value,,11:08 p.m.,1,,,True,True,True,True,False
1637,act_dep_time,missing_value,,7:16 a.m.,1,,,True,True,True,True,False
1638,act_dep_time,missing_value,,6:56 a.m.,1,,,True,True,True,True,False
1639,act_dep_time,missing_value,,7:30 a.m.,1,,,True,True,True,True,False
1640,act_dep_time,missing_value,,2:44 p.m.,1,,,True,True,True,True,False
1641,act_dep_time,missing_value,,7:22 a.m.,1,,,True,True,True,True,False
1642,act_dep_time,missing_value,,8:23 p.m.,1,,,True,True,True,True,False
1643,act_dep_time,missing_value,,4:15 p.m.,1,,,True,True,True,True,False
1644,act_dep_time,missing_value,,1:19 p.m.,1,,,True,True,True,True,False
1645,act_dep_time,missing_value,,6:55 p.m.,1,,,True,True,True,True,False
1646,act_dep_time,missing_value,,8:04 a.m.,1,,,True,True,True,True,False
1647,act_dep_time,missing_value,,1:31 p.m.,1,,,True,True,True,True,False
1648,act_dep_time,missing_value,,12:41 p.m.,1,,,True,True,True,True,False
1649,act_dep_time,missing_value,,4:12 p.m.,1,,,True,True,True,True,False
1650,act_dep_time,missing_value,,11:55 p.m.,1,,,True,True,True,True,False
1651,act_dep_time,missing_value,,11:40 a.m.,1,,,True,True,True,True,False
1652,act_dep_time,missing_value,,12:13 p.m.,1,,,True,True,True,True,False
1653,act_dep_time,missing_value,,7:58 p.m.,1,,,True,True,True,True,False
1654,act_dep_time,missing_value,,10:54 a.m.,1,,,True,True,True,True,False
1655,act_dep_time,missing_value,,11:08 p.m.,1,,,True,True,True,True,False
1656,act_dep_time,missing_value,,11:05 a.m.,1,,,True,True,True,True,False
1657,act_dep_time,missing_value,,1:32 p.m.,1,,,True,True,True,True,False
1658,act_dep_time,missing_value,,8:56 a.m.,1,,,True,True,True,True,False
1659,act_dep_time,missing_value,,3:36 p.m.,1,,,True,True,True,True,False
1660,act_dep_time,missing_value,,2:10 p.m.,1,,,True,True,True,True,False
1763,act_dep_time,missing_value,,7:58 p.m.,1,,,True,True,True,True,False
1768,act_dep_time,missing_value,,11:25 p.m.,1,,,True,True,True,True,False
1801,act_dep_time,missing_value,,6:30 p.m.,1,,,True,True,True,True,False
1803,act_dep_time,missing_value,,7:15 p.m.,1,,,True,True,True,True,False
1818,act_dep_time,missing_value,,11:55 p.m.,1,,,True,True,True,True,False
1819,act_dep_time,missing_value,,4:25 p.m.,1,,,True,True,True,True,False
1820,act_dep_time,missing_value,,9:00 p.m.,1,,,True,True,True,True,False
1821,act_dep_time,missing_value,,8:25 p.m.,1,,,True,True,True,True,False
1825,act_dep_time,missing_value,,1:30 p.m.,1,,,True,True,True,True,False
1828,act_dep_time,missing_value,,11:08 p.m.,1,,,True,True,True,True,False
1829,act_dep_time,missing_value,,5:30 p.m.,1,,,True,True,True,True,False
1928,act_dep_time,missing_value,,11:08 p.m.,1,,,True,True,True,True,False
1960,act_dep_time,missing_value,,11:25 p.m.,1,,,True,True,True,True,False
1993,act_dep_time,missing_value,,6:30 p.m.,1,,,True,True,True,True,False
1995,act_dep_time,missing_value,,7:15 p.m.,1,,,True,True,True,True,False
2010,act_dep_time,missing_value,,11:55 p.m.,1,,,True,True,True,True,False
2011,act_dep_time,missing_value,,4:25 p.m.,1,,,True,True,True,True,False
2012,act_dep_time,missing_value,,9:00 p.m.,1,,,True,True,True,True,False
2013,act_dep_time,missing_value,,8:25 p.m.,1,,,True,True,True,True,False
2017,act_dep_time,missing_value,,1:30 p.m.,1,,,True,True,True,True,False
2020,act_dep_time,missing_value,,11:08 p.m.,1,,,True,True,True,True,False
2021,act_dep_time,missing_value,,5:30 p.m.,1,,,True,True,True,True,False
2055,act_dep_time,missing_value,,7:58 p.m.,1,,,True,True,True,True,False
2060,act_dep_time,missing_value,,11:25 p.m.,1,,,True,True,True,True,False
2093,act_dep_time,missing_value,,6:30 p.m.,1,,,True,True,True,True,False
2095,act_dep_time,missing_value,,7:15 p.m.,1,,,True,True,True,True,False
2110,act_dep_time,missing_value,,11:55 p.m.,1,,,True,True,True,True,False
2111,act_dep_time,missing_value,,4:25 p.m.,1,,,True,True,True,True,False
2112,act_dep_time,missing_value,,9:00 p.m.,1,,,True,True,True,True,False
2113,act_dep_time,missing_value,,8:25 p.m.,1,,,True,True,True,True,False
2117,act_dep_time,missing_value,,1:30 p.m.,1,,,True,True,True,True,False
2120,act_dep_time,missing_value,,11:08 p.m.,1,,,True,True,True,True,False
2121,act_dep_time,missing_value,,5:30 p.m.,1,,,True,True,True,True,False
2150,act_dep_time,missing_value,,11:32 a.m.,1,,,True,True,True,True,False
2151,act_dep_time,missing_value,,11:56 a.m.,1,,,True,True,True,True,False
2152,act_dep_time,missing_value,,9:00 p.m.,1,,,True,True,True,True,False
2153,act_dep_time,missing_value,,4:15 p.m.,1,,,True,True,True,True,False
2154,act_dep_time,missing_value,,1:19 p.m.,1,,,True,True,True,True,False
2165,act_dep_time,missing_value,,11:25 p.m.,1,,,True,True,True,True,False
2198,act_dep_time,missing_value,,6:30 p.m.,1,,,True,True,True,True,False
2200,act_dep_time,missing_value,,7:15 p.m.,1,,,True,True,True,True,False
2215,act_dep_time,missing_value,,11:55 p.m.,1,,,True,True,True,True,False
2216,act_dep_time,missing_value,,4:25 p.m.,1,,,True,True,True,True,False
2217,act_dep_time,missing_value,,9:00 p.m.,1,,,True,True,True,True,False
2218,act_dep_time,missing_value,,8:25 p.m.,1,,,True,True,True,True,False
2222,act_dep_time,missing_value,,1:30 p.m.,1,,,True,True,True,True,False
2225,act_dep_time,missing_value,,11:08 p.m.,1,,,True,True,True,True,False
2226,act_dep_time,missing_value,,5:30 p.m.,1,,,True,True,True,True,False
50,sched_arr_time,missing_value,,9:40 a.m.,1,,,True,True,True,True,False
52,sched_arr_time,missing_value,,9:25 a.m.,1,,,True,True,True,True,False
53,sched_arr_time,missing_value,,11:55 a.m.,1,,,True,True,True,True,False
54,sched_arr_time,missing_value,,9:54 a.m.,1,,,True,True,True,True,False
55,sched_arr_time,missing_value,,10:30 p.m.,1,,,True,True,True,True,False
56,sched_arr_time,missing_value,,5:05 p.m.,1,,,True,True,True,True,False
58,sched_arr_time,missing_value,,5:25 p.m.,1,,,True,True,True,True,False
59,sched_arr_time,missing_value,,11:19 a.m.,1,,,True,True,True,True,False
60,sched_arr_time,missing_value,,6:55 a.m.,1,,,True,True,True,True,False
61,sched_arr_time,missing_value,,7:23 a.m.,1,,,True,True,True,True,False
63,sched_arr_time,missing_value,,6:46 p.m.,1,,,True,True,True,True,False
66,sched_arr_time,missing_value,,12:35 p.m.,1,,,True,True,True,True,False
67,sched_arr_time,missing_value,,10:06 a.m.,1,,,True,True,True,True,False
68,sched_arr_time,missing_value,,9:55 a.m.,1,,,True,True,True,True,False
69,sched_arr_time,missing_value,,7:55 p.m.,1,,,True,True,True,True,False
70,sched_arr_time,missing_value,,2:20 p.m.,1,,,True,True,True,True,False
73,sched_arr_time,missing_value,,5:00 p.m.,1,,,True,True,True,True,False
74,sched_arr_time,missing_value,,3:50 p.m.,1,,,True,True,True,True,False
76,sched_arr_time,missing_value,,9:20 a.m.,1,,,True,True,True,True,False
77,sched_arr_time,missing_value,,4:57 p.m.,1,,,True,True,True,True,False
80,sched_arr_time,missing_value,,12:10 p.m.,1,,,True,True,True,True,False
81,sched_arr_time,missing_value,,2:35 p.m.,1,,,True,True,True,True,False
82,sched_arr_time,missing_value,,1:39 p.m.,1,,,True,True,True,True,False
83,sched_arr_time,missing_value,,3:19 p.m.,1,,,True,True,True,True,False
84,sched_arr_time,missing_value,,2:00 p.m.,1,,,True,True,True,True,False
85,sched_arr_time,missing_value,,6:15 p.m.,1,,,True,True,True,True,False
86,sched_arr_time,missing_value,,1:45 p.m.,1,,,True,True,True,True,False
89,sched_arr_time,missing_value,,2:45 p.m.,1,,,True,True,True,True,False
90,sched_arr_time,missing_value,,5:15 p.m.,1,,,True,True,True,True,False
92,sched_arr_time,missing_value,,10:35 a.m.,1,,,True,True,True,True,False
93,sched_arr_time,missing_value,,7:25 p.m.,1,,,True,True,True,True,False
94,sched_arr_time,missing_value,,9:10 p.m.,1,,,True,True,True,True,False
95,sched_arr_time,missing_value,,3:15 p.m.,1,,,True,True,True,True,False
97,sched_arr_time,missing_value,,7:53 p.m.,1,,,True,True,True,True,False
99,sched_arr_time,missing_value,,7:30 a.m.,1,,,True,True,True,True,False
100,sched_arr_time,missing_value,,9:35 a.m.,1,,,True,True,True,True,False
101,sched_arr_time,missing_value,,8:05 p.m.,1,,,True,True,True,True,False
102,sched_arr_time,missing_value,,11:10 a.m.,1,,,True,True,True,True,False
103,sched_arr_time,missing_value,,6:23 p.m.,1,,,True,True,True,True,False
104,sched_arr_time,missing_value,,7:35 p.m.,1,,,True,True,True,True,False
105,sched_arr_time,missing_value,,9:45 p.m.,1,,,True,True,True,True,False
107,sched_arr_time,missing_value,,10:31 a.m.,1,,,True,True,True,True,False
108,sched_arr_time,missing_value,,2:59 p.m.,1,,,True,True,True,True,False
109,sched_arr_time,missing_value,,4:31 p.m.,1,,,True,True,True,True,False
110,sched_arr_time,missing_value,,2:45 p.m.,1,,,True,True,True,True,False
112,sched_arr_time,missing_value,,5:50 a.m.,1,,,True,True,True,True,False
113,sched_arr_time,missing_value,,12:29 a.m.,1,,,True,True,True,True,False
114,sched_arr_time,missing_value,,12:15 a.m.,1,,,True,True,True,True,False
115,sched_arr_time,missing_value,,11:50 p.m.,1,,,True,True,True,True,False
116,sched_arr_time,missing_value,,10:34 a.m.,1,,,True,True,True,True,False
117,sched_arr_time,missing_value,,11:50 a.m.,1,,,True,True,True,True,False
118,sched_arr_time,missing_value,,9:24 a.m.,1,,,True,True,True,True,False
119,sched_arr_time,missing_value,,3:50 p.m.,1,,,True,True,True,True,False
121,sched_arr_time,missing_value,,9:43 a.m.,1,,,True,True,True,True,False
123,sched_arr_time,missing_value,,6:40 p.m.,1,,,True,True,True,True,False
124,sched_arr_time,missing_value,,8:27 a.m.,1,,,True,True,True,True,False
125,sched_arr_time,missing_value,,1:40 p.m.,1,,,True,True,True,True,False
126,sched_arr_time,missing_value,,9:20 p.m.,1,,,True,True,True,True,False
127,sched_arr_time,missing_value,,4:53 p.m.,1,,,True,True,True,True,False
130,sched_arr_time,missing_value,,4:05 p.m.,1,,,True,True,True,True,False
131,sched_arr_time,missing_value,,5:55 p.m.,1,,,True,True,True,True,False
132,sched_arr_time,missing_value,,11:35 a.m.,1,,,True,True,True,True,False
133,sched_arr_time,missing_value,,2:15 p.m.,1,,,True,True,True,True,False
134,sched_arr_time,missing_value,,11:05 a.m.,1,,,True,True,True,True,False
136,sched_arr_time,missing_value,,2:35 p.m.,1,,,True,True,True,True,False
137,sched_arr_time,missing_value,,10:40 a.m.,1,,,True,True,True,True,False
138,sched_arr_time,missing_value,,6:30 p.m.,1,,,True,True,True,True,False
139,sched_arr_time,missing_value,,8:00 a.m.,1,,,True,True,True,True,False
140,sched_arr_time,missing_value,,6:40 p.m.,1,,,True,True,True,True,False
141,sched_arr_time,missing_value,,2:25 p.m.,1,,,True,True,True,True,False
143,sched_arr_time,missing_value,,6:17 p.m.,1,,,True,True,True,True,False
144,sched_arr_time,missing_value,,12:55 p.m.,1,,,True,True,True,True,False
145,sched_arr_time,missing_value,,7:45 a.m.,1,,,True,True,True,True,False
147,sched_arr_time,missing_value,,6:40 a.m.,1,,,True,True,True,True,False
148,sched_arr_time,missing_value,,10:45 a.m.,1,,,True,True,True,True,False
149,sched_arr_time,missing_value,,3:30 p.m.,1,,,True,True,True,True,False
151,sched_arr_time,missing_value,,10:15 p.m.,1,,,True,True,True,True,False
154,sched_arr_time,missing_value,,9:54 a.m.,1,,,True,True,True,True,False
158,sched_arr_time,missing_value,,2:50 p.m.,1,,,True,True,True,True,False
159,sched_arr_time,missing_value,,11:19 a.m.,1,,,True,True,True,True,False
161,sched_arr_time,missing_value,,7:23 a.m.,1,,,True,True,True,True,False
162,sched_arr_time,missing_value,,5:35 a.m.,1,,,True,True,True,True,False
164,sched_arr_time,missing_value,,9:21 a.m.,1,,,True,True,True,True,False
165,sched_arr_time,missing_value,,1:16 p.m.,1,,,True,True,True,True,False
167,sched_arr_time,missing_value,,10:06 a.m.,1,,,True,True,True,True,False
170,sched_arr_time,missing_value,,2:20 p.m.,1,,,True,True,True,True,False
171,sched_arr_time,missing_value,,7:03 p.m.,1,,,True,True,True,True,False
172,sched_arr_time,missing_value,,11:35 a.m.,1,,,True,True,True,True,False
173,sched_arr_time,missing_value,,5:00 p.m.,1,,,True,True,True,True,False
175,sched_arr_time,missing_value,,1:17 p.m.,1,,,True,True,True,True,False
178,sched_arr_time,missing_value,,10:20 a.m.,1,,,True,True,True,True,False
179,sched_arr_time,missing_value,,10:54 a.m.,1,,,True,True,True,True,False
182,sched_arr_time,missing_value,,1:39 p.m.,1,,,True,True,True,True,False
183,sched_arr_time,missing_value,,3:19 p.m.,1,,,True,True,True,True,False
184,sched_arr_time,missing_value,,2:00 p.m.,1,,,True,True,True,True,False
187,sched_arr_time,missing_value,,8:22 p.m.,1,,,True,True,True,True,False
188,sched_arr_time,missing_value,,8:56 p.m.,1,,,True,True,True,True,False
191,sched_arr_time,missing_value,,4:00 p.m.,1,,,True,True,True,True,False
196,sched_arr_time,missing_value,,7:53 p.m.,1,,,True,True,True,True,False
200,sched_arr_time,missing_value,,8:05 p.m.,1,,,True,True,True,True,False
202,sched_arr_time,missing_value,,7:35 p.m.,1,,,True,True,True,True,False
204,sched_arr_time,missing_value,,6:44 p.m.,1,,,True,True,True,True,False
205,sched_arr_time,missing_value,,10:31 a.m.,1,,,True,True,True,True,False
209,sched_arr_time,missing_value,,4:17 p.m.,1,,,True,True,True,True,False
216,sched_arr_time,missing_value,,9:24 a.m.,1,,,True,True,True,True,False
218,sched_arr_time,missing_value,,4:48 p.m.,1,,,True,True,True,True,False
219,sched_arr_time,missing_value,,9:43 a.m.,1,,,True,True,True,True,False
222,sched_arr_time,missing_value,,8:27 a.m.,1,,,True,True,True,True,False
223,sched_arr_time,missing_value,,1:40 p.m.,1,,,True,True,True,True,False
224,sched_arr_time,missing_value,,9:20 p.m.,1,,,True,True,True,True,False
225,sched_arr_time,missing_value,,4:53 p.m.,1,,,True,True,True,True,False
226,sched_arr_time,missing_value,,7:03 p.m.,1,,,True,True,True,True,False
227,sched_arr_time,missing_value,,11:45 a.m.,1,,,True,True,True,True,False
233,sched_arr_time,missing_value,,11:53 a.m.,1,,,True,True,True,True,False
235,sched_arr_time,missing_value,,10:40 a.m.,1,,,True,True,True,True,False
238,sched_arr_time,missing_value,,5:25 p.m.,1,,,True,True,True,True,False
242,sched_arr_time,missing_value,,4:49 p.m.,1,,,True,True,True,True,False
337,sched_arr_time,missing_value,,9:40 a.m.,1,,,True,True,True,True,False
339,sched_arr_time,missing_value,,9:25 a.m.,1,,,True,True,True,True,False
340,sched_arr_time,missing_value,,11:55 a.m.,1,,,True,True,True,True,False
341,sched_arr_time,missing_value,,9:54 a.m.,1,,,True,True,True,True,False
342,sched_arr_time,missing_value,,10:30 p.m.,1,,,True,True,True,True,False
343,sched_arr_time,missing_value,,5:05 p.m.,1,,,True,True,True,True,False
345,sched_arr_time,missing_value,,5:25 p.m.,1,,,True,True,True,True,False
346,sched_arr_time,missing_value,,11:19 a.m.,1,,,True,True,True,True,False
347,sched_arr_time,missing_value,,6:55 a.m.,1,,,True,True,True,True,False
348,sched_arr_time,missing_value,,7:23 a.m.,1,,,True,True,True,True,False
350,sched_arr_time,missing_value,,6:46 p.m.,1,,,True,True,True,True,False
353,sched_arr_time,missing_value,,12:35 p.m.,1,,,True,True,True,True,False
354,sched_arr_time,missing_value,,10:06 a.m.,1,,,True,True,True,True,False
355,sched_arr_time,missing_value,,9:55 a.m.,1,,,True,True,True,True,False
356,sched_arr_time,missing_value,,7:55 p.m.,1,,,True,True,True,True,False
357,sched_arr_time,missing_value,,2:20 p.m.,1,,,True,True,True,True,False
360,sched_arr_time,missing_value,,5:00 p.m.,1,,,True,True,True,True,False
361,sched_arr_time,missing_value,,3:50 p.m.,1,,,True,True,True,True,False
363,sched_arr_time,missing_value,,9:20 a.m.,1,,,True,True,True,True,False
364,sched_arr_time,missing_value,,4:57 p.m.,1,,,True,True,True,True,False
367,sched_arr_time,missing_value,,12:10 p.m.,1,,,True,True,True,True,False
368,sched_arr_time,missing_value,,2:35 p.m.,1,,,True,True,True,True,False
369,sched_arr_time,missing_value,,1:39 p.m.,1,,,True,True,True,True,False
370,sched_arr_time,missing_value,,3:19 p.m.,1,,,True,True,True,True,False
371,sched_arr_time,missing_value,,2:00 p.m.,1,,,True,True,True,True,False
372,sched_arr_time,missing_value,,6:15 p.m.,1,,,True,True,True,True,False
373,sched_arr_time,missing_value,,1:45 p.m.,1,,,True,True,True,True,False
376,sched_arr_time,missing_value,,2:45 p.m.,1,,,True,True,True,True,False
377,sched_arr_time,missing_value,,5:15 p.m.,1,,,True,True,True,True,False
379,sched_arr_time,missing_value,,10:35 a.m.,1,,,True,True,True,True,False
380,sched_arr_time,missing_value,,7:25 p.m.,1,,,True,True,True,True,False
381,sched_arr_time,missing_value,,9:10 p.m.,1,,,True,True,True,True,False
382,sched_arr_time,missing_value,,3:15 p.m.,1,,,True,True,True,True,False
384,sched_arr_time,missing_value,,7:53 p.m.,1,,,True,True,True,True,False
386,sched_arr_time,missing_value,,7:30 a.m.,1,,,True,True,True,True,False
387,sched_arr_time,missing_value,,9:35 a.m.,1,,,True,True,True,True,False
388,sched_arr_time,missing_value,,8:05 p.m.,1,,,True,True,True,True,False
389,sched_arr_time,missing_value,,11:10 a.m.,1,,,True,True,True,True,False
390,sched_arr_time,missing_value,,6:23 p.m.,1,,,True,True,True,True,False
391,sched_arr_time,missing_value,,7:35 p.m.,1,,,True,True,True,True,False
392,sched_arr_time,missing_value,,9:45 p.m.,1,,,True,True,True,True,False
394,sched_arr_time,missing_value,,10:31 a.m.,1,,,True,True,True,True,False
395,sched_arr_time,missing_value,,2:59 p.m.,1,,,True,True,True,True,False
396,sched_arr_time,missing_value,,4:31 p.m.,1,,,True,True,True,True,False
397,sched_arr_time,missing_value,,2:45 p.m.,1,,,True,True,True,True,False
399,sched_arr_time,missing_value,,5:50 a.m.,1,,,True,True,True,True,False
400,sched_arr_time,missing_value,,12:29 a.m.,1,,,True,True,True,True,False
401,sched_arr_time,missing_value,,12:15 a.m.,1,,,True,True,True,True,False
402,sched_arr_time,missing_value,,11:50 p.m.,1,,,True,True,True,True,False
403,sched_arr_time,missing_value,,10:34 a.m.,1,,,True,True,True,True,False
404,sched_arr_time,missing_value,,11:50 a.m.,1,,,True,True,True,True,False
405,sched_arr_time,missing_value,,9:24 a.m.,1,,,True,True,True,True,False
406,sched_arr_time,missing_value,,3:50 p.m.,1,,,True,True,True,True,False
408,sched_arr_time,missing_value,,9:43 a.m.,1,,,True,True,True,True,False
410,sched_arr_time,missing_value,,6:40 p.m.,1,,,True,True,True,True,False
411,sched_arr_time,missing_value,,8:27 a.m.,1,,,True,True,True,True,False
412,sched_arr_time,missing_value,,1:40 p.m.,1,,,True,True,True,True,False
413,sched_arr_time,missing_value,,9:20 p.m.,1,,,True,True,True,True,False
414,sched_arr_time,missing_value,,4:53 p.m.,1,,,True,True,True,True,False
417,sched_arr_time,missing_value,,4:05 p.m.,1,,,True,True,True,True,False
418,sched_arr_time,missing_value,,5:55 p.m.,1,,,True,True,True,True,False
419,sched_arr_time,missing_value,,11:35 a.m.,1,,,True,True,True,True,False
420,sched_arr_time,missing_value,,2:15 p.m.,1,,,True,True,True,True,False
421,sched_arr_time,missing_value,,11:05 a.m.,1,,,True,True,True,True,False
423,sched_arr_time,missing_value,,2:35 p.m.,1,,,True,True,True,True,False
424,sched_arr_time,missing_value,,10:40 a.m.,1,,,True,True,True,True,False
425,sched_arr_time,missing_value,,6:30 p.m.,1,,,True,True,True,True,False
426,sched_arr_time,missing_value,,8:00 a.m.,1,,,True,True,True,True,False
427,sched_arr_time,missing_value,,6:40 p.m.,1,,,True,True,True,True,False
428,sched_arr_time,missing_value,,2:25 p.m.,1,,,True,True,True,True,False
430,sched_arr_time,missing_value,,6:17 p.m.,1,,,True,True,True,True,False
431,sched_arr_time,missing_value,,12:55 p.m.,1,,,True,True,True,True,False
432,sched_arr_time,missing_value,,7:45 a.m.,1,,,True,True,True,True,False
434,sched_arr_time,missing_value,,6:40 a.m.,1,,,True,True,True,True,False
435,sched_arr_time,missing_value,,10:45 a.m.,1,,,True,True,True,True,False
436,sched_arr_time,missing_value,,3:30 p.m.,1,,,True,True,True,True,False
438,sched_arr_time,missing_value,,10:15 p.m.,1,,,True,True,True,True,False
441,sched_arr_time,missing_value,,9:54 a.m.,1,,,True,True,True,True,False
445,sched_arr_time,missing_value,,2:50 p.m.,1,,,True,True,True,True,False
446,sched_arr_time,missing_value,,11:19 a.m.,1,,,True,True,True,True,False
448,sched_arr_time,missing_value,,7:23 a.m.,1,,,True,True,True,True,False
449,sched_arr_time,missing_value,,5:35 a.m.,1,,,True,True,True,True,False
451,sched_arr_time,missing_value,,9:21 a.m.,1,,,True,True,True,True,False
452,sched_arr_time,missing_value,,1:16 p.m.,1,,,True,True,True,True,False
454,sched_arr_time,missing_value,,10:06 a.m.,1,,,True,True,True,True,False
457,sched_arr_time,missing_value,,2:20 p.m.,1,,,True,True,True,True,False
458,sched_arr_time,missing_value,,7:03 p.m.,1,,,True,True,True,True,False
459,sched_arr_time,missing_value,,11:35 a.m.,1,,,True,True,True,True,False
460,sched_arr_time,missing_value,,5:00 p.m.,1,,,True,True,True,True,False
462,sched_arr_time,missing_value,,1:17 p.m.,1,,,True,True,True,True,False
465,sched_arr_time,missing_value,,10:20 a.m.,1,,,True,True,True,True,False
466,sched_arr_time,missing_value,,10:54 a.m.,1,,,True,True,True,True,False
469,sched_arr_time,missing_value,,1:39 p.m.,1,,,True,True,True,True,False
470,sched_arr_time,missing_value,,3:19 p.m.,1,,,True,True,True,True,False
471,sched_arr_time,missing_value,,2:00 p.m.,1,,,True,True,True,True,False
474,sched_arr_time,missing_value,,8:22 p.m.,1,,,True,True,True,True,False
475,sched_arr_time,missing_value,,8:56 p.m.,1,,,True,True,True,True,False
477,sched_arr_time,missing_value,,5:15 p.m.,1,,,True,True,True,True,False
478,sched_arr_time,missing_value,,4:00 p.m.,1,,,True,True,True,True,False
483,sched_arr_time,missing_value,,7:53 p.m.,1,,,True,True,True,True,False
487,sched_arr_time,missing_value,,8:05 p.m.,1,,,True,True,True,True,False
489,sched_arr_time,missing_value,,7:35 p.m.,1,,,True,True,True,True,False
491,sched_arr_time,missing_value,,6:44 p.m.,1,,,True,True,True,True,False
492,sched_arr_time,missing_value,,10:31 a.m.,1,,,True,True,True,True,False
496,sched_arr_time,missing_value,,4:17 p.m.,1,,,True,True,True,True,False
503,sched_arr_time,missing_value,,9:24 a.m.,1,,,True,True,True,True,False
505,sched_arr_time,missing_value,,4:48 p.m.,1,,,True,True,True,True,False
506,sched_arr_time,missing_value,,9:43 a.m.,1,,,True,True,True,True,False
509,sched_arr_time,missing_value,,8:27 a.m.,1,,,True,True,True,True,False
510,sched_arr_time,missing_value,,1:40 p.m.,1,,,True,True,True,True,False
511,sched_arr_time,missing_value,,9:20 p.m.,1,,,True,True,True,True,False
512,sched_arr_time,missing_value,,4:53 p.m.,1,,,True,True,True,True,False
513,sched_arr_time,missing_value,,7:03 p.m.,1,,,True,True,True,True,False
514,sched_arr_time,missing_value,,11:45 a.m.,1,,,True,True,True,True,False
520,sched_arr_time,missing_value,,11:53 a.m.,1,,,True,True,True,True,False
522,sched_arr_time,missing_value,,10:40 a.m.,1,,,True,True,True,True,False
525,sched_arr_time,missing_value,,5:25 p.m.,1,,,True,True,True,True,False
529,sched_arr_time,missing_value,,4:49 p.m.,1,,,True,True,True,True,False
630,sched_arr_time,missing_value,,10:15 p.m.,1,,,True,True,True,True,False
633,sched_arr_time,missing_value,,9:54 a.m.,1,,,True,True,True,True,False
637,sched_arr_time,missing_value,,2:50 p.m.,1,,,True,True,True,True,False
638,sched_arr_time,missing_value,,11:19 a.m.,1,,,True,True,True,True,False
640,sched_arr_time,missing_value,,7:23 a.m.,1,,,True,True,True,True,False
641,sched_arr_time,missing_value,,5:35 a.m.,1,,,True,True,True,True,False
643,sched_arr_time,missing_value,,9:21 a.m.,1,,,True,True,True,True,False
644,sched_arr_time,missing_value,,1:16 p.m.,1,,,True,True,True,True,False
646,sched_arr_time,missing_value,,10:06 a.m.,1,,,True,True,True,True,False
649,sched_arr_time,missing_value,,2:20 p.m.,1,,,True,True,True,True,False
650,sched_arr_time,missing_value,,7:03 p.m.,1,,,True,True,True,True,False
651,sched_arr_time,missing_value,,11:35 a.m.,1,,,True,True,True,True,False
652,sched_arr_time,missing_value,,5:00 p.m.,1,,,True,True,True,True,False
654,sched_arr_time,missing_value,,1:17 p.m.,1,,,True,True,True,True,False
657,sched_arr_time,missing_value,,10:20 a.m.,1,,,True,True,True,True,False
658,sched_arr_time,missing_value,,10:54 a.m.,1,,,True,True,True,True,False
661,sched_arr_time,missing_value,,1:39 p.m.,1,,,True,True,True,True,False
662,sched_arr_time,missing_value,,3:19 p.m.,1,,,True,True,True,True,False
663,sched_arr_time,missing_value,,2:00 p.m.,1,,,True,True,True,True,False
666,sched_arr_time,missing_value,,8:22 p.m.,1,,,True,True,True,True,False
667,sched_arr_time,missing_value,,8:56 p.m.,1,,,True,True,True,True,False
669,sched_arr_time,missing_value,,5:15 p.m.,1,,,True,True,True,True,False
670,sched_arr_time,missing_value,,4:00 p.m.,1,,,True,True,True,True,False
675,sched_arr_time,missing_value,,7:53 p.m.,1,,,True,True,True,True,False
679,sched_arr_time,missing_value,,8:05 p.m.,1,,,True,True,True,True,False
681,sched_arr_time,missing_value,,7:35 p.m.,1,,,True,True,True,True,False
683,sched_arr_time,missing_value,,6:44 p.m.,1,,,True,True,True,True,False
684,sched_arr_time,missing_value,,10:31 a.m.,1,,,True,True,True,True,False
688,sched_arr_time,missing_value,,4:17 p.m.,1,,,True,True,True,True,False
695,sched_arr_time,missing_value,,9:24 a.m.,1,,,True,True,True,True,False
697,sched_arr_time,missing_value,,4:48 p.m.,1,,,True,True,True,True,False
698,sched_arr_time,missing_value,,9:43 a.m.,1,,,True,True,True,True,False
701,sched_arr_time,missing_value,,8:27 a.m.,1,,,True,True,True,True,False
702,sched_arr_time,missing_value,,1:40 p.m.,1,,,True,True,True,True,False
703,sched_arr_time,missing_value,,9:20 p.m.,1,,,True,True,True,True,False
704,sched_arr_time,missing_value,,4:53 p.m.,1,,,True,True,True,True,False
705,sched_arr_time,missing_value,,7:03 p.m.,1,,,True,True,True,True,False
706,sched_arr_time,missing_value,,11:45 a.m.,1,,,True,True,True,True,False
712,sched_arr_time,missing_value,,11:53 a.m.,1,,,True,True,True,True,False
714,sched_arr_time,missing_value,,10:40 a.m.,1,,,True,True,True,True,False
717,sched_arr_time,missing_value,,5:25 p.m.,1,,,True,True,True,True,False
721,sched_arr_time,missing_value,,4:49 p.m.,1,,,True,True,True,True,False
729,sched_arr_time,missing_value,,9:40 a.m.,1,,,True,True,True,True,False
730,sched_arr_time,missing_value,,10:30 p.m.,1,,,True,True,True,True,False
731,sched_arr_time,missing_value,,10:15 p.m.,1,,,True,True,True,True,False
732,sched_arr_time,missing_value,,11:55 a.m.,1,,,True,True,True,True,False
733,sched_arr_time,missing_value,,9:54 a.m.,1,,,True,True,True,True,False
735,sched_arr_time,missing_value,,5:25 p.m.,1,,,True,True,True,True,False
736,sched_arr_time,missing_value,,11:19 a.m.,1,,,True,True,True,True,False
738,sched_arr_time,missing_value,,7:23 a.m.,1,,,True,True,True,True,False
739,sched_arr_time,missing_value,,5:35 a.m.,1,,,True,True,True,True,False
740,sched_arr_time,missing_value,,2:45 p.m.,1,,,True,True,True,True,False
741,sched_arr_time,missing_value,,9:55 a.m.,1,,,True,True,True,True,False
742,sched_arr_time,missing_value,,7:55 p.m.,1,,,True,True,True,True,False
743,sched_arr_time,missing_value,,12:35 p.m.,1,,,True,True,True,True,False
744,sched_arr_time,missing_value,,3:50 p.m.,1,,,True,True,True,True,False
745,sched_arr_time,missing_value,,1:17 p.m.,1,,,True,True,True,True,False
746,sched_arr_time,missing_value,,9:20 a.m.,1,,,True,True,True,True,False
747,sched_arr_time,missing_value,,11:05 a.m.,1,,,True,True,True,True,False
748,sched_arr_time,missing_value,,12:10 p.m.,1,,,True,True,True,True,False
749,sched_arr_time,missing_value,,8:00 a.m.,1,,,True,True,True,True,False
750,sched_arr_time,missing_value,,2:35 p.m.,1,,,True,True,True,True,False
751,sched_arr_time,missing_value,,3:19 p.m.,1,,,True,True,True,True,False
752,sched_arr_time,missing_value,,2:00 p.m.,1,,,True,True,True,True,False
753,sched_arr_time,missing_value,,6:15 p.m.,1,,,True,True,True,True,False
754,sched_arr_time,missing_value,,2:25 p.m.,1,,,True,True,True,True,False
755,sched_arr_time,missing_value,,2:45 p.m.,1,,,True,True,True,True,False
757,sched_arr_time,missing_value,,4:00 p.m.,1,,,True,True,True,True,False
758,sched_arr_time,missing_value,,10:35 a.m.,1,,,True,True,True,True,False
759,sched_arr_time,missing_value,,9:10 p.m.,1,,,True,True,True,True,False
760,sched_arr_time,missing_value,,3:15 p.m.,1,,,True,True,True,True,False
761,sched_arr_time,missing_value,,12:18 p.m.,1,,,True,True,True,True,False
762,sched_arr_time,missing_value,,7:30 a.m.,1,,,True,True,True,True,False
763,sched_arr_time,missing_value,,9:35 a.m.,1,,,True,True,True,True,False
764,sched_arr_time,missing_value,,8:05 p.m.,1,,,True,True,True,True,False
765,sched_arr_time,missing_value,,11:10 a.m.,1,,,True,True,True,True,False
766,sched_arr_time,missing_value,,7:35 p.m.,1,,,True,True,True,True,False
767,sched_arr_time,missing_value,,9:45 p.m.,1,,,True,True,True,True,False
768,sched_arr_time,missing_value,,2:20 p.m.,1,,,True,True,True,True,False
769,sched_arr_time,missing_value,,4:31 p.m.,1,,,True,True,True,True,False
770,sched_arr_time,missing_value,,4:17 p.m.,1,,,True,True,True,True,False
774,sched_arr_time,missing_value,,10:34 a.m.,1,,,True,True,True,True,False
775,sched_arr_time,missing_value,,11:50 a.m.,1,,,True,True,True,True,False
776,sched_arr_time,missing_value,,9:24 a.m.,1,,,True,True,True,True,False
778,sched_arr_time,missing_value,,5:11 a.m.,1,,,True,True,True,True,False
780,sched_arr_time,missing_value,,11:35 a.m.,1,,,True,True,True,True,False
781,sched_arr_time,missing_value,,4:05 p.m.,1,,,True,True,True,True,False
782,sched_arr_time,missing_value,,11:35 a.m.,1,,,True,True,True,True,False
784,sched_arr_time,missing_value,,9:43 a.m.,1,,,True,True,True,True,False
785,sched_arr_time,missing_value,,2:15 p.m.,1,,,True,True,True,True,False
786,sched_arr_time,missing_value,,2:35 p.m.,1,,,True,True,True,True,False
787,sched_arr_time,missing_value,,3:30 p.m.,1,,,True,True,True,True,False
788,sched_arr_time,missing_value,,12:55 p.m.,1,,,True,True,True,True,False
789,sched_arr_time,missing_value,,7:45 a.m.,1,,,True,True,True,True,False
790,sched_arr_time,missing_value,,6:40 a.m.,1,,,True,True,True,True,False
791,sched_arr_time,missing_value,,10:45 a.m.,1,,,True,True,True,True,False
797,sched_arr_time,missing_value,,3:19 p.m.,1,,,True,True,True,True,False
798,sched_arr_time,missing_value,,2:35 p.m.,1,,,True,True,True,True,False
799,sched_arr_time,missing_value,,11:50 p.m.,1,,,True,True,True,True,False
800,sched_arr_time,missing_value,,3:50 p.m.,1,,,True,True,True,True,False
801,sched_arr_time,missing_value,,2:59 p.m.,1,,,True,True,True,True,False
802,sched_arr_time,missing_value,,7:55 p.m.,1,,,True,True,True,True,False
808,sched_arr_time,missing_value,,9:45 p.m.,1,,,True,True,True,True,False
812,sched_arr_time,missing_value,,10:15 p.m.,1,,,True,True,True,True,False
815,sched_arr_time,missing_value,,9:54 a.m.,1,,,True,True,True,True,False
819,sched_arr_time,missing_value,,2:50 p.m.,1,,,True,True,True,True,False
820,sched_arr_time,missing_value,,11:19 a.m.,1,,,True,True,True,True,False
822,sched_arr_time,missing_value,,7:23 a.m.,1,,,True,True,True,True,False
823,sched_arr_time,missing_value,,5:35 a.m.,1,,,True,True,True,True,False
825,sched_arr_time,missing_value,,9:21 a.m.,1,,,True,True,True,True,False
826,sched_arr_time,missing_value,,1:16 p.m.,1,,,True,True,True,True,False
828,sched_arr_time,missing_value,,10:06 a.m.,1,,,True,True,True,True,False
831,sched_arr_time,missing_value,,2:20 p.m.,1,,,True,True,True,True,False
832,sched_arr_time,missing_value,,7:03 p.m.,1,,,True,True,True,True,False
833,sched_arr_time,missing_value,,11:35 a.m.,1,,,True,True,True,True,False
834,sched_arr_time,missing_value,,5:00 p.m.,1,,,True,True,True,True,False
836,sched_arr_time,missing_value,,1:17 p.m.,1,,,True,True,True,True,False
839,sched_arr_time,missing_value,,10:20 a.m.,1,,,True,True,True,True,False
840,sched_arr_time,missing_value,,10:54 a.m.,1,,,True,True,True,True,False
843,sched_arr_time,missing_value,,1:39 p.m.,1,,,True,True,True,True,False
844,sched_arr_time,missing_value,,3:19 p.m.,1,,,True,True,True,True,False
845,sched_arr_time,missing_value,,2:00 p.m.,1,,,True,True,True,True,False
848,sched_arr_time,missing_value,,8:22 p.m.,1,,,True,True,True,True,False
849,sched_arr_time,missing_value,,8:56 p.m.,1,,,True,True,True,True,False
851,sched_arr_time,missing_value,,5:15 p.m.,1,,,True,True,True,True,False
852,sched_arr_time,missing_value,,4:00 p.m.,1,,,True,True,True,True,False
857,sched_arr_time,missing_value,,7:53 p.m.,1,,,True,True,True,True,False
861,sched_arr_time,missing_value,,8:05 p.m.,1,,,True,True,True,True,False
863,sched_arr_time,missing_value,,7:35 p.m.,1,,,True,True,True,True,False
865,sched_arr_time,missing_value,,6:44 p.m.,1,,,True,True,True,True,False
866,sched_arr_time,missing_value,,10:31 a.m.,1,,,True,True,True,True,False
867,sched_arr_time,missing_value,,2:59 p.m.,1,,,True,True,True,True,False
870,sched_arr_time,missing_value,,4:17 p.m.,1,,,True,True,True,True,False
877,sched_arr_time,missing_value,,9:24 a.m.,1,,,True,True,True,True,False
879,sched_arr_time,missing_value,,4:48 p.m.,1,,,True,True,True,True,False
880,sched_arr_time,missing_value,,9:43 a.m.,1,,,True,True,True,True,False
883,sched_arr_time,missing_value,,8:27 a.m.,1,,,True,True,True,True,False
884,sched_arr_time,missing_value,,1:40 p.m.,1,,,True,True,True,True,False
885,sched_arr_time,missing_value,,9:20 p.m.,1,,,True,True,True,True,False
886,sched_arr_time,missing_value,,4:53 p.m.,1,,,True,True,True,True,False
887,sched_arr_time,missing_value,,7:03 p.m.,1,,,True,True,True,True,False
888,sched_arr_time,missing_value,,11:45 a.m.,1,,,True,True,True,True,False
894,sched_arr_time,missing_value,,11:53 a.m.,1,,,True,True,True,True,False
896,sched_arr_time,missing_value,,10:40 a.m.,1,,,True,True,True,True,False
899,sched_arr_time,missing_value,,5:25 p.m.,1,,,True,True,True,True,False
903,sched_arr_time,missing_value,,4:49 p.m.,1,,,True,True,True,True,False
914,sched_arr_time,missing_value,,2:00 p.m.,1,,,True,True,True,True,False
917,sched_arr_time,missing_value,,9:21 a.m.,1,,,True,True,True,True,False
925,sched_arr_time,missing_value,,3:19 p.m.,1,,,True,True,True,True,False
926,sched_arr_time,missing_value,,4:49 p.m.,1,,,True,True,True,True,False
935,sched_arr_time,missing_value,,7:35 p.m.,1,,,True,True,True,True,False
938,sched_arr_time,missing_value,,10:31 a.m.,1,,,True,True,True,True,False
950,sched_arr_time,missing_value,,1:40 p.m.,1,,,True,True,True,True,False
952,sched_arr_time,missing_value,,11:45 a.m.,1,,,True,True,True,True,False
953,sched_arr_time,missing_value,,11:35 a.m.,1,,,True,True,True,True,False
960,sched_arr_time,missing_value,,1:39 p.m.,1,,,True,True,True,True,False
964,sched_arr_time,missing_value,,10:54 a.m.,1,,,True,True,True,True,False
1071,sched_arr_time,missing_value,,10:15 p.m.,1,,,True,True,True,True,False
1074,sched_arr_time,missing_value,,9:54 a.m.,1,,,True,True,True,True,False
1078,sched_arr_time,missing_value,,2:50 p.m.,1,,,True,True,True,True,False
1079,sched_arr_time,missing_value,,11:19 a.m.,1,,,True,True,True,True,False
1081,sched_arr_time,missing_value,,7:23 a.m.,1,,,True,True,True,True,False
1082,sched_arr_time,missing_value,,5:35 a.m.,1,,,True,True,True,True,False
1084,sched_arr_time,missing_value,,9:21 a.m.,1,,,True,True,True,True,False
1085,sched_arr_time,missing_value,,1:16 p.m.,1,,,True,True,True,True,False
1087,sched_arr_time,missing_value,,10:06 a.m.,1,,,True,True,True,True,False
1090,sched_arr_time,missing_value,,2:20 p.m.,1,,,True,True,True,True,False
1091,sched_arr_time,missing_value,,7:03 p.m.,1,,,True,True,True,True,False
1092,sched_arr_time,missing_value,,11:35 a.m.,1,,,True,True,True,True,False
1093,sched_arr_time,missing_value,,5:00 p.m.,1,,,True,True,True,True,False
1095,sched_arr_time,missing_value,,1:17 p.m.,1,,,True,True,True,True,False
1098,sched_arr_time,missing_value,,10:20 a.m.,1,,,True,True,True,True,False
1099,sched_arr_time,missing_value,,10:54 a.m.,1,,,True,True,True,True,False
1102,sched_arr_time,missing_value,,1:39 p.m.,1,,,True,True,True,True,False
1103,sched_arr_time,missing_value,,3:19 p.m.,1,,,True,True,True,True,False
1104,sched_arr_time,missing_value,,2:00 p.m.,1,,,True,True,True,True,False
1107,sched_arr_time,missing_value,,8:22 p.m.,1,,,True,True,True,True,False
1108,sched_arr_time,missing_value,,8:56 p.m.,1,,,True,True,True,True,False
1110,sched_arr_time,missing_value,,5:15 p.m.,1,,,True,True,True,True,False
1111,sched_arr_time,missing_value,,4:00 p.m.,1,,,True,True,True,True,False
1116,sched_arr_time,missing_value,,7:53 p.m.,1,,,True,True,True,True,False
1120,sched_arr_time,missing_value,,8:05 p.m.,1,,,True,True,True,True,False
1122,sched_arr_time,missing_value,,7:35 p.m.,1,,,True,True,True,True,False
1124,sched_arr_time,missing_value,,6:44 p.m.,1,,,True,True,True,True,False
1125,sched_arr_time,missing_value,,10:31 a.m.,1,,,True,True,True,True,False
1129,sched_arr_time,missing_value,,4:17 p.m.,1,,,True,True,True,True,False
1136,sched_arr_time,missing_value,,9:24 a.m.,1,,,True,True,True,True,False
1138,sched_arr_time,missing_value,,4:48 p.m.,1,,,True,True,True,True,False
1139,sched_arr_time,missing_value,,9:43 a.m.,1,,,True,True,True,True,False
1142,sched_arr_time,missing_value,,8:27 a.m.,1,,,True,True,True,True,False
1143,sched_arr_time,missing_value,,1:40 p.m.,1,,,True,True,True,True,False
1144,sched_arr_time,missing_value,,9:20 p.m.,1,,,True,True,True,True,False
1145,sched_arr_time,missing_value,,4:53 p.m.,1,,,True,True,True,True,False
1146,sched_arr_time,missing_value,,7:03 p.m.,1,,,True,True,True,True,False
1147,sched_arr_time,missing_value,,11:45 a.m.,1,,,True,True,True,True,False
1153,sched_arr_time,missing_value,,11:53 a.m.,1,,,True,True,True,True,False
1155,sched_arr_time,missing_value,,10:40 a.m.,1,,,True,True,True,True,False
1158,sched_arr_time,missing_value,,5:25 p.m.,1,,,True,True,True,True,False
1162,sched_arr_time,missing_value,,4:49 p.m.,1,,,True,True,True,True,False
1172,sched_arr_time,missing_value,,10:15 p.m.,1,,,True,True,True,True,False
1175,sched_arr_time,missing_value,,7:23 a.m.,1,,,True,True,True,True,False
1176,sched_arr_time,missing_value,,10:06 a.m.,1,,,True,True,True,True,False
1179,sched_arr_time,missing_value,,8:22 p.m.,1,,,True,True,True,True,False
1186,sched_arr_time,missing_value,,3:19 p.m.,1,,,True,True,True,True,False
1193,sched_arr_time,missing_value,,7:53 p.m.,1,,,True,True,True,True,False
1202,sched_arr_time,missing_value,,4:48 p.m.,1,,,True,True,True,True,False
1203,sched_arr_time,missing_value,,9:43 a.m.,1,,,True,True,True,True,False
1206,sched_arr_time,missing_value,,1:40 p.m.,1,,,True,True,True,True,False
1207,sched_arr_time,missing_value,,4:53 p.m.,1,,,True,True,True,True,False
1208,sched_arr_time,missing_value,,11:45 a.m.,1,,,True,True,True,True,False
1223,sched_arr_time,missing_value,,9:40 a.m.,1,,,True,True,True,True,False
1225,sched_arr_time,missing_value,,9:25 a.m.,1,,,True,True,True,True,False
1226,sched_arr_time,missing_value,,11:55 a.m.,1,,,True,True,True,True,False
1227,sched_arr_time,missing_value,,9:54 a.m.,1,,,True,True,True,True,False
1228,sched_arr_time,missing_value,,10:30 p.m.,1,,,True,True,True,True,False
1229,sched_arr_time,missing_value,,5:05 p.m.,1,,,True,True,True,True,False
1231,sched_arr_time,missing_value,,5:25 p.m.,1,,,True,True,True,True,False
1232,sched_arr_time,missing_value,,11:19 a.m.,1,,,True,True,True,True,False
1233,sched_arr_time,missing_value,,6:55 a.m.,1,,,True,True,True,True,False
1234,sched_arr_time,missing_value,,7:23 a.m.,1,,,True,True,True,True,False
1236,sched_arr_time,missing_value,,6:46 p.m.,1,,,True,True,True,True,False
1239,sched_arr_time,missing_value,,12:35 p.m.,1,,,True,True,True,True,False
1240,sched_arr_time,missing_value,,10:06 a.m.,1,,,True,True,True,True,False
1241,sched_arr_time,missing_value,,9:55 a.m.,1,,,True,True,True,True,False
1242,sched_arr_time,missing_value,,7:55 p.m.,1,,,True,True,True,True,False
1243,sched_arr_time,missing_value,,2:20 p.m.,1,,,True,True,True,True,False
1246,sched_arr_time,missing_value,,5:00 p.m.,1,,,True,True,True,True,False
1247,sched_arr_time,missing_value,,3:50 p.m.,1,,,True,True,True,True,False
1249,sched_arr_time,missing_value,,9:20 a.m.,1,,,True,True,True,True,False
1250,sched_arr_time,missing_value,,4:57 p.m.,1,,,True,True,True,True,False
1253,sched_arr_time,missing_value,,12:10 p.m.,1,,,True,True,True,True,False
1254,sched_arr_time,missing_value,,2:35 p.m.,1,,,True,True,True,True,False
1255,sched_arr_time,missing_value,,1:39 p.m.,1,,,True,True,True,True,False
1256,sched_arr_time,missing_value,,3:19 p.m.,1,,,True,True,True,True,False
1257,sched_arr_time,missing_value,,2:00 p.m.,1,,,True,True,True,True,False
1258,sched_arr_time,missing_value,,6:15 p.m.,1,,,True,True,True,True,False
1259,sched_arr_time,missing_value,,1:45 p.m.,1,,,True,True,True,True,False
1262,sched_arr_time,missing_value,,2:45 p.m.,1,,,True,True,True,True,False
1263,sched_arr_time,missing_value,,5:15 p.m.,1,,,True,True,True,True,False
1265,sched_arr_time,missing_value,,10:35 a.m.,1,,,True,True,True,True,False
1266,sched_arr_time,missing_value,,7:25 p.m.,1,,,True,True,True,True,False
1267,sched_arr_time,missing_value,,9:10 p.m.,1,,,True,True,True,True,False
1268,sched_arr_time,missing_value,,3:15 p.m.,1,,,True,True,True,True,False
1270,sched_arr_time,missing_value,,7:53 p.m.,1,,,True,True,True,True,False
1272,sched_arr_time,missing_value,,7:30 a.m.,1,,,True,True,True,True,False
1273,sched_arr_time,missing_value,,9:35 a.m.,1,,,True,True,True,True,False
1274,sched_arr_time,missing_value,,8:05 p.m.,1,,,True,True,True,True,False
1275,sched_arr_time,missing_value,,11:10 a.m.,1,,,True,True,True,True,False
1276,sched_arr_time,missing_value,,6:23 p.m.,1,,,True,True,True,True,False
1277,sched_arr_time,missing_value,,7:35 p.m.,1,,,True,True,True,True,False
1278,sched_arr_time,missing_value,,9:45 p.m.,1,,,True,True,True,True,False
1280,sched_arr_time,missing_value,,10:31 a.m.,1,,,True,True,True,True,False
1281,sched_arr_time,missing_value,,2:59 p.m.,1,,,True,True,True,True,False
1282,sched_arr_time,missing_value,,4:31 p.m.,1,,,True,True,True,True,False
1283,sched_arr_time,missing_value,,2:45 p.m.,1,,,True,True,True,True,False
1285,sched_arr_time,missing_value,,5:50 a.m.,1,,,True,True,True,True,False
1286,sched_arr_time,missing_value,,12:29 a.m.,1,,,True,True,True,True,False
1287,sched_arr_time,missing_value,,12:15 a.m.,1,,,True,True,True,True,False
1288,sched_arr_time,missing_value,,11:50 p.m.,1,,,True,True,True,True,False
1289,sched_arr_time,missing_value,,10:34 a.m.,1,,,True,True,True,True,False
1290,sched_arr_time,missing_value,,11:50 a.m.,1,,,True,True,True,True,False
1291,sched_arr_time,missing_value,,9:24 a.m.,1,,,True,True,True,True,False
1292,sched_arr_time,missing_value,,3:50 p.m.,1,,,True,True,True,True,False
1294,sched_arr_time,missing_value,,9:43 a.m.,1,,,True,True,True,True,False
1296,sched_arr_time,missing_value,,6:40 p.m.,1,,,True,True,True,True,False
1297,sched_arr_time,missing_value,,8:27 a.m.,1,,,True,True,True,True,False
1298,sched_arr_time,missing_value,,1:40 p.m.,1,,,True,True,True,True,False
1299,sched_arr_time,missing_value,,9:20 p.m.,1,,,True,True,True,True,False
1300,sched_arr_time,missing_value,,4:53 p.m.,1,,,True,True,True,True,False
1303,sched_arr_time,missing_value,,4:05 p.m.,1,,,True,True,True,True,False
1304,sched_arr_time,missing_value,,5:55 p.m.,1,,,True,True,True,True,False
1305,sched_arr_time,missing_value,,11:35 a.m.,1,,,True,True,True,True,False
1306,sched_arr_time,missing_value,,2:15 p.m.,1,,,True,True,True,True,False
1307,sched_arr_time,missing_value,,11:05 a.m.,1,,,True,True,True,True,False
1309,sched_arr_time,missing_value,,2:35 p.m.,1,,,True,True,True,True,False
1310,sched_arr_time,missing_value,,10:40 a.m.,1,,,True,True,True,True,False
1311,sched_arr_time,missing_value,,6:30 p.m.,1,,,True,True,True,True,False
1312,sched_arr_time,missing_value,,8:00 a.m.,1,,,True,True,True,True,False
1313,sched_arr_time,missing_value,,6:40 p.m.,1,,,True,True,True,True,False
1314,sched_arr_time,missing_value,,2:25 p.m.,1,,,True,True,True,True,False
1316,sched_arr_time,missing_value,,6:17 p.m.,1,,,True,True,True,True,False
1317,sched_arr_time,missing_value,,12:55 p.m.,1,,,True,True,True,True,False
1318,sched_arr_time,missing_value,,7:45 a.m.,1,,,True,True,True,True,False
1320,sched_arr_time,missing_value,,6:40 a.m.,1,,,True,True,True,True,False
1321,sched_arr_time,missing_value,,10:45 a.m.,1,,,True,True,True,True,False
1322,sched_arr_time,missing_value,,3:30 p.m.,1,,,True,True,True,True,False
1424,sched_arr_time,missing_value,,4:05 p.m.,1,,,True,True,True,True,False
1487,sched_arr_time,missing_value,,9:40 a.m.,1,,,True,True,True,True,False
1489,sched_arr_time,missing_value,,9:25 a.m.,1,,,True,True,True,True,False
1490,sched_arr_time,missing_value,,11:55 a.m.,1,,,True,True,True,True,False
1491,sched_arr_time,missing_value,,9:54 a.m.,1,,,True,True,True,True,False
1492,sched_arr_time,missing_value,,10:30 p.m.,1,,,True,True,True,True,False
1493,sched_arr_time,missing_value,,5:05 p.m.,1,,,True,True,True,True,False
1495,sched_arr_time,missing_value,,5:25 p.m.,1,,,True,True,True,True,False
1496,sched_arr_time,missing_value,,11:19 a.m.,1,,,True,True,True,True,False
1497,sched_arr_time,missing_value,,6:55 a.m.,1,,,True,True,True,True,False
1498,sched_arr_time,missing_value,,7:23 a.m.,1,,,True,True,True,True,False
1500,sched_arr_time,missing_value,,6:46 p.m.,1,,,True,True,True,True,False
1503,sched_arr_time,missing_value,,12:35 p.m.,1,,,True,True,True,True,False
1504,sched_arr_time,missing_value,,10:06 a.m.,1,,,True,True,True,True,False
1505,sched_arr_time,missing_value,,9:55 a.m.,1,,,True,True,True,True,False
1506,sched_arr_time,missing_value,,7:55 p.m.,1,,,True,True,True,True,False
1507,sched_arr_time,missing_value,,2:20 p.m.,1,,,True,True,True,True,False
1510,sched_arr_time,missing_value,,5:00 p.m.,1,,,True,True,True,True,False
1511,sched_arr_time,missing_value,,3:50 p.m.,1,,,True,True,True,True,False
1513,sched_arr_time,missing_value,,9:20 a.m.,1,,,True,True,True,True,False
1514,sched_arr_time,missing_value,,4:57 p.m.,1,,,True,True,True,True,False
1517,sched_arr_time,missing_value,,12:10 p.m.,1,,,True,True,True,True,False
1518,sched_arr_time,missing_value,,2:35 p.m.,1,,,True,True,True,True,False
1519,sched_arr_time,missing_value,,1:39 p.m.,1,,,True,True,True,True,False
1520,sched_arr_time,missing_value,,3:19 p.m.,1,,,True,True,True,True,False
1521,sched_arr_time,missing_value,,2:00 p.m.,1,,,True,True,True,True,False
1522,sched_arr_time,missing_value,,6:15 p.m.,1,,,True,True,True,True,False
1523,sched_arr_time,missing_value,,1:45 p.m.,1,,,True,True,True,True,False
1526,sched_arr_time,missing_value,,2:45 p.m.,1,,,True,True,True,True,False
1527,sched_arr_time,missing_value,,5:15 p.m.,1,,,True,True,True,True,False
1529,sched_arr_time,missing_value,,10:35 a.m.,1,,,True,True,True,True,False
1530,sched_arr_time,missing_value,,7:25 p.m.,1,,,True,True,True,True,False
1531,sched_arr_time,missing_value,,9:10 p.m.,1,,,True,True,True,True,False
1532,sched_arr_time,missing_value,,3:15 p.m.,1,,,True,True,True,True,False
1534,sched_arr_time,missing_value,,7:53 p.m.,1,,,True,True,True,True,False
1536,sched_arr_time,missing_value,,7:30 a.m.,1,,,True,True,True,True,False
1537,sched_arr_time,missing_value,,9:35 a.m.,1,,,True,True,True,True,False
1538,sched_arr_time,missing_value,,8:05 p.m.,1,,,True,True,True,True,False
1539,sched_arr_time,missing_value,,11:10 a.m.,1,,,True,True,True,True,False
1540,sched_arr_time,missing_value,,6:23 p.m.,1,,,True,True,True,True,False
1541,sched_arr_time,missing_value,,7:35 p.m.,1,,,True,True,True,True,False
1542,sched_arr_time,missing_value,,9:45 p.m.,1,,,True,True,True,True,False
1544,sched_arr_time,missing_value,,10:31 a.m.,1,,,True,True,True,True,False
1545,sched_arr_time,missing_value,,2:59 p.m.,1,,,True,True,True,True,False
1546,sched_arr_time,missing_value,,4:31 p.m.,1,,,True,True,True,True,False
1547,sched_arr_time,missing_value,,2:45 p.m.,1,,,True,True,True,True,False
1549,sched_arr_time,missing_value,,5:50 a.m.,1,,,True,True,True,True,False
1550,sched_arr_time,missing_value,,12:29 a.m.,1,,,True,True,True,True,False
1551,sched_arr_time,missing_value,,12:15 a.m.,1,,,True,True,True,True,False
1552,sched_arr_time,missing_value,,11:50 p.m.,1,,,True,True,True,True,False
1553,sched_arr_time,missing_value,,10:34 a.m.,1,,,True,True,True,True,False
1554,sched_arr_time,missing_value,,11:50 a.m.,1,,,True,True,True,True,False
1555,sched_arr_time,missing_value,,9:24 a.m.,1,,,True,True,True,True,False
1556,sched_arr_time,missing_value,,3:50 p.m.,1,,,True,True,True,True,False
1558,sched_arr_time,missing_value,,9:43 a.m.,1,,,True,True,True,True,False
1560,sched_arr_time,missing_value,,6:40 p.m.,1,,,True,True,True,True,False
1561,sched_arr_time,missing_value,,8:27 a.m.,1,,,True,True,True,True,False
1562,sched_arr_time,missing_value,,1:40 p.m.,1,,,True,True,True,True,False
1563,sched_arr_time,missing_value,,9:20 p.m.,1,,,True,True,True,True,False
1564,sched_arr_time,missing_value,,4:53 p.m.,1,,,True,True,True,True,False
1567,sched_arr_time,missing_value,,4:05 p.m.,1,,,True,True,True,True,False
1568,sched_arr_time,missing_value,,5:55 p.m.,1,,,True,True,True,True,False
1569,sched_arr_time,missing_value,,11:35 a.m.,1,,,True,True,True,True,False
1570,sched_arr_time,missing_value,,2:15 p.m.,1,,,True,True,True,True,False
1571,sched_arr_time,missing_value,,11:05 a.m.,1,,,True,True,True,True,False
1573,sched_arr_time,missing_value,,2:35 p.m.,1,,,True,True,True,True,False
1574,sched_arr_time,missing_value,,10:40 a.m.,1,,,True,True,True,True,False
1575,sched_arr_time,missing_value,,6:30 p.m.,1,,,True,True,True,True,False
1576,sched_arr_time,missing_value,,8:00 a.m.,1,,,True,True,True,True,False
1577,sched_arr_time,missing_value,,6:40 p.m.,1,,,True,True,True,True,False
1578,sched_arr_time,missing_value,,2:25 p.m.,1,,,True,True,True,True,False
1580,sched_arr_time,missing_value,,6:17 p.m.,1,,,True,True,True,True,False
1581,sched_arr_time,missing_value,,12:55 p.m.,1,,,True,True,True,True,False
1582,sched_arr_time,missing_value,,7:45 a.m.,1,,,True,True,True,True,False
1584,sched_arr_time,missing_value,,6:40 a.m.,1,,,True,True,True,True,False
1585,sched_arr_time,missing_value,,10:45 a.m.,1,,,True,True,True,True,False
1586,sched_arr_time,missing_value,,3:30 p.m.,1,,,True,True,True,True,False
1759,sched_arr_time,missing_value,,10:15 p.m.,1,,,True,True,True,True,False
1762,sched_arr_time,missing_value,,9:54 a.m.,1,,,True,True,True,True,False
1766,sched_arr_time,missing_value,,2:50 p.m.,1,,,True,True,True,True,False
1767,sched_arr_time,missing_value,,11:19 a.m.,1,,,True,True,True,True,False
1769,sched_arr_time,missing_value,,7:23 a.m.,1,,,True,True,True,True,False
1770,sched_arr_time,missing_value,,5:35 a.m.,1,,,True,True,True,True,False
1772,sched_arr_time,missing_value,,9:21 a.m.,1,,,True,True,True,True,False
1773,sched_arr_time,missing_value,,1:16 p.m.,1,,,True,True,True,True,False
1775,sched_arr_time,missing_value,,10:06 a.m.,1,,,True,True,True,True,False
1778,sched_arr_time,missing_value,,2:20 p.m.,1,,,True,True,True,True,False
1779,sched_arr_time,missing_value,,7:03 p.m.,1,,,True,True,True,True,False
1780,sched_arr_time,missing_value,,11:35 a.m.,1,,,True,True,True,True,False
1781,sched_arr_time,missing_value,,5:00 p.m.,1,,,True,True,True,True,False
1783,sched_arr_time,missing_value,,1:17 p.m.,1,,,True,True,True,True,False
1786,sched_arr_time,missing_value,,10:20 a.m.,1,,,True,True,True,True,False
1787,sched_arr_time,missing_value,,10:54 a.m.,1,,,True,True,True,True,False
1790,sched_arr_time,missing_value,,1:39 p.m.,1,,,True,True,True,True,False
1791,sched_arr_time,missing_value,,3:19 p.m.,1,,,True,True,True,True,False
1792,sched_arr_time,missing_value,,2:00 p.m.,1,,,True,True,True,True,False
1795,sched_arr_time,missing_value,,8:22 p.m.,1,,,True,True,True,True,False
1796,sched_arr_time,missing_value,,8:56 p.m.,1,,,True,True,True,True,False
1798,sched_arr_time,missing_value,,5:15 p.m.,1,,,True,True,True,True,False
1799,sched_arr_time,missing_value,,4:00 p.m.,1,,,True,True,True,True,False
1804,sched_arr_time,missing_value,,7:53 p.m.,1,,,True,True,True,True,False
1808,sched_arr_time,missing_value,,8:05 p.m.,1,,,True,True,True,True,False
1810,sched_arr_time,missing_value,,7:35 p.m.,1,,,True,True,True,True,False
1812,sched_arr_time,missing_value,,6:44 p.m.,1,,,True,True,True,True,False
1813,sched_arr_time,missing_value,,10:31 a.m.,1,,,True,True,True,True,False
1814,sched_arr_time,missing_value,,2:59 p.m.,1,,,True,True,True,True,False
1817,sched_arr_time,missing_value,,4:17 p.m.,1,,,True,True,True,True,False
1824,sched_arr_time,missing_value,,9:24 a.m.,1,,,True,True,True,True,False
1826,sched_arr_time,missing_value,,4:48 p.m.,1,,,True,True,True,True,False
1827,sched_arr_time,missing_value,,9:43 a.m.,1,,,True,True,True,True,False
1830,sched_arr_time,missing_value,,8:27 a.m.,1,,,True,True,True,True,False
1831,sched_arr_time,missing_value,,1:40 p.m.,1,,,True,True,True,True,False
1832,sched_arr_time,missing_value,,9:20 p.m.,1,,,True,True,True,True,False
1833,sched_arr_time,missing_value,,4:53 p.m.,1,,,True,True,True,True,False
1834,sched_arr_time,missing_value,,7:03 p.m.,1,,,True,True,True,True,False
1835,sched_arr_time,missing_value,,11:45 a.m.,1,,,True,True,True,True,False
1841,sched_arr_time,missing_value,,11:53 a.m.,1,,,True,True,True,True,False
1843,sched_arr_time,missing_value,,10:40 a.m.,1,,,True,True,True,True,False
1846,sched_arr_time,missing_value,,5:25 p.m.,1,,,True,True,True,True,False
1850,sched_arr_time,missing_value,,4:49 p.m.,1,,,True,True,True,True,False
1951,sched_arr_time,missing_value,,10:15 p.m.,1,,,True,True,True,True,False
1954,sched_arr_time,missing_value,,9:54 a.m.,1,,,True,True,True,True,False
1958,sched_arr_time,missing_value,,2:50 p.m.,1,,,True,True,True,True,False
1959,sched_arr_time,missing_value,,11:19 a.m.,1,,,True,True,True,True,False
1961,sched_arr_time,missing_value,,7:23 a.m.,1,,,True,True,True,True,False
1962,sched_arr_time,missing_value,,5:35 a.m.,1,,,True,True,True,True,False
1964,sched_arr_time,missing_value,,9:21 a.m.,1,,,True,True,True,True,False
1965,sched_arr_time,missing_value,,1:16 p.m.,1,,,True,True,True,True,False
1967,sched_arr_time,missing_value,,10:06 a.m.,1,,,True,True,True,True,False
1970,sched_arr_time,missing_value,,2:20 p.m.,1,,,True,True,True,True,False
1971,sched_arr_time,missing_value,,7:03 p.m.,1,,,True,True,True,True,False
1972,sched_arr_time,missing_value,,11:35 a.m.,1,,,True,True,True,True,False
1973,sched_arr_time,missing_value,,5:00 p.m.,1,,,True,True,True,True,False
1975,sched_arr_time,missing_value,,1:17 p.m.,1,,,True,True,True,True,False
1978,sched_arr_time,missing_value,,10:20 a.m.,1,,,True,True,True,True,False
1979,sched_arr_time,missing_value,,10:54 a.m.,1,,,True,True,True,True,False
1982,sched_arr_time,missing_value,,1:39 p.m.,1,,,True,True,True,True,False
1983,sched_arr_time,missing_value,,3:19 p.m.,1,,,True,True,True,True,False
1984,sched_arr_time,missing_value,,2:00 p.m.,1,,,True,True,True,True,False
1987,sched_arr_time,missing_value,,8:22 p.m.,1,,,True,True,True,True,False
1988,sched_arr_time,missing_value,,8:56 p.m.,1,,,True,True,True,True,False
1990,sched_arr_time,missing_value,,5:15 p.m.,1,,,True,True,True,True,False
1991,sched_arr_time,missing_value,,4:00 p.m.,1,,,True,True,True,True,False
1996,sched_arr_time,missing_value,,7:53 p.m.,1,,,True,True,True,True,False
2000,sched_arr_time,missing_value,,8:05 p.m.,1,,,True,True,True,True,False
2002,sched_arr_time,missing_value,,7:35 p.m.,1,,,True,True,True,True,False
2004,sched_arr_time,missing_value,,6:44 p.m.,1,,,True,True,True,True,False
2005,sched_arr_time,missing_value,,10:31 a.m.,1,,,True,True,True,True,False
2009,sched_arr_time,missing_value,,4:17 p.m.,1,,,True,True,True,True,False
2016,sched_arr_time,missing_value,,9:24 a.m.,1,,,True,True,True,True,False
2018,sched_arr_time,missing_value,,4:48 p.m.,1,,,True,True,True,True,False
2019,sched_arr_time,missing_value,,9:43 a.m.,1,,,True,True,True,True,False
2022,sched_arr_time,missing_value,,8:27 a.m.,1,,,True,True,True,True,False
2023,sched_arr_time,missing_value,,1:40 p.m.,1,,,True,True,True,True,False
2024,sched_arr_time,missing_value,,9:20 p.m.,1,,,True,True,True,True,False
2025,sched_arr_time,missing_value,,4:53 p.m.,1,,,True,True,True,True,False
2026,sched_arr_time,missing_value,,7:03 p.m.,1,,,True,True,True,True,False
2027,sched_arr_time,missing_value,,11:45 a.m.,1,,,True,True,True,True,False
2033,sched_arr_time,missing_value,,11:53 a.m.,1,,,True,True,True,True,False
2035,sched_arr_time,missing_value,,10:40 a.m.,1,,,True,True,True,True,False
2038,sched_arr_time,missing_value,,5:25 p.m.,1,,,True,True,True,True,False
2042,sched_arr_time,missing_value,,4:49 p.m.,1,,,True,True,True,True,False
2051,sched_arr_time,missing_value,,10:15 p.m.,1,,,True,True,True,True,False
2054,sched_arr_time,missing_value,,9:54 a.m.,1,,,True,True,True,True,False
2058,sched_arr_time,missing_value,,2:50 p.m.,1,,,True,True,True,True,False
2059,sched_arr_time,missing_value,,11:19 a.m.,1,,,True,True,True,True,False
2061,sched_arr_time,missing_value,,7:23 a.m.,1,,,True,True,True,True,False
2062,sched_arr_time,missing_value,,5:35 a.m.,1,,,True,True,True,True,False
2064,sched_arr_time,missing_value,,9:21 a.m.,1,,,True,True,True,True,False
2065,sched_arr_time,missing_value,,1:16 p.m.,1,,,True,True,True,True,False
2067,sched_arr_time,missing_value,,10:06 a.m.,1,,,True,True,True,True,False
2070,sched_arr_time,missing_value,,2:20 p.m.,1,,,True,True,True,True,False
2071,sched_arr_time,missing_value,,7:03 p.m.,1,,,True,True,True,True,False
2072,sched_arr_time,missing_value,,11:35 a.m.,1,,,True,True,True,True,False
2073,sched_arr_time,missing_value,,5:00 p.m.,1,,,True,True,True,True,False
2075,sched_arr_time,missing_value,,1:17 p.m.,1,,,True,True,True,True,False
2078,sched_arr_time,missing_value,,10:20 a.m.,1,,,True,True,True,True,False
2079,sched_arr_time,missing_value,,10:54 a.m.,1,,,True,True,True,True,False
2082,sched_arr_time,missing_value,,1:39 p.m.,1,,,True,True,True,True,False
2083,sched_arr_time,missing_value,,3:19 p.m.,1,,,True,True,True,True,False
2084,sched_arr_time,missing_value,,2:00 p.m.,1,,,True,True,True,True,False
2087,sched_arr_time,missing_value,,8:22 p.m.,1,,,True,True,True,True,False
2088,sched_arr_time,missing_value,,8:56 p.m.,1,,,True,True,True,True,False
2090,sched_arr_time,missing_value,,5:15 p.m.,1,,,True,True,True,True,False
2091,sched_arr_time,missing_value,,4:00 p.m.,1,,,True,True,True,True,False
2096,sched_arr_time,missing_value,,7:53 p.m.,1,,,True,True,True,True,False
2100,sched_arr_time,missing_value,,8:05 p.m.,1,,,True,True,True,True,False
2102,sched_arr_time,missing_value,,7:35 p.m.,1,,,True,True,True,True,False
2104,sched_arr_time,missing_value,,6:44 p.m.,1,,,True,True,True,True,False
2105,sched_arr_time,missing_value,,10:31 a.m.,1,,,True,True,True,True,False
2106,sched_arr_time,missing_value,,2:59 p.m.,1,,,True,True,True,True,False
2109,sched_arr_time,missing_value,,4:17 p.m.,1,,,True,True,True,True,False
2116,sched_arr_time,missing_value,,9:24 a.m.,1,,,True,True,True,True,False
2118,sched_arr_time,missing_value,,4:48 p.m.,1,,,True,True,True,True,False
2119,sched_arr_time,missing_value,,9:43 a.m.,1,,,True,True,True,True,False
2122,sched_arr_time,missing_value,,8:27 a.m.,1,,,True,True,True,True,False
2123,sched_arr_time,missing_value,,1:40 p.m.,1,,,True,True,True,True,False
2124,sched_arr_time,missing_value,,9:20 p.m.,1,,,True,True,True,True,False
2125,sched_arr_time,missing_value,,4:53 p.m.,1,,,True,True,True,True,False
2126,sched_arr_time,missing_value,,7:03 p.m.,1,,,True,True,True,True,False
2127,sched_arr_time,missing_value,,11:45 a.m.,1,,,True,True,True,True,False
2133,sched_arr_time,missing_value,,11:53 a.m.,1,,,True,True,True,True,False
2135,sched_arr_time,missing_value,,10:40 a.m.,1,,,True,True,True,True,False
2138,sched_arr_time,missing_value,,5:25 p.m.,1,,,True,True,True,True,False
2142,sched_arr_time,missing_value,,4:49 p.m.,1,,,True,True,True,True,False
2150,sched_arr_time,missing_value,,2:50 p.m.,1,,,True,True,True,True,False
2153,sched_arr_time,missing_value,,7:35 p.m.,1,,,True,True,True,True,False
2156,sched_arr_time,missing_value,,10:15 p.m.,1,,,True,True,True,True,False
2159,sched_arr_time,missing_value,,9:54 a.m.,1,,,True,True,True,True,False
2163,sched_arr_time,missing_value,,2:50 p.m.,1,,,True,True,True,True,False
2164,sched_arr_time,missing_value,,11:19 a.m.,1,,,True,True,True,True,False
2166,sched_arr_time,missing_value,,7:23 a.m.,1,,,True,True,True,True,False
2167,sched_arr_time,missing_value,,5:35 a.m.,1,,,True,True,True,True,False
2169,sched_arr_time,missing_value,,9:21 a.m.,1,,,True,True,True,True,False
2170,sched_arr_time,missing_value,,1:16 p.m.,1,,,True,True,True,True,False
2172,sched_arr_time,missing_value,,10:06 a.m.,1,,,True,True,True,True,False
2175,sched_arr_time,missing_value,,2:20 p.m.,1,,,True,True,True,True,False
2176,sched_arr_time,missing_value,,7:03 p.m.,1,,,True,True,True,True,False
2177,sched_arr_time,missing_value,,11:35 a.m.,1,,,True,True,True,True,False
2178,sched_arr_time,missing_value,,5:00 p.m.,1,,,True,True,True,True,False
2180,sched_arr_time,missing_value,,1:17 p.m.,1,,,True,True,True,True,False
2183,sched_arr_time,missing_value,,10:20 a.m.,1,,,True,True,True,True,False
2184,sched_arr_time,missing_value,,10:54 a.m.,1,,,True,True,True,True,False
2187,sched_arr_time,missing_value,,1:39 p.m.,1,,,True,True,True,True,False
2188,sched_arr_time,missing_value,,3:19 p.m.,1,,,True,True,True,True,False
2189,sched_arr_time,missing_value,,2:00 p.m.,1,,,True,True,True,True,False
2192,sched_arr_time,missing_value,,8:22 p.m.,1,,,True,True,True,True,False
2193,sched_arr_time,missing_value,,8:56 p.m.,1,,,True,True,True,True,False
2195,sched_arr_time,missing_value,,5:15 p.m.,1,,,True,True,True,True,False
2196,sched_arr_time,missing_value,,4:00 p.m.,1,,,True,True,True,True,False
2201,sched_arr_time,missing_value,,7:53 p.m.,1,,,True,True,True,True,False
2205,sched_arr_time,missing_value,,8:05 p.m.,1,,,True,True,True,True,False
2207,sched_arr_time,missing_value,,7:35 p.m.,1,,,True,True,True,True,False
2209,sched_arr_time,missing_value,,6:44 p.m.,1,,,True,True,True,True,False
2210,sched_arr_time,missing_value,,10:31 a.m.,1,,,True,True,True,True,False
2214,sched_arr_time,missing_value,,4:17 p.m.,1,,,True,True,True,True,False
2221,sched_arr_time,missing_value,,9:24 a.m.,1,,,True,True,True,True,False
2223,sched_arr_time,missing_value,,4:48 p.m.,1,,,True,True,True,True,False
2224,sched_arr_time,missing_value,,9:43 a.m.,1,,,True,True,True,True,False
2227,sched_arr_time,missing_value,,8:27 a.m.,1,,,True,True,True,True,False
2228,sched_arr_time,missing_value,,1:40 p.m.,1,,,True,True,True,True,False
2229,sched_arr_time,missing_value,,9:20 p.m.,1,,,True,True,True,True,False
2230,sched_arr_time,missing_value,,4:53 p.m.,1,,,True,True,True,True,False
2231,sched_arr_time,missing_value,,7:03 p.m.,1,,,True,True,True,True,False
2232,sched_arr_time,missing_value,,11:45 a.m.,1,,,True,True,True,True,False
2238,sched_arr_time,missing_value,,11:53 a.m.,1,,,True,True,True,True,False
2240,sched_arr_time,missing_value,,10:40 a.m.,1,,,True,True,True,True,False
2243,sched_arr_time,missing_value,,5:25 p.m.,1,,,True,True,True,True,False
2247,sched_arr_time,missing_value,,4:49 p.m.,1,,,True,True,True,True,False
1,act_arr_time,missing_value,,10:30 p.m.,1,,,True,True,True,True,False
2,act_arr_time,missing_value,,7:25 p.m.,1,,,True,True,True,True,False
5,act_arr_time,missing_value,,6:55 a.m.,1,,,True,True,True,True,False
31,act_arr_time,missing_value,,5:50 a.m.,1,,,True,True,True,True,False
32,act_arr_time,missing_value,,12:15 a.m.,1,,,True,True,True,True,False
33,act_arr_time,missing_value,,11:50 p.m.,1,,,True,True,True,True,False
36,act_arr_time,missing_value,,3:50 p.m.,1,,,True,True,True,True,False
37,act_arr_time,missing_value,,9:20 p.m.,1,,,True,True,True,True,False
51,act_arr_time,missing_value,,10:29 p.m.,1,,,True,True,True,True,False
57,act_arr_time,missing_value,,3:31 p.m.,1,,,True,True,True,True,False
62,act_arr_time,missing_value,,5:26 a.m.,1,,,True,True,True,True,False
64,act_arr_time,missing_value,,9:14 a.m.,1,,,True,True,True,True,False
65,act_arr_time,missing_value,,1:19 p.m.,1,,,True,True,True,True,False
71,act_arr_time,missing_value,,7:10 p.m.,1,,,True,True,True,True,False
72,act_arr_time,missing_value,,11:32 a.m.,1,,,True,True,True,True,False
75,act_arr_time,missing_value,,1:14 p.m.,1,,,True,True,True,True,False
78,act_arr_time,missing_value,,10:27 a.m.,1,,,True,True,True,True,False
79,act_arr_time,missing_value,,10:56 a.m.,1,,,True,True,True,True,False
87,act_arr_time,missing_value,,8:03 p.m.,1,,,True,True,True,True,False
88,act_arr_time,missing_value,,9:52 p.m.,1,,,True,True,True,True,False
91,act_arr_time,missing_value,,3:33 p.m.,1,,,True,True,True,True,False
96,act_arr_time,missing_value,,12:21 a.m.,1,,,True,True,True,True,False
98,act_arr_time,missing_value,,12:09 p.m.,1,,,True,True,True,True,False
106,act_arr_time,missing_value,,6:34 p.m.,1,,,True,True,True,True,False
111,act_arr_time,missing_value,,4:17 p.m.,1,,,True,True,True,True,False
120,act_arr_time,missing_value,,4:59 p.m.,1,,,True,True,True,True,False
122,act_arr_time,missing_value,,5:11 a.m.,1,,,True,True,True,True,False
128,act_arr_time,missing_value,,7:10 p.m.,1,,,True,True,True,True,False
129,act_arr_time,missing_value,,11:56 a.m.,1,,,True,True,True,True,False
135,act_arr_time,missing_value,,12:09 p.m.,1,,,True,True,True,True,False
142,act_arr_time,missing_value,,5:26 p.m.,1,,,True,True,True,True,False
146,act_arr_time,missing_value,,6:36 p.m.,1,,,True,True,True,True,False
190,act_arr_time,missing_value,,5:34 p.m.,1,,,True,True,True,True,False
210,act_arr_time,missing_value,,5:50 a.m.,1,,,True,True,True,True,False
220,act_arr_time,missing_value,,5:11 a.m.,1,,,True,True,True,True,False
221,act_arr_time,missing_value,,6:40 p.m.,1,,,True,True,True,True,False
250,act_arr_time,missing_value,,9:32 a.m.,1,,,True,True,True,True,False
253,act_arr_time,missing_value,,9:43 a.m.,1,,,True,True,True,True,False
254,act_arr_time,missing_value,,10:30 p.m.,1,,,True,True,True,True,False
256,act_arr_time,missing_value,,5:17 p.m.,1,,,True,True,True,True,False
257,act_arr_time,missing_value,,3:31 p.m.,1,,,True,True,True,True,False
258,act_arr_time,missing_value,,4:56 p.m.,1,,,True,True,True,True,False
259,act_arr_time,missing_value,,11:21 a.m.,1,,,True,True,True,True,False
261,act_arr_time,missing_value,,7:17 a.m.,1,,,True,True,True,True,False
262,act_arr_time,missing_value,,2:50 p.m.,1,,,True,True,True,True,False
263,act_arr_time,missing_value,,6:28 p.m.,1,,,True,True,True,True,False
264,act_arr_time,missing_value,,1:19 p.m.,1,,,True,True,True,True,False
265,act_arr_time,missing_value,,9:45 a.m.,1,,,True,True,True,True,False
266,act_arr_time,missing_value,,9:56 a.m.,1,,,True,True,True,True,False
267,act_arr_time,missing_value,,7:39 p.m.,1,,,True,True,True,True,False
268,act_arr_time,missing_value,,7:10 p.m.,1,,,True,True,True,True,False
269,act_arr_time,missing_value,,4:09 p.m.,1,,,True,True,True,True,False
271,act_arr_time,missing_value,,5:05 p.m.,1,,,True,True,True,True,False
272,act_arr_time,missing_value,,10:27 a.m.,1,,,True,True,True,True,False
273,act_arr_time,missing_value,,10:56 a.m.,1,,,True,True,True,True,False
274,act_arr_time,missing_value,,1:40 p.m.,1,,,True,True,True,True,False
276,act_arr_time,missing_value,,8:06 a.m.,1,,,True,True,True,True,False
278,act_arr_time,missing_value,,5:26 a.m.,1,,,True,True,True,True,False
280,act_arr_time,missing_value,,2:10 p.m.,1,,,True,True,True,True,False
281,act_arr_time,missing_value,,1:15 p.m.,1,,,True,True,True,True,False
286,act_arr_time,missing_value,,11:32 a.m.,1,,,True,True,True,True,False
287,act_arr_time,missing_value,,8:53 p.m.,1,,,True,True,True,True,False
289,act_arr_time,missing_value,,12:21 a.m.,1,,,True,True,True,True,False
290,act_arr_time,missing_value,,7:58 p.m.,1,,,True,True,True,True,False
291,act_arr_time,missing_value,,12:09 p.m.,1,,,True,True,True,True,False
292,act_arr_time,missing_value,,7:51 a.m.,1,,,True,True,True,True,False
294,act_arr_time,missing_value,,6:38 p.m.,1,,,True,True,True,True,False
295,act_arr_time,missing_value,,7:36 p.m.,1,,,True,True,True,True,False
296,act_arr_time,missing_value,,9:53 p.m.,1,,,True,True,True,True,False
297,act_arr_time,missing_value,,6:34 p.m.,1,,,True,True,True,True,False
298,act_arr_time,missing_value,,10:47 a.m.,1,,,True,True,True,True,False
300,act_arr_time,missing_value,,4:23 p.m.,1,,,True,True,True,True,False
303,act_arr_time,missing_value,,12:15 a.m.,1,,,True,True,True,True,False
307,act_arr_time,missing_value,,5:42 p.m.,1,,,True,True,True,True,False
308,act_arr_time,missing_value,,9:13 a.m.,1,,,True,True,True,True,False
309,act_arr_time,missing_value,,3:50 p.m.,1,,,True,True,True,True,False
310,act_arr_time,missing_value,,4:59 p.m.,1,,,True,True,True,True,False
311,act_arr_time,missing_value,,8:45 a.m.,1,,,True,True,True,True,False
312,act_arr_time,missing_value,,8:02 a.m.,1,,,True,True,True,True,False
313,act_arr_time,missing_value,,2:00 p.m.,1,,,True,True,True,True,False
314,act_arr_time,missing_value,,9:20 p.m.,1,,,True,True,True,True,False
315,act_arr_time,missing_value,,4:44 p.m.,1,,,True,True,True,True,False
316,act_arr_time,missing_value,,7:10 p.m.,1,,,True,True,True,True,False
317,act_arr_time,missing_value,,3:43 p.m.,1,,,True,True,True,True,False
318,act_arr_time,missing_value,,5:43 p.m.,1,,,True,True,True,True,False
320,act_arr_time,missing_value,,4:47 p.m.,1,,,True,True,True,True,False
321,act_arr_time,missing_value,,1:43 p.m.,1,,,True,True,True,True,False
322,act_arr_time,missing_value,,11:01 a.m.,1,,,True,True,True,True,False
323,act_arr_time,missing_value,,12:09 p.m.,1,,,True,True,True,True,False
326,act_arr_time,missing_value,,10:16 a.m.,1,,,True,True,True,True,False
327,act_arr_time,missing_value,,6:43 p.m.,1,,,True,True,True,True,False
328,act_arr_time,missing_value,,6:15 p.m.,1,,,True,True,True,True,False
329,act_arr_time,missing_value,,5:26 p.m.,1,,,True,True,True,True,False
330,act_arr_time,missing_value,,5:38 p.m.,1,,,True,True,True,True,False
331,act_arr_time,missing_value,,12:50 p.m.,1,,,True,True,True,True,False
333,act_arr_time,missing_value,,6:36 p.m.,1,,,True,True,True,True,False
334,act_arr_time,missing_value,,6:19 a.m.,1,,,True,True,True,True,False
336,act_arr_time,missing_value,,3:14 p.m.,1,,,True,True,True,True,False
338,act_arr_time,missing_value,,10:29 p.m.,1,,,True,True,True,True,False
344,act_arr_time,missing_value,,3:31 p.m.,1,,,True,True,True,True,False
349,act_arr_time,missing_value,,5:26 a.m.,1,,,True,True,True,True,False
351,act_arr_time,missing_value,,9:14 a.m.,1,,,True,True,True,True,False
352,act_arr_time,missing_value,,1:19 p.m.,1,,,True,True,True,True,False
358,act_arr_time,missing_value,,7:10 p.m.,1,,,True,True,True,True,False
359,act_arr_time,missing_value,,11:32 a.m.,1,,,True,True,True,True,False
362,act_arr_time,missing_value,,1:14 p.m.,1,,,True,True,True,True,False
365,act_arr_time,missing_value,,10:27 a.m.,1,,,True,True,True,True,False
366,act_arr_time,missing_value,,10:56 a.m.,1,,,True,True,True,True,False
374,act_arr_time,missing_value,,8:03 p.m.,1,,,True,True,True,True,False
375,act_arr_time,missing_value,,9:52 p.m.,1,,,True,True,True,True,False
378,act_arr_time,missing_value,,3:33 p.m.,1,,,True,True,True,True,False
383,act_arr_time,missing_value,,12:21 a.m.,1,,,True,True,True,True,False
385,act_arr_time,missing_value,,12:09 p.m.,1,,,True,True,True,True,False
393,act_arr_time,missing_value,,6:34 p.m.,1,,,True,True,True,True,False
398,act_arr_time,missing_value,,4:17 p.m.,1,,,True,True,True,True,False
407,act_arr_time,missing_value,,4:59 p.m.,1,,,True,True,True,True,False
409,act_arr_time,missing_value,,5:11 a.m.,1,,,True,True,True,True,False
415,act_arr_time,missing_value,,7:10 p.m.,1,,,True,True,True,True,False
416,act_arr_time,missing_value,,11:56 a.m.,1,,,True,True,True,True,False
422,act_arr_time,missing_value,,12:09 p.m.,1,,,True,True,True,True,False
429,act_arr_time,missing_value,,5:26 p.m.,1,,,True,True,True,True,False
433,act_arr_time,missing_value,,6:36 p.m.,1,,,True,True,True,True,False
442,act_arr_time,missing_value,,10:30 p.m.,1,,,True,True,True,True,False
447,act_arr_time,missing_value,,6:55 a.m.,1,,,True,True,True,True,False
480,act_arr_time,missing_value,,7:25 p.m.,1,,,True,True,True,True,False
482,act_arr_time,missing_value,,12:21 a.m.,1,,,True,True,True,True,False
497,act_arr_time,missing_value,,5:50 a.m.,1,,,True,True,True,True,False
498,act_arr_time,missing_value,,12:29 a.m.,1,,,True,True,True,True,False
499,act_arr_time,missing_value,,12:15 a.m.,1,,,True,True,True,True,False
500,act_arr_time,missing_value,,11:50 p.m.,1,,,True,True,True,True,False
504,act_arr_time,missing_value,,3:50 p.m.,1,,,True,True,True,True,False
507,act_arr_time,missing_value,,5:11 a.m.,1,,,True,True,True,True,False
508,act_arr_time,missing_value,,6:40 p.m.,1,,,True,True,True,True,False
607,act_arr_time,missing_value,,5:11 a.m.,1,,,True,True,True,True,False
634,act_arr_time,missing_value,,10:30 p.m.,1,,,True,True,True,True,False
639,act_arr_time,missing_value,,6:55 a.m.,1,,,True,True,True,True,False
672,act_arr_time,missing_value,,7:25 p.m.,1,,,True,True,True,True,False
674,act_arr_time,missing_value,,12:21 a.m.,1,,,True,True,True,True,False
689,act_arr_time,missing_value,,5:50 a.m.,1,,,True,True,True,True,False
690,act_arr_time,missing_value,,12:29 a.m.,1,,,True,True,True,True,False
691,act_arr_time,missing_value,,12:15 a.m.,1,,,True,True,True,True,False
692,act_arr_time,missing_value,,11:50 p.m.,1,,,True,True,True,True,False
696,act_arr_time,missing_value,,3:50 p.m.,1,,,True,True,True,True,False
699,act_arr_time,missing_value,,5:11 a.m.,1,,,True,True,True,True,False
700,act_arr_time,missing_value,,6:40 p.m.,1,,,True,True,True,True,False
734,act_arr_time,missing_value,,7:25 p.m.,1,,,True,True,True,True,False
737,act_arr_time,missing_value,,6:55 a.m.,1,,,True,True,True,True,False
756,act_arr_time,missing_value,,5:34 p.m.,1,,,True,True,True,True,False
771,act_arr_time,missing_value,,5:50 a.m.,1,,,True,True,True,True,False
772,act_arr_time,missing_value,,12:15 a.m.,1,,,True,True,True,True,False
773,act_arr_time,missing_value,,11:50 p.m.,1,,,True,True,True,True,False
777,act_arr_time,missing_value,,3:50 p.m.,1,,,True,True,True,True,False
779,act_arr_time,missing_value,,6:40 p.m.,1,,,True,True,True,True,False
783,act_arr_time,missing_value,,12:29 a.m.,1,,,True,True,True,True,False
797,act_arr_time,missing_value,,3:21 p.m.,1,,,True,True,True,True,False
798,act_arr_time,missing_value,,3:30 p.m.,1,,,True,True,True,True,False
799,act_arr_time,missing_value,,11:50 p.m.,1,,,True,True,True,True,False
800,act_arr_time,missing_value,,4:09 p.m.,1,,,True,True,True,True,False
801,act_arr_time,missing_value,,3:04 p.m.,1,,,True,True,True,True,False
802,act_arr_time,missing_value,,7:39 p.m.,1,,,True,True,True,True,False
808,act_arr_time,missing_value,,9:53 p.m.,1,,,True,True,True,True,False
810,act_arr_time,missing_value,,12:09 p.m.,1,,,True,True,True,True,False
816,act_arr_time,missing_value,,10:30 p.m.,1,,,True,True,True,True,False
821,act_arr_time,missing_value,,6:55 a.m.,1,,,True,True,True,True,False
854,act_arr_time,missing_value,,7:25 p.m.,1,,,True,True,True,True,False
856,act_arr_time,missing_value,,12:21 a.m.,1,,,True,True,True,True,False
871,act_arr_time,missing_value,,5:50 a.m.,1,,,True,True,True,True,False
872,act_arr_time,missing_value,,12:29 a.m.,1,,,True,True,True,True,False
873,act_arr_time,missing_value,,12:15 a.m.,1,,,True,True,True,True,False
874,act_arr_time,missing_value,,11:50 p.m.,1,,,True,True,True,True,False
878,act_arr_time,missing_value,,3:50 p.m.,1,,,True,True,True,True,False
881,act_arr_time,missing_value,,5:11 a.m.,1,,,True,True,True,True,False
882,act_arr_time,missing_value,,6:40 p.m.,1,,,True,True,True,True,False
913,act_arr_time,missing_value,,9:43 a.m.,1,,,True,True,True,True,False
915,act_arr_time,missing_value,,7:17 a.m.,1,,,True,True,True,True,False
916,act_arr_time,missing_value,,5:26 a.m.,1,,,True,True,True,True,False
918,act_arr_time,missing_value,,1:19 p.m.,1,,,True,True,True,True,False
919,act_arr_time,missing_value,,9:45 a.m.,1,,,True,True,True,True,False
920,act_arr_time,missing_value,,7:10 p.m.,1,,,True,True,True,True,False
933,act_arr_time,missing_value,,12:09 p.m.,1,,,True,True,True,True,False
936,act_arr_time,missing_value,,9:53 p.m.,1,,,True,True,True,True,False
937,act_arr_time,missing_value,,6:34 p.m.,1,,,True,True,True,True,False
946,act_arr_time,missing_value,,9:13 a.m.,1,,,True,True,True,True,False
947,act_arr_time,missing_value,,5:11 a.m.,1,,,True,True,True,True,False
948,act_arr_time,missing_value,,6:40 p.m.,1,,,True,True,True,True,False
949,act_arr_time,missing_value,,8:02 a.m.,1,,,True,True,True,True,False
955,act_arr_time,missing_value,,4:47 p.m.,1,,,True,True,True,True,False
956,act_arr_time,missing_value,,8:45 a.m.,1,,,True,True,True,True,False
958,act_arr_time,missing_value,,11:01 a.m.,1,,,True,True,True,True,False
959,act_arr_time,missing_value,,12:09 p.m.,1,,,True,True,True,True,False
962,act_arr_time,missing_value,,4:56 p.m.,1,,,True,True,True,True,False
963,act_arr_time,missing_value,,6:15 p.m.,1,,,True,True,True,True,False
1075,act_arr_time,missing_value,,10:30 p.m.,1,,,True,True,True,True,False
1080,act_arr_time,missing_value,,6:55 a.m.,1,,,True,True,True,True,False
1113,act_arr_time,missing_value,,7:25 p.m.,1,,,True,True,True,True,False
1115,act_arr_time,missing_value,,12:21 a.m.,1,,,True,True,True,True,False
1130,act_arr_time,missing_value,,5:50 a.m.,1,,,True,True,True,True,False
1131,act_arr_time,missing_value,,12:29 a.m.,1,,,True,True,True,True,False
1132,act_arr_time,missing_value,,12:15 a.m.,1,,,True,True,True,True,False
1133,act_arr_time,missing_value,,11:50 p.m.,1,,,True,True,True,True,False
1137,act_arr_time,missing_value,,3:50 p.m.,1,,,True,True,True,True,False
1140,act_arr_time,missing_value,,5:11 a.m.,1,,,True,True,True,True,False
1141,act_arr_time,missing_value,,6:40 p.m.,1,,,True,True,True,True,False
1170,act_arr_time,missing_value,,9:32 a.m.,1,,,True,True,True,True,False
1173,act_arr_time,missing_value,,9:43 a.m.,1,,,True,True,True,True,False
1174,act_arr_time,missing_value,,10:30 p.m.,1,,,True,True,True,True,False
1178,act_arr_time,missing_value,,7:39 p.m.,1,,,True,True,True,True,False
1181,act_arr_time,missing_value,,5:05 p.m.,1,,,True,True,True,True,False
1182,act_arr_time,missing_value,,1:40 p.m.,1,,,True,True,True,True,False
1189,act_arr_time,missing_value,,5:34 p.m.,1,,,True,True,True,True,False
1191,act_arr_time,missing_value,,8:53 p.m.,1,,,True,True,True,True,False
1196,act_arr_time,missing_value,,6:34 p.m.,1,,,True,True,True,True,False
1198,act_arr_time,missing_value,,4:23 p.m.,1,,,True,True,True,True,False
1204,act_arr_time,missing_value,,5:11 a.m.,1,,,True,True,True,True,False
1205,act_arr_time,missing_value,,6:40 p.m.,1,,,True,True,True,True,False
1212,act_arr_time,missing_value,,1:43 p.m.,1,,,True,True,True,True,False
1213,act_arr_time,missing_value,,11:01 a.m.,1,,,True,True,True,True,False
1214,act_arr_time,missing_value,,12:09 p.m.,1,,,True,True,True,True,False
1219,act_arr_time,missing_value,,4:56 p.m.,1,,,True,True,True,True,False
1220,act_arr_time,missing_value,,6:15 p.m.,1,,,True,True,True,True,False
1221,act_arr_time,missing_value,,6:19 a.m.,1,,,True,True,True,True,False
1224,act_arr_time,missing_value,,10:29 p.m.,1,,,True,True,True,True,False
1230,act_arr_time,missing_value,,3:31 p.m.,1,,,True,True,True,True,False
1235,act_arr_time,missing_value,,5:26 a.m.,1,,,True,True,True,True,False
1237,act_arr_time,missing_value,,9:14 a.m.,1,,,True,True,True,True,False
1238,act_arr_time,missing_value,,1:19 p.m.,1,,,True,True,True,True,False
1244,act_arr_time,missing_value,,7:10 p.m.,1,,,True,True,True,True,False
1245,act_arr_time,missing_value,,11:32 a.m.,1,,,True,True,True,True,False
1248,act_arr_time,missing_value,,1:14 p.m.,1,,,True,True,True,True,False
1251,act_arr_time,missing_value,,10:27 a.m.,1,,,True,True,True,True,False
1252,act_arr_time,missing_value,,10:56 a.m.,1,,,True,True,True,True,False
1260,act_arr_time,missing_value,,8:03 p.m.,1,,,True,True,True,True,False
1261,act_arr_time,missing_value,,9:52 p.m.,1,,,True,True,True,True,False
1264,act_arr_time,missing_value,,3:33 p.m.,1,,,True,True,True,True,False
1269,act_arr_time,missing_value,,12:21 a.m.,1,,,True,True,True,True,False
1271,act_arr_time,missing_value,,12:09 p.m.,1,,,True,True,True,True,False
1279,act_arr_time,missing_value,,6:34 p.m.,1,,,True,True,True,True,False
1284,act_arr_time,missing_value,,4:17 p.m.,1,,,True,True,True,True,False
1293,act_arr_time,missing_value,,4:59 p.m.,1,,,True,True,True,True,False
1295,act_arr_time,missing_value,,5:11 a.m.,1,,,True,True,True,True,False
1301,act_arr_time,missing_value,,7:10 p.m.,1,,,True,True,True,True,False
1302,act_arr_time,missing_value,,11:56 a.m.,1,,,True,True,True,True,False
1308,act_arr_time,missing_value,,12:09 p.m.,1,,,True,True,True,True,False
1315,act_arr_time,missing_value,,5:26 p.m.,1,,,True,True,True,True,False
1319,act_arr_time,missing_value,,6:36 p.m.,1,,,True,True,True,True,False
1327,act_arr_time,missing_value,,9:43 a.m.,1,,,True,True,True,True,False
1328,act_arr_time,missing_value,,10:30 p.m.,1,,,True,True,True,True,False
1332,act_arr_time,missing_value,,11:21 a.m.,1,,,True,True,True,True,False
1333,act_arr_time,missing_value,,6:55 a.m.,1,,,True,True,True,True,False
1337,act_arr_time,missing_value,,9:14 a.m.,1,,,True,True,True,True,False
1356,act_arr_time,missing_value,,3:21 p.m.,1,,,True,True,True,True,False
1361,act_arr_time,missing_value,,9:52 p.m.,1,,,True,True,True,True,False
1366,act_arr_time,missing_value,,7:25 p.m.,1,,,True,True,True,True,False
1368,act_arr_time,missing_value,,12:21 a.m.,1,,,True,True,True,True,False
1383,act_arr_time,missing_value,,5:50 a.m.,1,,,True,True,True,True,False
1384,act_arr_time,missing_value,,12:29 a.m.,1,,,True,True,True,True,False
1385,act_arr_time,missing_value,,12:15 a.m.,1,,,True,True,True,True,False
1386,act_arr_time,missing_value,,11:50 p.m.,1,,,True,True,True,True,False
1389,act_arr_time,missing_value,,3:50 p.m.,1,,,True,True,True,True,False
1392,act_arr_time,missing_value,,5:11 a.m.,1,,,True,True,True,True,False
1393,act_arr_time,missing_value,,6:40 p.m.,1,,,True,True,True,True,False
1396,act_arr_time,missing_value,,9:20 p.m.,1,,,True,True,True,True,False
1399,act_arr_time,missing_value,,11:56 a.m.,1,,,True,True,True,True,False
1422,act_arr_time,missing_value,,4:09 p.m.,1,,,True,True,True,True,False
1423,act_arr_time,missing_value,,9:13 a.m.,1,,,True,True,True,True,False
1424,act_arr_time,missing_value,,3:43 p.m.,1,,,True,True,True,True,False
1425,act_arr_time,missing_value,,4:23 p.m.,1,,,True,True,True,True,False
1481,act_arr_time,missing_value,,11:58 a.m.,1,,,True,True,True,True,False
1482,act_arr_time,missing_value,,6:43 p.m.,1,,,True,True,True,True,False
1483,act_arr_time,missing_value,,11:44 a.m.,1,,,True,True,True,True,False
1484,act_arr_time,missing_value,,11:12 a.m.,1,,,True,True,True,True,False
1485,act_arr_time,missing_value,,5:42 p.m.,1,,,True,True,True,True,False
1486,act_arr_time,missing_value,,7:17 a.m.,1,,,True,True,True,True,False
1488,act_arr_time,missing_value,,10:29 p.m.,1,,,True,True,True,True,False
1494,act_arr_time,missing_value,,3:31 p.m.,1,,,True,True,True,True,False
1499,act_arr_time,missing_value,,5:26 a.m.,1,,,True,True,True,True,False
1501,act_arr_time,missing_value,,9:14 a.m.,1,,,True,True,True,True,False
1502,act_arr_time,missing_value,,1:19 p.m.,1,,,True,True,True,True,False
1508,act_arr_time,missing_value,,7:10 p.m.,1,,,True,True,True,True,False
1509,act_arr_time,missing_value,,11:32 a.m.,1,,,True,True,True,True,False
1512,act_arr_time,missing_value,,1:14 p.m.,1,,,True,True,True,True,False
1515,act_arr_time,missing_value,,10:27 a.m.,1,,,True,True,True,True,False
1516,act_arr_time,missing_value,,10:56 a.m.,1,,,True,True,True,True,False
1524,act_arr_time,missing_value,,8:03 p.m.,1,,,True,True,True,True,False
1525,act_arr_time,missing_value,,9:52 p.m.,1,,,True,True,True,True,False
1528,act_arr_time,missing_value,,3:33 p.m.,1,,,True,True,True,True,False
1533,act_arr_time,missing_value,,12:21 a.m.,1,,,True,True,True,True,False
1535,act_arr_time,missing_value,,12:09 p.m.,1,,,True,True,True,True,False
1543,act_arr_time,missing_value,,6:34 p.m.,1,,,True,True,True,True,False
1548,act_arr_time,missing_value,,4:17 p.m.,1,,,True,True,True,True,False
1557,act_arr_time,missing_value,,4:59 p.m.,1,,,True,True,True,True,False
1559,act_arr_time,missing_value,,5:11 a.m.,1,,,True,True,True,True,False
1565,act_arr_time,missing_value,,7:10 p.m.,1,,,True,True,True,True,False
1566,act_arr_time,missing_value,,11:56 a.m.,1,,,True,True,True,True,False
1572,act_arr_time,missing_value,,12:09 p.m.,1,,,True,True,True,True,False
1579,act_arr_time,missing_value,,5:26 p.m.,1,,,True,True,True,True,False
1583,act_arr_time,missing_value,,6:36 p.m.,1,,,True,True,True,True,False
1587,act_arr_time,missing_value,,10:30 p.m.,1,,,True,True,True,True,False
1589,act_arr_time,missing_value,,9:43 a.m.,1,,,True,True,True,True,False
1590,act_arr_time,missing_value,,7:25 p.m.,1,,,True,True,True,True,False
1592,act_arr_time,missing_value,,11:21 a.m.,1,,,True,True,True,True,False
1593,act_arr_time,missing_value,,6:55 a.m.,1,,,True,True,True,True,False
1604,act_arr_time,missing_value,,3:21 p.m.,1,,,True,True,True,True,False
1608,act_arr_time,missing_value,,9:52 p.m.,1,,,True,True,True,True,False
1617,act_arr_time,missing_value,,12:29 a.m.,1,,,True,True,True,True,False
1619,act_arr_time,missing_value,,11:50 p.m.,1,,,True,True,True,True,False
1625,act_arr_time,missing_value,,5:11 a.m.,1,,,True,True,True,True,False
1626,act_arr_time,missing_value,,9:20 p.m.,1,,,True,True,True,True,False
1637,act_arr_time,missing_value,,9:32 a.m.,1,,,True,True,True,True,False
1638,act_arr_time,missing_value,,7:51 a.m.,1,,,True,True,True,True,False
1639,act_arr_time,missing_value,,9:31 a.m.,1,,,True,True,True,True,False
1640,act_arr_time,missing_value,,3:43 p.m.,1,,,True,True,True,True,False
1641,act_arr_time,missing_value,,11:06 a.m.,1,,,True,True,True,True,False
1642,act_arr_time,missing_value,,9:53 p.m.,1,,,True,True,True,True,False
1643,act_arr_time,missing_value,,7:36 p.m.,1,,,True,True,True,True,False
1644,act_arr_time,missing_value,,3:13 p.m.,1,,,True,True,True,True,False
1645,act_arr_time,missing_value,,8:53 p.m.,1,,,True,True,True,True,False
1646,act_arr_time,missing_value,,8:06 a.m.,1,,,True,True,True,True,False
1647,act_arr_time,missing_value,,4:23 p.m.,1,,,True,True,True,True,False
1648,act_arr_time,missing_value,,2:50 p.m.,1,,,True,True,True,True,False
1649,act_arr_time,missing_value,,6:15 p.m.,1,,,True,True,True,True,False
1650,act_arr_time,missing_value,,5:50 a.m.,1,,,True,True,True,True,False
1651,act_arr_time,missing_value,,4:56 p.m.,1,,,True,True,True,True,False
1652,act_arr_time,missing_value,,2:10 p.m.,1,,,True,True,True,True,False
1653,act_arr_time,missing_value,,10:30 p.m.,1,,,True,True,True,True,False
1654,act_arr_time,missing_value,,12:50 p.m.,1,,,True,True,True,True,False
1655,act_arr_time,missing_value,,5:11 a.m.,1,,,True,True,True,True,False
1656,act_arr_time,missing_value,,2:46 p.m.,1,,,True,True,True,True,False
1657,act_arr_time,missing_value,,5:34 p.m.,1,,,True,True,True,True,False
1658,act_arr_time,missing_value,,10:16 a.m.,1,,,True,True,True,True,False
1659,act_arr_time,missing_value,,3:33 p.m.,1,,,True,True,True,True,False
1660,act_arr_time,missing_value,,7:58 p.m.,1,,,True,True,True,True,False
1763,act_arr_time,missing_value,,10:30 p.m.,1,,,True,True,True,True,False
1768,act_arr_time,missing_value,,6:55 a.m.,1,,,True,True,True,True,False
1801,act_arr_time,missing_value,,7:25 p.m.,1,,,True,True,True,True,False
1803,act_arr_time,missing_value,,12:21 a.m.,1,,,True,True,True,True,False
1818,act_arr_time,missing_value,,5:50 a.m.,1,,,True,True,True,True,False
1819,act_arr_time,missing_value,,12:29 a.m.,1,,,True,True,True,True,False
1820,act_arr_time,missing_value,,12:15 a.m.,1,,,True,True,True,True,False
1821,act_arr_time,missing_value,,11:50 p.m.,1,,,True,True,True,True,False
1825,act_arr_time,missing_value,,3:50 p.m.,1,,,True,True,True,True,False
1828,act_arr_time,missing_value,,5:11 a.m.,1,,,True,True,True,True,False
1829,act_arr_time,missing_value,,6:40 p.m.,1,,,True,True,True,True,False
1928,act_arr_time,missing_value,,5:11 a.m.,1,,,True,True,True,True,False
1955,act_arr_time,missing_value,,10:30 p.m.,1,,,True,True,True,True,False
1960,act_arr_time,missing_value,,6:55 a.m.,1,,,True,True,True,True,False
1993,act_arr_time,missing_value,,7:25 p.m.,1,,,True,True,True,True,False
1995,act_arr_time,missing_value,,12:21 a.m.,1,,,True,True,True,True,False
2010,act_arr_time,missing_value,,5:50 a.m.,1,,,True,True,True,True,False
2011,act_arr_time,missing_value,,12:29 a.m.,1,,,True,True,True,True,False
2012,act_arr_time,missing_value,,12:15 a.m.,1,,,True,True,True,True,False
2013,act_arr_time,missing_value,,11:50 p.m.,1,,,True,True,True,True,False
2017,act_arr_time,missing_value,,3:50 p.m.,1,,,True,True,True,True,False
2020,act_arr_time,missing_value,,5:11 a.m.,1,,,True,True,True,True,False
2021,act_arr_time,missing_value,,6:40 p.m.,1,,,True,True,True,True,False
2055,act_arr_time,missing_value,,10:30 p.m.,1,,,True,True,True,True,False
2060,act_arr_time,missing_value,,6:55 a.m.,1,,,True,True,True,True,False
2093,act_arr_time,missing_value,,7:25 p.m.,1,,,True,True,True,True,False
2095,act_arr_time,missing_value,,12:21 a.m.,1,,,True,True,True,True,False
2110,act_arr_time,missing_value,,5:50 a.m.,1,,,True,True,True,True,False
2111,act_arr_time,missing_value,,12:29 a.m.,1,,,True,True,True,True,False
2112,act_arr_time,missing_value,,12:15 a.m.,1,,,True,True,True,True,False
2113,act_arr_time,missing_value,,11:50 p.m.,1,,,True,True,True,True,False
2117,act_arr_time,missing_value,,3:50 p.m.,1,,,True,True,True,True,False
2120,act_arr_time,missing_value,,5:11 a.m.,1,,,True,True,True,True,False
2121,act_arr_time,missing_value,,6:40 p.m.,1,,,True,True,True,True,False
2150,act_arr_time,missing_value,,3:31 p.m.,1,,,True,True,True,True,False
2151,act_arr_time,missing_value,,1:14 p.m.,1,,,True,True,True,True,False
2152,act_arr_time,missing_value,,12:15 a.m.,1,,,True,True,True,True,False
2153,act_arr_time,missing_value,,7:36 p.m.,1,,,True,True,True,True,False
2154,act_arr_time,missing_value,,3:13 p.m.,1,,,True,True,True,True,False
2160,act_arr_time,missing_value,,10:30 p.m.,1,,,True,True,True,True,False
2165,act_arr_time,missing_value,,6:55 a.m.,1,,,True,True,True,True,False
2198,act_arr_time,missing_value,,7:25 p.m.,1,,,True,True,True,True,False
2200,act_arr_time,missing_value,,12:21 a.m.,1,,,True,True,True,True,False
2215,act_arr_time,missing_value,,5:50 a.m.,1,,,True,True,True,True,False
2216,act_arr_time,missing_value,,12:29 a.m.,1,,,True,True,True,True,False
2217,act_arr_time,missing_value,,12:15 a.m.,1,,,True,True,True,True,False
2218,act_arr_time,missing_value,,11:50 p.m.,1,,,True,True,True,True,False
2222,act_arr_time,missing_value,,3:50 p.m.,1,,,True,True,True,True,False
2225,act_arr_time,missing_value,,5:11 a.m.,1,,,True,True,True,True,False
2226,act_arr_time,missing_value,,6:40 p.m.,1,,,True,True,True,True,False
